bank_id,bank_name,city,district,state,latitude,longitude,data_source,collected_at_utc,directory_snapshot
official_1,NALCO Hospital Blood Bank,Damanjodi,Koraput,Odisha,18.760347,82.9011261,Esri India Blood Bank Directory 2017 (MoHFW/data.gov.in),2026-08-19T17:39:10.719610+00:00,2017 (historical; not live availability)
official_2,Military Hospital Blood Bank,Ajmer,Ajmer,Rajasthan,26.310265,74.727086,Esri India Blood Bank Directory 2017 (MoHFW/data.gov.in),2026-08-19T17:39:10.719610+00:00,2017 (historical; not live availability)
official_3,Military Hospital Blood Bank,Jodhpur,Jodhpur,Rajasthan,26.289543,73.047169,Esri India Blood Bank Directory 2017 (MoHFW/data.gov.in),2026-08-19T17:39:10.719610+00:00,2017 (historical; not live availability)
official_4,Jain Pathology Laboratory and Blood Bank,Mandsaur,Mandsaur,Madhya Pradesh,24.5550033,75.1727662,Esri India Blood Bank Directory 2017 (MoHFW/data.gov.in),2026-08-19T17:39:10.719610+00:00,2017 (historical; not live availability)
official_5,Sree Narayana Institute of Medical Sciences Blood Bank,North Kuthyathode,Ernakulam,Kerala,10.156697,76.282305,Esri India Blood Bank Directory 2017 (MoHFW/data.gov.in),2026-08-19T17:39:10.719610+00:00,2017 (historical; not live availability)
official_6,Nirmala Hospital Blood Bank,Marrikunnu,Kozhikode,Kerala,11.291596,75.823253,Esri India Blood Bank Directory 2017 (MoHFW/data.gov.in),2026-08-19T17:39:10.719610+00:00,2017 (historical; not live availability)
official_7,Padhar Hospital Blood Bank,Padhar,Betul,Madhya Pradesh,22.055189,77.86498,Esri India Blood Bank Directory 2017 (MoHFW/data.gov.in),2026-08-19T17:39:10.719610+00:00,2017 (historical; not live availability)
official_8,General Chest Hospital,Hyderabad,Hyderabad,Telangana,17.445384,78.434951,Esri India Blood Bank Directory 2017 (MoHFW/data.gov.in),2026-08-19T17:39:10.719610+00:00,2017 (historical; not live availability)
official_9,Lok Priya Hospital Blood Bank,Ghaziabad,Ghaziabad,Uttar Pradesh,28.968368,77.730589,Esri India Blood Bank Directory 2017 (MoHFW/data.gov.in),2026-08-19T17:39:10.719610+00:00,2017 (historical; not live availability)
official_10,Naveen Hospital,Dadri,Gautam Buddha Nagar,Uttar Pradesh,28.477615,77.518568,Esri India Blood Bank Directory 2017 (MoHFW/data.gov.in),2026-08-19T17:39:10.719610+00:00,2017 (historical; not live availability)
official_11,District Hospital Blood Bank Haveri,Haveri,Haveri,Karnataka,14.785408,75.403059,Esri India Blood Bank Directory 2017 (MoHFW/data.gov.in),2026-08-19T17:39:10.719610+00:00,2017 (historical; not live availability)
official_12,Shripad Hegde Kadave Institute of Medical Sciences Blood Bank,Sirsi,Uttara Kannada,Karnataka,14.632385,74.848338,Esri India Blood Bank Directory 2017 (MoHFW/data.gov.in),2026-08-19T17:39:10.719610+00:00,2017 (historical; not live availability)
official_13,District Hospital Blood Bank Manjeri,Manjeri,Malappuram,Kerala,11.116071,76.120541,Esri India Blood Bank Directory 2017 (MoHFW/data.gov.in),2026-08-19T17:39:10.719610+00:00,2017 (historical; not live availability)
official_14,K. L. E. Society Blood Bank,Ankola,Uttara Kannada,Karnataka,14.661796,74.309805,Esri India Blood Bank Directory 2017 (MoHFW/data.gov.in),2026-08-19T17:39:10.719610+00:00,2017 (historical; not live availability)
official_15,Shimoga Mid Town Rotary Charity Foundation Blood Bank,Shimoga,Shivamogga,Karnataka,13.94626,75.57832,Esri India Blood Bank Directory 2017 (MoHFW/data.gov.in),2026-08-19T17:39:10.719610+00:00,2017 (historical; not live availability)
official_16,Mary Immaculate Mission Hospital Blood Bank,Engandiyur,Thrissur,Kerala,10.508889,76.057764,Esri India Blood Bank Directory 2017 (MoHFW/data.gov.in),2026-08-19T17:39:10.719610+00:00,2017 (historical; not live availability)
official_17,Government Woman and Child Hospital Blood Bank,Kottapparamba,Kozhikode,Kerala,11.250764,75.78275,Esri India Blood Bank Directory 2017 (MoHFW/data.gov.in),2026-08-19T17:39:10.719610+00:00,2017 (historical; not live availability)
official_18,Josgiri Hospital Blood Bank,Thalasherry,Kannur,Kerala,11.759133,75.478803,Esri India Blood Bank Directory 2017 (MoHFW/data.gov.in),2026-08-19T17:39:10.719610+00:00,2017 (historical; not live availability)
official_19,A. J. Hospital and Research Centre Blood Bank,Mangalore,Dakshina Kannada,Karnataka,12.899478,74.845975,Esri India Blood Bank Directory 2017 (MoHFW/data.gov.in),2026-08-19T17:39:10.719610+00:00,2017 (historical; not live availability)
official_20,P. V. S. Hospital Private Limited Blood Bank,,Kozhikode,Kerala,11.242707,75.782934,Esri India Blood Bank Directory 2017 (MoHFW/data.gov.in),2026-08-19T17:39:10.719610+00:00,2017 (historical; not live availability)
official_21,Unity Hospital Private Limited Blood Bank,Kunnamkulam,Thrissur,Kerala,10.635746,76.081869,Esri India Blood Bank Directory 2017 (MoHFW/data.gov.in),2026-08-19T17:39:10.719610+00:00,2017 (historical; not live availability)
official_22,National Hospital Blood Bank,Kozhikode,Kozhikode,Kerala,11.259485,75.781234,Esri India Blood Bank Directory 2017 (MoHFW/data.gov.in),2026-08-19T17:39:10.719610+00:00,2017 (historical; not live availability)
official_23,Sara Memorial Medical laboratory and Blood Bank,,Kannur,Kerala,11.7494919,75.5229777,Esri India Blood Bank Directory 2017 (MoHFW/data.gov.in),2026-08-19T17:39:10.719610+00:00,2017 (historical; not live availability)
official_24,Subbaiah Medical College Blood Bank,Shimoga,Shivamogga,Karnataka,13.932932,75.617172,Esri India Blood Bank Directory 2017 (MoHFW/data.gov.in),2026-08-19T17:39:10.719610+00:00,2017 (historical; not live availability)
official_25,Fr. Mullers Charitable Instituitions Blood Bank,Mangalore,Dakshina Kannada,Karnataka,12.866805,74.85933,Esri India Blood Bank Directory 2017 (MoHFW/data.gov.in),2026-08-19T17:39:10.719610+00:00,2017 (historical; not live availability)
official_26,Karnataka Hemophillia Society Life Line Blood Bank,Davangere,Davangere,Karnataka,14.457405,75.902533,Esri India Blood Bank Directory 2017 (MoHFW/data.gov.in),2026-08-19T17:39:10.719610+00:00,2017 (historical; not live availability)
official_27,Kannur Medical college and Hospital (Prestige educational Trust) Blood Bank,Anjarakandy,Kannur,Kerala,11.875772,75.499253,Esri India Blood Bank Directory 2017 (MoHFW/data.gov.in),2026-08-19T17:39:10.719610+00:00,2017 (historical; not live availability)
official_28,Tellichery Co-operative Hospital Blood Bank,Thalassery,Kannur,Kerala,11.748758,75.486599,Esri India Blood Bank Directory 2017 (MoHFW/data.gov.in),2026-08-19T17:39:10.719610+00:00,2017 (historical; not live availability)
official_29,Kerala State Co-operative Hospital Complex and Centre for Advanced Medical Services Limited,Pariyaram,Kannur,Kerala,12.072392,75.294333,Esri India Blood Bank Directory 2017 (MoHFW/data.gov.in),2026-08-19T17:39:10.719610+00:00,2017 (historical; not live availability)
official_30,Yenepoya Medical College Blood Bank,Mangalore,Dakshina Kannada,Karnataka,12.81194,74.881231,Esri India Blood Bank Directory 2017 (MoHFW/data.gov.in),2026-08-19T17:39:10.719610+00:00,2017 (historical; not live availability)
official_31,Baby Memorial Hospital Blood Bank,Kozhikode,Kozhikode,Kerala,11.259595,75.792216,Esri India Blood Bank Directory 2017 (MoHFW/data.gov.in),2026-08-19T17:39:10.719610+00:00,2017 (historical; not live availability)
official_32,Sree Valsam Institute of Medical Sciences Blood Bank,Edappal,Malappuram,Kerala,10.765337,76.007335,Esri India Blood Bank Directory 2017 (MoHFW/data.gov.in),2026-08-19T17:39:10.719610+00:00,2017 (historical; not live availability)
official_33,Cannannore Co-operative Hospital Society Blood Bank,Kannur,Kannur,Kerala,11.764148,75.479831,Esri India Blood Bank Directory 2017 (MoHFW/data.gov.in),2026-08-19T17:39:10.719610+00:00,2017 (historical; not live availability)
official_34,Malabar Institute of Medical Sciences Blood Bank - Malappuram,Kottakkal,Malappuram,Kerala,10.995804,75.994034,Esri India Blood Bank Directory 2017 (MoHFW/data.gov.in),2026-08-19T17:39:10.719610+00:00,2017 (historical; not live availability)
official_35,Rotary Campco Blood Bank,Puttur,Dakshina Kannada,Karnataka,12.760706,75.198947,Esri India Blood Bank Directory 2017 (MoHFW/data.gov.in),2026-08-19T17:39:10.719610+00:00,2017 (historical; not live availability)
official_36,D. M. Wayanad Institute of Medical Sciences Blood Bank,Meppadi,Wayanad,Kerala,11.559371,76.160491,Esri India Blood Bank Directory 2017 (MoHFW/data.gov.in),2026-08-19T17:39:10.719610+00:00,2017 (historical; not live availability)
official_37,MMC Hospital Blood Bank,Atholi,Kozhikode,Kerala,11.433739,75.775293,Esri India Blood Bank Directory 2017 (MoHFW/data.gov.in),2026-08-19T17:39:10.719610+00:00,2017 (historical; not live availability)
official_38,M/s. Leo Hospital Blood Bank,Kalpetta,Wayanad,Kerala,11.604557,76.085057,Esri India Blood Bank Directory 2017 (MoHFW/data.gov.in),2026-08-19T17:39:10.719610+00:00,2017 (historical; not live availability)
official_39, M/s. Tejasvini Hospital Lions Blood Bank,Mangalore,Dakshina Kannada,Karnataka,12.880334,74.853689,Esri India Blood Bank Directory 2017 (MoHFW/data.gov.in),2026-08-19T17:39:10.719610+00:00,2017 (historical; not live availability)
official_40,Kozhikode District Co-operative Hospital Blood Bank,Eranhipalam,Kozhikode,Kerala,11.276572,75.784673,Esri India Blood Bank Directory 2017 (MoHFW/data.gov.in),2026-08-19T17:39:10.719610+00:00,2017 (historical; not live availability)
official_41,Chigateri District Hospital Blood Bank,Chigateri,Davangere,Karnataka,14.456165,75.916182,Esri India Blood Bank Directory 2017 (MoHFW/data.gov.in),2026-08-19T17:39:10.719610+00:00,2017 (historical; not live availability)
official_42,General Hospital Blood Bank,Thalassery,Kannur,Kerala,11.747531,75.487227,Esri India Blood Bank Directory 2017 (MoHFW/data.gov.in),2026-08-19T17:39:10.719610+00:00,2017 (historical; not live availability)
official_43,Malabar Institute of Medical Sciences Blood Bank,Kozhikode,Kozhikode,Kerala,11.245745,75.797985,Esri India Blood Bank Directory 2017 (MoHFW/data.gov.in),2026-08-19T17:39:10.719610+00:00,2017 (historical; not live availability)
official_44,Sri. Chamarajendra District Hospital Blood Bank,Hassan,Hassan,Karnataka,13.004537,76.103797,Esri India Blood Bank Directory 2017 (MoHFW/data.gov.in),2026-08-19T17:39:10.719610+00:00,2017 (historical; not live availability)
official_45,District Hospital Blood Bank,Kannur,Kannur,Kerala,11.861216,75.370639,Esri India Blood Bank Directory 2017 (MoHFW/data.gov.in),2026-08-19T17:39:10.719610+00:00,2017 (historical; not live availability)
official_46,M/s. Indian Red Cross Society Blood Bank,Kundapur,Dakshina Kannada,Karnataka,13.628482,74.690683,Esri India Blood Bank Directory 2017 (MoHFW/data.gov.in),2026-08-19T17:39:10.719610+00:00,2017 (historical; not live availability)
official_47,"District Hospital Blood Bank,Kanhangad",Kanhangad,Kasaragod,Kerala,12.314687,75.105095,Esri India Blood Bank Directory 2017 (MoHFW/data.gov.in),2026-08-19T17:39:10.719610+00:00,2017 (historical; not live availability)
official_48,The District Surgeon - Wenlock District Hospital Blood Bank,Mangalore,Dakshina Kannada,Karnataka,12.867384,74.843132,Esri India Blood Bank Directory 2017 (MoHFW/data.gov.in),2026-08-19T17:39:10.719610+00:00,2017 (historical; not live availability)
official_49,Saint Martin De Porres Hospital Blood Bank,Cherukunnu,Kannur,Kerala,11.994674,75.31285,Esri India Blood Bank Directory 2017 (MoHFW/data.gov.in),2026-08-19T17:39:10.719610+00:00,2017 (historical; not live availability)
official_50,Saint Josephs Hospital Blood Bank,Choondal,Thrissur,Kerala,10.616859,76.094656,Esri India Blood Bank Directory 2017 (MoHFW/data.gov.in),2026-08-19T17:39:10.719610+00:00,2017 (historical; not live availability)
official_51,District Hospital Blood Bank Karwar,Karwar,Uttara Kannada,Karnataka,14.817283,74.12968,Esri India Blood Bank Directory 2017 (MoHFW/data.gov.in),2026-08-19T17:39:10.719610+00:00,2017 (historical; not live availability)
official_52,Jyothi Hospital Blood Bank,Belthangady,Dakshina Kannada,Karnataka,12.991208,75.288255,Esri India Blood Bank Directory 2017 (MoHFW/data.gov.in),2026-08-19T17:39:10.719610+00:00,2017 (historical; not live availability)
official_53,Edappal Hospital Private Limited Blood Bank,Edappal,Malappuram,Kerala,10.782696,76.011078,Esri India Blood Bank Directory 2017 (MoHFW/data.gov.in),2026-08-19T17:39:10.719610+00:00,2017 (historical; not live availability)
official_54,Metro International Cardiac Centre Blood Bank,Calicut,Kozhikode,Kerala,11.245438,75.836104,Esri India Blood Bank Directory 2017 (MoHFW/data.gov.in),2026-08-19T17:39:10.719610+00:00,2017 (historical; not live availability)
official_55,Red Cross Sanjeevini Blood Bank,Shivamogga,Shivamogga,Karnataka,13.933868,75.57183,Esri India Blood Bank Directory 2017 (MoHFW/data.gov.in),2026-08-19T17:39:10.719610+00:00,2017 (historical; not live availability)
official_56,Mallegowda District Hospital Blood Bank,Chikkamagaluru,Chikkamagaluru,Karnataka,13.218016,75.251826,Esri India Blood Bank Directory 2017 (MoHFW/data.gov.in),2026-08-19T17:39:10.719610+00:00,2017 (historical; not live availability)
official_57,Medical College Hospital Blood Bank,Kozhikode,Kozhikode,Kerala,11.271763,75.836468,Esri India Blood Bank Directory 2017 (MoHFW/data.gov.in),2026-08-19T17:39:10.719610+00:00,2017 (historical; not live availability)
official_58,K M C T Hospital Blood Bank,Kozhikode,Kozhikode,Kerala,11.325893,75.971356,Esri India Blood Bank Directory 2017 (MoHFW/data.gov.in),2026-08-19T17:39:10.719610+00:00,2017 (historical; not live availability)
official_59,The Uttara Kannada Blood Bank and Health Services Society,Kumta,Uttara Kannada,Karnataka,14.4292776,74.4024452,Esri India Blood Bank Directory 2017 (MoHFW/data.gov.in),2026-08-19T17:39:10.719610+00:00,2017 (historical; not live availability)
official_60,Orchid Institute of Health Care and Research Private Limited Blood Bank,Malappuram,Malappuram,Kerala,11.051502,76.06974,Esri India Blood Bank Directory 2017 (MoHFW/data.gov.in),2026-08-19T17:39:10.719610+00:00,2017 (historical; not live availability)
official_61,District Hospital Blood Bank,Manathavady,Wayanad,Kerala,11.800634,76.001923,Esri India Blood Bank Directory 2017 (MoHFW/data.gov.in),2026-08-19T17:39:10.719610+00:00,2017 (historical; not live availability)
official_62,Community Health Centre (T.H.Q) - General Hospital Blood Bank,Kasaragod,Kasaragod,Kerala,12.503397,74.991726,Esri India Blood Bank Directory 2017 (MoHFW/data.gov.in),2026-08-19T17:39:10.719610+00:00,2017 (historical; not live availability)
official_63,Jeeva Raksha Blood Bank,Hassan,Hassan,Karnataka,13.0032624,76.0975902,Esri India Blood Bank Directory 2017 (MoHFW/data.gov.in),2026-08-19T17:39:10.719610+00:00,2017 (historical; not live availability)
official_64,M/s. Kanachur Hospital & Research Centre Blood Bank,Mangalore,Dakshina Kannada,Karnataka,12.803421,74.898097,Esri India Blood Bank Directory 2017 (MoHFW/data.gov.in),2026-08-19T17:39:10.719610+00:00,2017 (historical; not live availability)
official_65,General Hospital Blood Bank Puttur,Puttur,Dakshina Kannada,Karnataka,12.758344,75.200313,Esri India Blood Bank Directory 2017 (MoHFW/data.gov.in),2026-08-19T17:39:10.719610+00:00,2017 (historical; not live availability)
official_66,Jeevadhara Blood Bank,Bhadravathi,Shivamogga,Karnataka,13.844738,75.710033,Esri India Blood Bank Directory 2017 (MoHFW/data.gov.in),2026-08-19T17:39:10.719610+00:00,2017 (historical; not live availability)
official_67,City Hospital Research and Diagnostic Centre Blood Bank,Mangalore,Dakshina Kannada,Karnataka,12.87963,74.853044,Esri India Blood Bank Directory 2017 (MoHFW/data.gov.in),2026-08-19T17:39:10.719610+00:00,2017 (historical; not live availability)
official_68,Malabar Cancer Centre Society Blood Bank,Thalassery,Kannur,Kerala,11.749387,75.523483,Esri India Blood Bank Directory 2017 (MoHFW/data.gov.in),2026-08-19T17:39:10.719610+00:00,2017 (historical; not live availability)
official_69,Amala Cancer Hospital and Research Centre Blood Bank,Amalanagar,Thrissur,Kerala,10.561896,76.168745,Esri India Blood Bank Directory 2017 (MoHFW/data.gov.in),2026-08-19T17:39:10.719610+00:00,2017 (historical; not live availability)
official_70,Kasturba Hospital Blood Bank,Manipal,Udupi,Karnataka,13.353846,74.789057,Esri India Blood Bank Directory 2017 (MoHFW/data.gov.in),2026-08-19T17:39:10.719610+00:00,2017 (historical; not live availability)
official_71,Fathima Hospital Blood Bank,Kozhikode,Kozhikode,Kerala,11.261961,75.780087,Esri India Blood Bank Directory 2017 (MoHFW/data.gov.in),2026-08-19T17:39:10.719610+00:00,2017 (historical; not live availability)
official_72,Badagara sahakarana Asupathri Limited Blood Bank,Vadakara,Kozhikode,Kerala,11.589708,75.595256,Esri India Blood Bank Directory 2017 (MoHFW/data.gov.in),2026-08-19T17:39:10.719610+00:00,2017 (historical; not live availability)
official_73,Holy Cross Hospital Blood Bank,Chikkamagaluru,Chikkamagaluru,Karnataka,13.338634,75.80355,Esri India Blood Bank Directory 2017 (MoHFW/data.gov.in),2026-08-19T17:39:10.719610+00:00,2017 (historical; not live availability)
official_74,Pandit General Hospital Blood Bank,Karwar,Uttara Kannada,Karnataka,14.32773,74.491531,Esri India Blood Bank Directory 2017 (MoHFW/data.gov.in),2026-08-19T17:39:10.719610+00:00,2017 (historical; not live availability)
official_75,Santhi Hospital Blood Bank,Omassery,Kozhikode,Kerala,11.362673,75.964611,Esri India Blood Bank Directory 2017 (MoHFW/data.gov.in),2026-08-19T17:39:10.719610+00:00,2017 (historical; not live availability)
official_76,IQRAA Hospital Blood Bank,Malaparamba,Kozhikode,Kerala,11.286398,75.797483,Esri India Blood Bank Directory 2017 (MoHFW/data.gov.in),2026-08-19T17:39:10.719610+00:00,2017 (historical; not live availability)
official_77,Medical diagnostic Centre Blood Bank,Kanhangad,Kasaragod,Kerala,12.312192,75.093469,Esri India Blood Bank Directory 2017 (MoHFW/data.gov.in),2026-08-19T17:39:10.719610+00:00,2017 (historical; not live availability)
official_78,Saint Joseph Hospital Blood Bank,Mukkom,Kozhikode,Kerala,11.3311361,75.9836769,Esri India Blood Bank Directory 2017 (MoHFW/data.gov.in),2026-08-19T17:39:10.719610+00:00,2017 (historical; not live availability)
official_79,Srinivasa Institute of Medical Sciences and Research Centre Blood Bank,Mangalore,Dakshina Kannada,Karnataka,13.021405,74.792037,Esri India Blood Bank Directory 2017 (MoHFW/data.gov.in),2026-08-19T17:39:10.719610+00:00,2017 (historical; not live availability)
official_80,Almas Hospital Blood Bank - Chankuvatty,Kottakkal,Malappuram,Kerala,11.00015,75.991133,Esri India Blood Bank Directory 2017 (MoHFW/data.gov.in),2026-08-19T17:39:10.719610+00:00,2017 (historical; not live availability)
official_81,K. V. G Medical College Hospital Blood Bank,Sullia,Dakshina Kannada,Karnataka,12.55332,75.384249,Esri India Blood Bank Directory 2017 (MoHFW/data.gov.in),2026-08-19T17:39:10.719610+00:00,2017 (historical; not live availability)
official_82,Indian Red Cross Society Blood Bank Mangalore,Mangalore,Dakshina Kannada,Karnataka,12.864857,74.83818,Esri India Blood Bank Directory 2017 (MoHFW/data.gov.in),2026-08-19T17:39:10.719610+00:00,2017 (historical; not live availability)
official_83,KMC University Medical Centre Blood Bank,Mangalore,Dakshina Kannada,Karnataka,12.870434,74.844505,Esri India Blood Bank Directory 2017 (MoHFW/data.gov.in),2026-08-19T17:39:10.719610+00:00,2017 (historical; not live availability)
official_84,District Hospital Blood Bank Udupi,Udupi,Udupi,Karnataka,13.334045,74.742105,Esri India Blood Bank Directory 2017 (MoHFW/data.gov.in),2026-08-19T17:39:10.719610+00:00,2017 (historical; not live availability)
official_85,Bapuji Educational Association S. S. Institute of Medical Sciences and Research Hospital Blood Bank,Davangere,Davangere,Karnataka,14.430349,75.942694,Esri India Blood Bank Directory 2017 (MoHFW/data.gov.in),2026-08-19T17:39:10.719610+00:00,2017 (historical; not live availability)
official_86,INDIAN RED CROSS SOCIETY,Davangere,Davangere,Karnataka,14.475314,75.909787,Esri India Blood Bank Directory 2017 (MoHFW/data.gov.in),2026-08-19T17:39:10.719610+00:00,2017 (historical; not live availability)
official_87,Sharada Dhanvantari Charitable Hospital Blood Bank,Sringeri,Chikkamagaluru,Karnataka,13.428948,75.254286,Esri India Blood Bank Directory 2017 (MoHFW/data.gov.in),2026-08-19T17:39:10.719610+00:00,2017 (historical; not live availability)
official_88,Nitte University Blood Bank,Mangalore,Dakshina Kannada,Karnataka,12.807444,74.888332,Esri India Blood Bank Directory 2017 (MoHFW/data.gov.in),2026-08-19T17:39:10.719610+00:00,2017 (historical; not live availability)
official_89,District Hospital Blood Bank,Madikeri,Kodagu,Karnataka,12.418764,75.742555,Esri India Blood Bank Directory 2017 (MoHFW/data.gov.in),2026-08-19T17:39:10.719610+00:00,2017 (historical; not live availability)
official_90,Manjunath Orthopaedic and Trauma Centre Hospital Blood Bank,Hassan,Hassan,Karnataka,13.0080708,76.1016262,Esri India Blood Bank Directory 2017 (MoHFW/data.gov.in),2026-08-19T17:39:10.719610+00:00,2017 (historical; not live availability)
official_91,The Payyannur Co-operative Hospital Society Limited,Payyannur,Kannur,Kerala,12.106236,75.209538,Esri India Blood Bank Directory 2017 (MoHFW/data.gov.in),2026-08-19T17:39:10.719610+00:00,2017 (historical; not live availability)
official_92,Davangere Blood Bank,Davangere,Davangere,Karnataka,14.459198,75.915238,Esri India Blood Bank Directory 2017 (MoHFW/data.gov.in),2026-08-19T17:39:10.719610+00:00,2017 (historical; not live availability)
official_93,VISL Hospital Blood Bank,Bhadravati,Shivamogga,Karnataka,13.83034,75.690275,Esri India Blood Bank Directory 2017 (MoHFW/data.gov.in),2026-08-19T17:39:10.719610+00:00,2017 (historical; not live availability)
official_94,Bapuji Hospital Blood Bank,Davangere,Davangere,Karnataka,14.4588202,75.9167473,Esri India Blood Bank Directory 2017 (MoHFW/data.gov.in),2026-08-19T17:39:10.719610+00:00,2017 (historical; not live availability)
official_95,McGann Hospital Blood Bank,Shimoga,Shivamogga,Karnataka,13.935689,75.562968,Esri India Blood Bank Directory 2017 (MoHFW/data.gov.in),2026-08-19T17:39:10.719610+00:00,2017 (historical; not live availability)
official_96,Government General Hospital Blood Bank,Kozhikode,Kozhikode,Kerala,11.256595,75.770942,Esri India Blood Bank Directory 2017 (MoHFW/data.gov.in),2026-08-19T17:39:10.719610+00:00,2017 (historical; not live availability)
official_97,M/s. Sahyadri Narayana Multispeciality Hospital Blood Bank,Shimoga,Shivamogga,Karnataka,13.908068,75.560375,Esri India Blood Bank Directory 2017 (MoHFW/data.gov.in),2026-08-19T17:39:10.719610+00:00,2017 (historical; not live availability)
official_98,Royal Hospital Blood Bank,Kunnamkulam,Thrissur,Kerala,10.645883,76.067384,Esri India Blood Bank Directory 2017 (MoHFW/data.gov.in),2026-08-19T17:39:10.719610+00:00,2017 (historical; not live availability)
official_99,Korambayil Hospital Blood Bank,Manjeri,Malappuram,Kerala,11.123065,76.125653,Esri India Blood Bank Directory 2017 (MoHFW/data.gov.in),2026-08-19T17:39:10.719610+00:00,2017 (historical; not live availability)
official_100,Life Line Blood Centre,Patiala,Patiala,Punjab,30.343682,76.399514,Esri India Blood Bank Directory 2017 (MoHFW/data.gov.in),2026-08-19T17:39:10.719610+00:00,2017 (historical; not live availability)
official_101, Solan Regional Hospital Blood Bank,Solan,Solan,Himachal Pradesh,30.90738,77.107075,Esri India Blood Bank Directory 2017 (MoHFW/data.gov.in),2026-08-19T17:39:10.719610+00:00,2017 (historical; not live availability)
official_102,Mahatma Gandhi Medical Services Blood Bank Rampur,Shimla,Shimla,Himachal Pradesh,31.4470213,77.6294213,Esri India Blood Bank Directory 2017 (MoHFW/data.gov.in),2026-08-19T17:39:10.719610+00:00,2017 (historical; not live availability)
official_103,Command Hospital Blood Bank,Panchkula,Panchkula,Haryana,30.712615,76.854089,Esri India Blood Bank Directory 2017 (MoHFW/data.gov.in),2026-08-19T17:39:10.719610+00:00,2017 (historical; not live availability)
official_104,District Hospital Panchkula Blood Bank,Panchkula,Panchkula,Haryana,30.710793,76.845878,Esri India Blood Bank Directory 2017 (MoHFW/data.gov.in),2026-08-19T17:39:10.719610+00:00,2017 (historical; not live availability)
official_105,Military Hospital Blood Bank,Patiala,Patiala,Punjab,30.326207,76.382177,Esri India Blood Bank Directory 2017 (MoHFW/data.gov.in),2026-08-19T17:39:10.719610+00:00,2017 (historical; not live availability)
official_106,Government Medical College and Hospital Blood Bank ,Chandigarh,Chandigarh,Chandigarh,30.709289,76.780536,Esri India Blood Bank Directory 2017 (MoHFW/data.gov.in),2026-08-19T17:39:10.719610+00:00,2017 (historical; not live availability)
official_107,Military Hospital Blood Bank Ambala,Ambala,Ambala,Haryana,30.353047,76.833532,Esri India Blood Bank Directory 2017 (MoHFW/data.gov.in),2026-08-19T17:39:10.719610+00:00,2017 (historical; not live availability)
official_108,Bilaspur Regional Hospital Blood bank,Bilaspur,Bilaspur,Himachal Pradesh,31.335735,76.765248,Esri India Blood Bank Directory 2017 (MoHFW/data.gov.in),2026-08-19T17:39:10.719610+00:00,2017 (historical; not live availability)
official_109,SNM Hospital Blood Bank,Leh ,Leh Ladakh,Jammu and Kashmir,34.153795,77.580209,Esri India Blood Bank Directory 2017 (MoHFW/data.gov.in),2026-08-19T17:39:10.719610+00:00,2017 (historical; not live availability)
official_110,Shree MAA Blood Bank,Jagadhri,Yamunanagar,Haryana,30.147696,77.304339,Esri India Blood Bank Directory 2017 (MoHFW/data.gov.in),2026-08-19T17:39:10.719610+00:00,2017 (historical; not live availability)
official_111,Reckong Peo Regional Hospital Blood Bank ,Reckong Peo,Kinnaur,Himachal Pradesh,31.539316,78.267034,Esri India Blood Bank Directory 2017 (MoHFW/data.gov.in),2026-08-19T17:39:10.719610+00:00,2017 (historical; not live availability)
official_112,Vikarm Hospital Blood Bank,Mandya,Mandya,Karnataka,12.525089,76.8982,Esri India Blood Bank Directory 2017 (MoHFW/data.gov.in),2026-08-19T17:39:10.719610+00:00,2017 (historical; not live availability)
official_113,Fatehgarh Sahib Civil Hospital Blood Bank,Fatehgarh Sahib,Fatehgarh Sahib,Punjab,30.646899,76.390134,Esri India Blood Bank Directory 2017 (MoHFW/data.gov.in),2026-08-19T17:39:10.719610+00:00,2017 (historical; not live availability)
official_114,Ramakrishna Mission Sevashrana Blood Bank,Haridwar,Haridwar,Uttarakhand,29.933208,78.148128,Esri India Blood Bank Directory 2017 (MoHFW/data.gov.in),2026-08-19T17:39:10.719610+00:00,2017 (historical; not live availability)
official_115,Max Super Specialty Hospital Blood Bank,Mohali,S.A.S Nagar (Mohali),Punjab,30.73975,76.714419,Esri India Blood Bank Directory 2017 (MoHFW/data.gov.in),2026-08-19T17:39:10.719610+00:00,2017 (historical; not live availability)
official_116,Malhotra Super Speciality Hospital Blood Bank ,Baddi,Solan,Himachal Pradesh,30.9491629,76.8319738,Esri India Blood Bank Directory 2017 (MoHFW/data.gov.in),2026-08-19T17:39:10.719610+00:00,2017 (historical; not live availability)
official_117,Rupnagar Civil Hospital Blood Bank ,Rupnagar,Rupnagar,Punjab,30.966052,76.52516,Esri India Blood Bank Directory 2017 (MoHFW/data.gov.in),2026-08-19T17:39:10.719610+00:00,2017 (historical; not live availability)
official_118,Sanjeevani Blood Bank,Ambala,Ambala,Haryana,30.339065,76.836686,Esri India Blood Bank Directory 2017 (MoHFW/data.gov.in),2026-08-19T17:39:10.719610+00:00,2017 (historical; not live availability)
official_119,Grecian Super Speciality Hospital Blood Bank,Mohali,S.A.S Nagar (Mohali),Punjab,30.691127,76.723553,Esri India Blood Bank Directory 2017 (MoHFW/data.gov.in),2026-08-19T17:39:10.719610+00:00,2017 (historical; not live availability)
official_120,Government Multispeciality Hospital Blood Bank,Chandigarh,Chandigarh,Chandigarh,30.751021,76.780967,Esri India Blood Bank Directory 2017 (MoHFW/data.gov.in),2026-08-19T17:39:10.719610+00:00,2017 (historical; not live availability)
official_121,Haryana Institute of Medical Sciences (HIMS) Hospital Blood Bank,Kaithal,Kaithal,Haryana,29.844728,76.441361,Esri India Blood Bank Directory 2017 (MoHFW/data.gov.in),2026-08-19T17:39:10.719610+00:00,2017 (historical; not live availability)
official_122,"SBD, District Hospital",Saharanpur,Saharanpur,Uttar Pradesh,29.955375,77.559465,Esri India Blood Bank Directory 2017 (MoHFW/data.gov.in),2026-08-19T17:39:10.719610+00:00,2017 (historical; not live availability)
official_123,Uttarkashi District Hospital Blood Bank,Uttar Kashi,Uttar Kashi,Uttarakhand,30.729788,78.442688,Esri India Blood Bank Directory 2017 (MoHFW/data.gov.in),2026-08-19T17:39:10.719610+00:00,2017 (historical; not live availability)
official_124,LNJP District Government Hospital Blood Bank ,Kurukshetra,Kurukshetra,Haryana,29.964985,76.820558,Esri India Blood Bank Directory 2017 (MoHFW/data.gov.in),2026-08-19T17:39:10.719610+00:00,2017 (historical; not live availability)
official_125,Bhota Charitable Hospital Blood Bank,Bhota,Hamirpur,Himachal Pradesh,31.609374,76.569182,Esri India Blood Bank Directory 2017 (MoHFW/data.gov.in),2026-08-19T17:39:10.719610+00:00,2017 (historical; not live availability)
official_126,Government Medical College and Rajindra Hospital Blood Bank,Patiala,Patiala,Punjab,30.327696,76.386153,Esri India Blood Bank Directory 2017 (MoHFW/data.gov.in),2026-08-19T17:39:10.719610+00:00,2017 (historical; not live availability)
official_127,Sainik (Military Hospital) Hospital Blood Bank,Dehradun,Dehradun,Uttarakhand,30.316493,78.032191,Esri India Blood Bank Directory 2017 (MoHFW/data.gov.in),2026-08-19T17:39:10.719610+00:00,2017 (historical; not live availability)
official_128,Kullu Regional Hospital Blood Bank ,Dhapur,Kullu,Himachal Pradesh,31.956462,77.111661,Esri India Blood Bank Directory 2017 (MoHFW/data.gov.in),2026-08-19T17:39:10.719610+00:00,2017 (historical; not live availability)
official_129,Mohali Civil Hospital Blood Bank,SAS Nagar,S.A.S Nagar (Mohali),Punjab,30.739307,76.713957,Esri India Blood Bank Directory 2017 (MoHFW/data.gov.in),2026-08-19T17:39:10.719610+00:00,2017 (historical; not live availability)
official_130,Ananadpur Sahib Civil Hospital Blood Bank,Anandpur Sahib,Rupnagar,Punjab,31.238973,76.494595,Esri India Blood Bank Directory 2017 (MoHFW/data.gov.in),2026-08-19T17:39:10.719610+00:00,2017 (historical; not live availability)
official_131,BBMB Hospital Blood Bank,Nangal,Rupnagar,Punjab,31.382789,76.364112,Esri India Blood Bank Directory 2017 (MoHFW/data.gov.in),2026-08-19T17:39:10.719610+00:00,2017 (historical; not live availability)
official_132,Philadelphia Mission Hospital Blood Bank,Ambala City,Ambala,Haryana,30.383042,76.785947,Esri India Blood Bank Directory 2017 (MoHFW/data.gov.in),2026-08-19T17:39:10.719610+00:00,2017 (historical; not live availability)
official_133,"Department of  Transfusion Medicine, PGIMER Blood Bank",Chandigarh,Chandigarh,Chandigarh,30.765913,76.775488,Esri India Blood Bank Directory 2017 (MoHFW/data.gov.in),2026-08-19T17:39:10.719610+00:00,2017 (historical; not live availability)
official_134,SVBP Hospital Blood Bank,Meerut,Meerut,Uttar Pradesh,28.958429,77.753433,Esri India Blood Bank Directory 2017 (MoHFW/data.gov.in),2026-08-19T17:39:10.719610+00:00,2017 (historical; not live availability)
official_135,Ivy Health and Life Sciences Private Limited,Mohali,S.A.S Nagar (Mohali),Punjab,30.706958,76.708016,Esri India Blood Bank Directory 2017 (MoHFW/data.gov.in),2026-08-19T17:39:10.719610+00:00,2017 (historical; not live availability)
official_136,Tarawati Nursing Home Private Limited Blood Bank,Saharanpur,Saharanpur,Uttar Pradesh,29.95683,77.557192,Esri India Blood Bank Directory 2017 (MoHFW/data.gov.in),2026-08-19T17:39:10.719610+00:00,2017 (historical; not live availability)
official_137,Netaji Subhash Chander Bose Zonal Hospital Blood Bank,Mandi,Mandi,Himachal Pradesh,31.711561,76.927209,Esri India Blood Bank Directory 2017 (MoHFW/data.gov.in),2026-08-19T17:39:10.719610+00:00,2017 (historical; not live availability)
official_138,Kharar Civil Hospital Blood Bank,Kharar,S.A.S Nagar (Mohali),Punjab,30.752837,76.632796,Esri India Blood Bank Directory 2017 (MoHFW/data.gov.in),2026-08-19T17:39:10.719610+00:00,2017 (historical; not live availability)
official_139,"Fortis Hospital Mohali, Blood Bank",Mohali,S.A.S Nagar (Mohali),Punjab,30.694086,76.730141,Esri India Blood Bank Directory 2017 (MoHFW/data.gov.in),2026-08-19T17:39:10.719610+00:00,2017 (historical; not live availability)
official_140,"Doon Hospital, District Hospital Blood Bank ",Dehradun,Dehradun,Uttarakhand,30.318779,78.042188,Esri India Blood Bank Directory 2017 (MoHFW/data.gov.in),2026-08-19T17:39:10.719610+00:00,2017 (historical; not live availability)
official_141,Rotary and Blood Bank Society Resource Centre,Chandigarh,Chandigarh,Chandigarh,30.74211,76.755138,Esri India Blood Bank Directory 2017 (MoHFW/data.gov.in),2026-08-19T17:39:10.719610+00:00,2017 (historical; not live availability)
official_142,Rohru Civil Hospital Blood Bank ,Rohru,Shimla,Himachal Pradesh,31.201285,77.752272,Esri India Blood Bank Directory 2017 (MoHFW/data.gov.in),2026-08-19T17:39:10.719610+00:00,2017 (historical; not live availability)
official_143,Jijau Mahila Sevabhavi Sansthan Nashik Blood Bank and Transfusion Research institute Blood Bank,Nashik,Nashik,Maharashtra,19.990656,73.775241,Esri India Blood Bank Directory 2017 (MoHFW/data.gov.in),2026-08-19T17:39:10.719610+00:00,2017 (historical; not live availability)
official_144,Silver Oaks Hospital Blood Bank,Mohali,S.A.S Nagar (Mohali),Punjab,30.692232,76.733098,Esri India Blood Bank Directory 2017 (MoHFW/data.gov.in),2026-08-19T17:39:10.719610+00:00,2017 (historical; not live availability)
official_145,Kamla Nehru Hospital Blood Bank,Shimla,Shimla,Himachal Pradesh,31.096648,77.175267,Esri India Blood Bank Directory 2017 (MoHFW/data.gov.in),2026-08-19T17:39:10.719610+00:00,2017 (historical; not live availability)
official_146,Maharishi Markendeshwar Medical College and Hospital Blood Bank,Lado,Solan,Himachal Pradesh,30.8713445,77.0863049,Esri India Blood Bank Directory 2017 (MoHFW/data.gov.in),2026-08-19T17:39:10.719610+00:00,2017 (historical; not live availability)
official_147,General Hospital Blood Bank Ambala City ,Ambala City,Ambala,Haryana,30.378711,76.779636,Esri India Blood Bank Directory 2017 (MoHFW/data.gov.in),2026-08-19T17:39:10.719610+00:00,2017 (historical; not live availability)
official_148,HMG District Hospital Blood Bank Haridwar,Haridwar,Haridwar,Uttarakhand,29.951147,78.161657,Esri India Blood Bank Directory 2017 (MoHFW/data.gov.in),2026-08-19T17:39:10.719610+00:00,2017 (historical; not live availability)
official_149,Central Hospital Blood Bank,Thane,Thane,Maharashtra,19.229578,73.165135,Esri India Blood Bank Directory 2017 (MoHFW/data.gov.in),2026-08-19T17:39:10.719610+00:00,2017 (historical; not live availability)
official_150,Gian Sagar Medical College and Hospital Blood Bank,Patiala,Patiala,Punjab,30.528959,76.671462,Esri India Blood Bank Directory 2017 (MoHFW/data.gov.in),2026-08-19T17:39:10.719610+00:00,2017 (historical; not live availability)
official_151,Indira Gandhi Medical College Blood Bank Shimla,Shimla,Shimla,Himachal Pradesh,31.1071605,77.1831203,Esri India Blood Bank Directory 2017 (MoHFW/data.gov.in),2026-08-19T17:39:10.719610+00:00,2017 (historical; not live availability)
official_152,MM Institute of Medical Sciences and Research Blood Bank,Ambala,Ambala,Haryana,30.252282,77.049488,Esri India Blood Bank Directory 2017 (MoHFW/data.gov.in),2026-08-19T17:39:10.719610+00:00,2017 (historical; not live availability)
official_153,Civil Hospital Blood Bank Palampur,Palampur,Kangra,Himachal Pradesh,32.107726,76.534876,Esri India Blood Bank Directory 2017 (MoHFW/data.gov.in),2026-08-19T17:39:10.719610+00:00,2017 (historical; not live availability)
official_154,IMA Blood Bank of Uttarakhand,Dehradun,Dehradun,Uttarakhand,30.334225,78.017667,Esri India Blood Bank Directory 2017 (MoHFW/data.gov.in),2026-08-19T17:39:10.719610+00:00,2017 (historical; not live availability)
official_155,Hamirpur Regional Hospital Blood bank,Hamirpur,Hamirpur,Himachal Pradesh,31.679905,76.527416,Esri India Blood Bank Directory 2017 (MoHFW/data.gov.in),2026-08-19T17:39:10.719610+00:00,2017 (historical; not live availability)
official_156,Deen Dayal Updhayay Hospital Blood Bank,Shimla,Shimla,Himachal Pradesh,31.103536,77.17218,Esri India Blood Bank Directory 2017 (MoHFW/data.gov.in),2026-08-19T17:39:10.719610+00:00,2017 (historical; not live availability)
official_157,Nahan Regional Hospital Blood Bank ,Nahan,Sirmaur,Himachal Pradesh,30.559933,77.295483,Esri India Blood Bank Directory 2017 (MoHFW/data.gov.in),2026-08-19T17:39:10.719610+00:00,2017 (historical; not live availability)
official_158, Dharamshala Zonal Hospital Blood Bank,Dharamshala,Kangra,Himachal Pradesh,32.2129086,76.3194044,Esri India Blood Bank Directory 2017 (MoHFW/data.gov.in),2026-08-19T17:39:10.719610+00:00,2017 (historical; not live availability)
official_159,Rajpura Civil Hospital Blood Bank,Rajpura Town,Patiala,Punjab,30.478441,76.584065,Esri India Blood Bank Directory 2017 (MoHFW/data.gov.in),2026-08-19T17:39:10.719610+00:00,2017 (historical; not live availability)
official_160,Sri Guru Harkrishan Sahib Charitable Eye Hospital Trust Blood Bank,Mohali,S.A.S Nagar (Mohali),Punjab,30.69336,76.698763,Esri India Blood Bank Directory 2017 (MoHFW/data.gov.in),2026-08-19T17:39:10.719610+00:00,2017 (historical; not live availability)
official_161,Kurukshetra Blood Bank,Kurukshetra,Kurukshetra,Haryana,29.970016,76.838528,Esri India Blood Bank Directory 2017 (MoHFW/data.gov.in),2026-08-19T17:39:10.719610+00:00,2017 (historical; not live availability)
official_162,Sainik Hospital Blood Bank,Roorkee,Haridwar,Uttarakhand,29.854008,77.886842,Esri India Blood Bank Directory 2017 (MoHFW/data.gov.in),2026-08-19T17:39:10.719610+00:00,2017 (historical; not live availability)
official_163,MLGH Trauma Centre Yamuna Nagar Blood Bank ,Yamunanagar,Yamunanagar,Haryana,30.1442,77.303543,Esri India Blood Bank Directory 2017 (MoHFW/data.gov.in),2026-08-19T17:39:10.719610+00:00,2017 (historical; not live availability)
official_164,Daman Raktadan Kendra,Daman,Daman,Daman and Diu,20.433246,72.831276,Esri India Blood Bank Directory 2017 (MoHFW/data.gov.in),2026-08-19T17:39:10.719610+00:00,2017 (historical; not live availability)
official_165,District Hospital Blood Bank,Gonda,Gonda,Uttar Pradesh,27.409813,82.192774,Esri India Blood Bank Directory 2017 (MoHFW/data.gov.in),2026-08-19T17:39:10.719610+00:00,2017 (historical; not live availability)
official_166,SMBT Institute of Medical Science and Research Centre - Blood Bank and Component,Nashik,Nashik,Maharashtra,19.76062,73.769851,Esri India Blood Bank Directory 2017 (MoHFW/data.gov.in),2026-08-19T17:39:10.719610+00:00,2017 (historical; not live availability)
official_167,Pravara Medical Trust Blood Bank - Pravara Rural Hospital and Medical Dental College Loni (BK),Ahmednagar,Ahmednagar,Maharashtra,19.578952,74.456127,Esri India Blood Bank Directory 2017 (MoHFW/data.gov.in),2026-08-19T17:39:10.719610+00:00,2017 (historical; not live availability)
official_168,Ansar Blood Bank,Nashik,Nashik,Maharashtra,20.552043,74.532641,Esri India Blood Bank Directory 2017 (MoHFW/data.gov.in),2026-08-19T17:39:10.719610+00:00,2017 (historical; not live availability)
official_169,Satyashanti Blood Bank,Yavatmal,Yavatmal,Maharashtra,19.910776,77.569957,Esri India Blood Bank Directory 2017 (MoHFW/data.gov.in),2026-08-19T17:39:10.719610+00:00,2017 (historical; not live availability)
official_170,Civil Surgeon District General Hospital Blood Bank,Buldhana,Buldhana,Maharashtra,20.533583,76.187482,Esri India Blood Bank Directory 2017 (MoHFW/data.gov.in),2026-08-19T17:39:10.719610+00:00,2017 (historical; not live availability)
official_171,Valsad Raktdan Kendra,VALSAD,Valsad,Gujarat,20.609737,72.929097,Esri India Blood Bank Directory 2017 (MoHFW/data.gov.in),2026-08-19T17:39:10.719610+00:00,2017 (historical; not live availability)
official_172,Rotary Blood Bank - Rahuri Charitable Trust,Ahmednagar,Ahmednagar,Maharashtra,19.419633,74.65553,Esri India Blood Bank Directory 2017 (MoHFW/data.gov.in),2026-08-19T17:39:10.719610+00:00,2017 (historical; not live availability)
official_173,Malegaon Blood Bank,Malegaon,Nashik,Maharashtra,20.55474,74.524396,Esri India Blood Bank Directory 2017 (MoHFW/data.gov.in),2026-08-19T17:39:10.719610+00:00,2017 (historical; not live availability)
official_174,Samta Blood Bank,Nashik,Nashik,Maharashtra,19.984791,73.782607,Esri India Blood Bank Directory 2017 (MoHFW/data.gov.in),2026-08-19T17:39:10.719610+00:00,2017 (historical; not live availability)
official_175,Civil Surgeon General Hospital Blood Bank,Jalna,Jalna,Maharashtra,19.84031,75.888795,Esri India Blood Bank Directory 2017 (MoHFW/data.gov.in),2026-08-19T17:39:10.719610+00:00,2017 (historical; not live availability)
official_176,Shri Sainath Blood Bank,Ahmednagar,Ahmednagar,Maharashtra,19.763137,74.47058,Esri India Blood Bank Directory 2017 (MoHFW/data.gov.in),2026-08-19T17:39:10.719610+00:00,2017 (historical; not live availability)
official_177,Sau Kantadevi Dale Blood Bank,Washim,Washim,Maharashtra,20.105396,77.143122,Esri India Blood Bank Directory 2017 (MoHFW/data.gov.in),2026-08-19T17:39:10.719610+00:00,2017 (historical; not live availability)
official_178,Kanthak Sevabhavi Sanstha - New Life Blood  Bank,Parbhani,Parbhani,Maharashtra,19.273124,76.782625,Esri India Blood Bank Directory 2017 (MoHFW/data.gov.in),2026-08-19T17:39:10.719610+00:00,2017 (historical; not live availability)
official_179,Gokuldas Hospital Blood Bank,Indore,Indore,Madhya Pradesh,22.716411,75.8760433,Esri India Blood Bank Directory 2017 (MoHFW/data.gov.in),2026-08-19T17:39:10.719610+00:00,2017 (historical; not live availability)
official_180,Civil Surgeon - District General Hospital Blood Bank,Hingoli,Hingoli,Maharashtra,19.721787,77.154487,Esri India Blood Bank Directory 2017 (MoHFW/data.gov.in),2026-08-19T17:39:10.719610+00:00,2017 (historical; not live availability)
official_181,Jeevandhara Buldana Urban Blood Bank,Buldana,Buldhana,Maharashtra,20.532707,76.180604,Esri India Blood Bank Directory 2017 (MoHFW/data.gov.in),2026-08-19T17:39:10.719610+00:00,2017 (historical; not live availability)
official_182,Kalyan Dombivali Municipal Corporation Sponsored Nandakishore Education Society Arpan Blood Bank,Thane,Thane,Maharashtra,19.244366,73.122511,Esri India Blood Bank Directory 2017 (MoHFW/data.gov.in),2026-08-19T17:39:10.719610+00:00,2017 (historical; not live availability)
official_183,Navjivan Blood Bank and Lab,Mumbai,Mumbai,Maharashtra,19.23024,72.852643,Esri India Blood Bank Directory 2017 (MoHFW/data.gov.in),2026-08-19T17:39:10.719610+00:00,2017 (historical; not live availability)
official_184,Mahatma Gandhi Mishan (MGM) Hospital Blood Bank,Aurangabad,Aurangabad,Maharashtra,19.877896,75.354519,Esri India Blood Bank Directory 2017 (MoHFW/data.gov.in),2026-08-19T17:39:10.719610+00:00,2017 (historical; not live availability)
official_185,Smt. Puriben Popat Lakha Blood Bank,Vapi,Valsad,Gujarat,20.373994,72.904781,Esri India Blood Bank Directory 2017 (MoHFW/data.gov.in),2026-08-19T17:39:10.719610+00:00,2017 (historical; not live availability)
official_186,Mira Bhayandar Municipal Corporation Rajeev Gandhi Blood Bank,Thane,Thane,Maharashtra,19.274233,72.861175,Esri India Blood Bank Directory 2017 (MoHFW/data.gov.in),2026-08-19T17:39:10.719610+00:00,2017 (historical; not live availability)
official_187,NDMVPS Medical College and Hospital Blood Bank,Nashik,Nashik,Maharashtra,20.037363,73.852998,Esri India Blood Bank Directory 2017 (MoHFW/data.gov.in),2026-08-19T17:39:10.719610+00:00,2017 (historical; not live availability)
official_188,Seva Blood Bank,MALEGAON,Nashik,Maharashtra,20.552689,74.516643,Esri India Blood Bank Directory 2017 (MoHFW/data.gov.in),2026-08-19T17:39:10.719610+00:00,2017 (historical; not live availability)
official_189,District Joint Hospital,Sonbhadra,Sonbhadra,Uttar Pradesh,24.646173,83.058614,Esri India Blood Bank Directory 2017 (MoHFW/data.gov.in),2026-08-19T17:39:10.719610+00:00,2017 (historical; not live availability)
official_190,Lokmanya Blood Bank,Aurangabad,Aurangabad,Maharashtra,19.872123,75.323251,Esri India Blood Bank Directory 2017 (MoHFW/data.gov.in),2026-08-19T17:39:10.719610+00:00,2017 (historical; not live availability)
official_191,General Hospital and GMERS Medical College Blood Bank,Valsad,Valsad,Gujarat,20.59404,72.922063,Esri India Blood Bank Directory 2017 (MoHFW/data.gov.in),2026-08-19T17:39:10.719610+00:00,2017 (historical; not live availability)
official_192,Sanjeevani Blood Bank Kopargaon,Ahmednagar,Ahmednagar,Maharashtra,19.88042,74.470873,Esri India Blood Bank Directory 2017 (MoHFW/data.gov.in),2026-08-19T17:39:10.719610+00:00,2017 (historical; not live availability)
official_193,SBPP Cooperative Bank Foundation Blood Bank,Pardi,Valsad,Gujarat,20.516862,72.951211,Esri India Blood Bank Directory 2017 (MoHFW/data.gov.in),2026-08-19T17:39:10.719610+00:00,2017 (historical; not live availability)
official_194,Sadat Government Hospital Blood Bank,Tonk,Tonk,Rajasthan,26.176904,75.785332,Esri India Blood Bank Directory 2017 (MoHFW/data.gov.in),2026-08-19T17:39:10.719610+00:00,2017 (historical; not live availability)
official_195,"Civil Surgeon, General Hospital Blood Bank Washim",Washim,Washim,Maharashtra,20.12259,77.127893,Esri India Blood Bank Directory 2017 (MoHFW/data.gov.in),2026-08-19T17:39:10.719610+00:00,2017 (historical; not live availability)
official_196,Nandkishor Education Society - Arpan Blood Bank,Ahmednagar,Ahmednagar,Maharashtra,20.004874,73.787165,Esri India Blood Bank Directory 2017 (MoHFW/data.gov.in),2026-08-19T17:39:10.719610+00:00,2017 (historical; not live availability)
official_197,"Maharashtra Blood Bank, Component and Apheresis Centre",Thane,Thane,Maharashtra,19.692902,72.772639,Esri India Blood Bank Directory 2017 (MoHFW/data.gov.in),2026-08-19T17:39:10.719610+00:00,2017 (historical; not live availability)
official_198,Shri. Brahman Swrankar Samaj Trust Blood Bank,Khamgaon,Buldhana,Maharashtra,20.543402,76.170956,Esri India Blood Bank Directory 2017 (MoHFW/data.gov.in),2026-08-19T17:39:10.719610+00:00,2017 (historical; not live availability)
official_199,Shrirampur Blood Bank,Ahmednagar,Ahmednagar,Maharashtra,19.619247,74.663502,Esri India Blood Bank Directory 2017 (MoHFW/data.gov.in),2026-08-19T17:39:10.719610+00:00,2017 (historical; not live availability)
official_200,Dattaji Bhale Blood Bank - Hedgewar Hospital,Aurangabad,Aurangabad,Maharashtra,19.876165,75.343313,Esri India Blood Bank Directory 2017 (MoHFW/data.gov.in),2026-08-19T17:39:10.719610+00:00,2017 (historical; not live availability)
official_201,Sanjeevani Blood Bank,Nashik,Nashik,Maharashtra,19.975586,73.803963,Esri India Blood Bank Directory 2017 (MoHFW/data.gov.in),2026-08-19T17:39:10.719610+00:00,2017 (historical; not live availability)
official_202,Noor Hospital Blood Bank,Jalna,Jalna,Maharashtra,19.860878,75.664447,Esri India Blood Bank Directory 2017 (MoHFW/data.gov.in),2026-08-19T17:39:10.719610+00:00,2017 (historical; not live availability)
official_203,J.D.C. Bytco Hospital Blood Bank,Nashik,Nashik,Maharashtra,19.949132,73.838742,Esri India Blood Bank Directory 2017 (MoHFW/data.gov.in),2026-08-19T17:39:10.719610+00:00,2017 (historical; not live availability)
official_204,Sainik Aspatal Military Hospital Blood Bank,Nashik,Nashik,Maharashtra,19.9483203,73.841866,Esri India Blood Bank Directory 2017 (MoHFW/data.gov.in),2026-08-19T17:39:10.719610+00:00,2017 (historical; not live availability)
official_205,Tarapur Atomic Power Station Hospital Blood Bank,Palghar,Thane,Maharashtra,19.813093,72.743519,Esri India Blood Bank Directory 2017 (MoHFW/data.gov.in),2026-08-19T17:39:10.719610+00:00,2017 (historical; not live availability)
official_206,Regional Blood Bank Government Medical College and Hospital,Aurangabad,Aurangabad,Maharashtra,19.890542,75.317164,Esri India Blood Bank Directory 2017 (MoHFW/data.gov.in),2026-08-19T17:39:10.719610+00:00,2017 (historical; not live availability)
official_207,Lilavati Blood Bank,Buldhana,Buldhana,Maharashtra,20.534727,76.172461,Esri India Blood Bank Directory 2017 (MoHFW/data.gov.in),2026-08-19T17:39:10.719610+00:00,2017 (historical; not live availability)
official_208,"Nukem Blood Bank, Vapi",Valsad,Valsad,Gujarat,20.381255,72.920819,Esri India Blood Bank Directory 2017 (MoHFW/data.gov.in),2026-08-19T17:39:10.719610+00:00,2017 (historical; not live availability)
official_209,Jankalyan Blood Bank,Nashik,Nashik,Maharashtra,20.008838,73.7702,Esri India Blood Bank Directory 2017 (MoHFW/data.gov.in),2026-08-19T17:39:10.719610+00:00,2017 (historical; not live availability)
official_210,The Santajee Educational and Medical foundation Trust - Jeevan  Blood Bank ,Nashik,Nashik,Maharashtra,19.987781,73.784138,Esri India Blood Bank Directory 2017 (MoHFW/data.gov.in),2026-08-19T17:39:10.719610+00:00,2017 (historical; not live availability)
official_211,Amruta Blood Bank,Aurangabad,Aurangabad,Maharashtra,19.855842,75.338268,Esri India Blood Bank Directory 2017 (MoHFW/data.gov.in),2026-08-19T17:39:10.719610+00:00,2017 (historical; not live availability)
official_212,Sankalp Blood Bank,Thane,Thane,Maharashtra,19.241131,73.146766,Esri India Blood Bank Directory 2017 (MoHFW/data.gov.in),2026-08-19T17:39:10.719610+00:00,2017 (historical; not live availability)
official_213,Civil Surgeon - District General Hospital Blood Bank,Parbhani,Parbhani,Maharashtra,19.271699,76.765032,Esri India Blood Bank Directory 2017 (MoHFW/data.gov.in),2026-08-19T17:39:10.719610+00:00,2017 (historical; not live availability)
official_214,Arpan Voluntary (Marathwada)  Blood Bank,Aurangabad,Aurangabad,Maharashtra,19.875504,75.352445,Esri India Blood Bank Directory 2017 (MoHFW/data.gov.in),2026-08-19T17:39:10.719610+00:00,2017 (historical; not live availability)
official_215,Indian Red Cross Society (IRCS) Blood Bank,Silvassa,Dadra And Nagar Haveli,Dadra and Nagar Haveli,20.276266,73.008306,Esri India Blood Bank Directory 2017 (MoHFW/data.gov.in),2026-08-19T17:39:10.719610+00:00,2017 (historical; not live availability)
official_216,Jeevan Surabhi Blood Bank,Jalgaon,Jalgaon,Maharashtra,20.464642,74.998859,Esri India Blood Bank Directory 2017 (MoHFW/data.gov.in),2026-08-19T17:39:10.719610+00:00,2017 (historical; not live availability)
official_217,Harilal Bhagwati Hospital Blood Bank,Mumbai,Mumbai,Maharashtra,19.245458,72.856027,Esri India Blood Bank Directory 2017 (MoHFW/data.gov.in),2026-08-19T17:39:10.719610+00:00,2017 (historical; not live availability)
official_218,Apex Hospital Component Blood Bank ,Varanasi,Varanasi,Uttar Pradesh,25.283163,82.968511,Esri India Blood Bank Directory 2017 (MoHFW/data.gov.in),2026-08-19T17:39:10.719610+00:00,2017 (historical; not live availability)
official_219,Sarla Blood Bank,Thane,Thane,Maharashtra,19.255677,72.865577,Esri India Blood Bank Directory 2017 (MoHFW/data.gov.in),2026-08-19T17:39:10.719610+00:00,2017 (historical; not live availability)
official_220,Jondhale&#39;s Nitya Seva Blood Bank,Ahmednagar,Ahmednagar,Maharashtra,19.6227,74.660399,Esri India Blood Bank Directory 2017 (MoHFW/data.gov.in),2026-08-19T17:39:10.719610+00:00,2017 (historical; not live availability)
official_221,Shri Gajanan Blood Bank And Components,Yavatmal,Yavatmal,Maharashtra,20.418283,78.12953,Esri India Blood Bank Directory 2017 (MoHFW/data.gov.in),2026-08-19T17:39:10.719610+00:00,2017 (historical; not live availability)
official_222,Roachabai Sugnomal Manwani - Cantonment General Hospital Blood Bank,Nashik,Nashik,Maharashtra,19.903354,73.825824,Esri India Blood Bank Directory 2017 (MoHFW/data.gov.in),2026-08-19T17:39:10.719610+00:00,2017 (historical; not live availability)
official_223,Vijayee Blood Bank,Thane,Thane,Maharashtra,19.358711,72.811841,Esri India Blood Bank Directory 2017 (MoHFW/data.gov.in),2026-08-19T17:39:10.719610+00:00,2017 (historical; not live availability)
official_224,Arpan Blood Bank,Ahmednagar,Ahmednagar,Maharashtra,19.569309,74.206528,Esri India Blood Bank Directory 2017 (MoHFW/data.gov.in),2026-08-19T17:39:10.719610+00:00,2017 (historical; not live availability)
official_225,Jankalyan Blood Bank,Jalna,Jalna,Maharashtra,19.867491,75.879779,Esri India Blood Bank Directory 2017 (MoHFW/data.gov.in),2026-08-19T17:39:10.719610+00:00,2017 (historical; not live availability)
official_226,Seth Nandlal Dhoot Hospital Blood Bank,Aurangabad,Aurangabad,Maharashtra,19.872742,75.387668,Esri India Blood Bank Directory 2017 (MoHFW/data.gov.in),2026-08-19T17:39:10.719610+00:00,2017 (historical; not live availability)
official_227,Aurangabad Blood Bank,Aurangabad,Aurangabad,Maharashtra,19.873384,75.344972,Esri India Blood Bank Directory 2017 (MoHFW/data.gov.in),2026-08-19T17:39:10.719610+00:00,2017 (historical; not live availability)
official_228,Metro Blood Bank - District (Civil) Hospital Nashik,Nashik,Nashik,Maharashtra,19.996886,73.778198,Esri India Blood Bank Directory 2017 (MoHFW/data.gov.in),2026-08-19T17:39:10.719610+00:00,2017 (historical; not live availability)
official_229,Lions Blood Bank,Aurangabad,Aurangabad,Maharashtra,19.87244,75.323188,Esri India Blood Bank Directory 2017 (MoHFW/data.gov.in),2026-08-19T17:39:10.719610+00:00,2017 (historical; not live availability)
official_230,Laxmi Blood Bank,Yavatmal,Yavatmal,Maharashtra,19.906603,77.567708,Esri India Blood Bank Directory 2017 (MoHFW/data.gov.in),2026-08-19T17:39:10.719610+00:00,2017 (historical; not live availability)
official_231,Arpan Blood Bank and Blood Component Laboratory and Research Centre,Nashik,Nashik,Maharashtra,20.004874,73.787164,Esri India Blood Bank Directory 2017 (MoHFW/data.gov.in),2026-08-19T17:39:10.719610+00:00,2017 (historical; not live availability)
official_232,Little Heart Childrens Hospital Private Limited Blood Bank,Bankura,Bankura,West Bengal,23.2328678,87.0347214,Esri India Blood Bank Directory 2017 (MoHFW/data.gov.in),2026-08-19T17:39:10.719610+00:00,2017 (historical; not live availability)
official_233,Hindustan Aeronautics Limited Blood Bank,Nashik,Nashik,Maharashtra,20.105897,73.931932,Esri India Blood Bank Directory 2017 (MoHFW/data.gov.in),2026-08-19T17:39:10.719610+00:00,2017 (historical; not live availability)
official_234,Burnpur Hospital SAIL-ISP Blood Bank,Burnpur,Bardhaman,West Bengal,23.6660013,86.9451971,Esri India Blood Bank Directory 2017 (MoHFW/data.gov.in),2026-08-19T17:39:10.719610+00:00,2017 (historical; not live availability)
official_235,S.D. Hospital Blood Bank Kandi,KANDI,Murshidabad,West Bengal,23.953471,88.038984,Esri India Blood Bank Directory 2017 (MoHFW/data.gov.in),2026-08-19T17:39:10.719610+00:00,2017 (historical; not live availability)
official_236,Rampurhat S.D. Hospital Blood Bank,Birbhum,Birbhum,West Bengal,24.188551,87.7930965,Esri India Blood Bank Directory 2017 (MoHFW/data.gov.in),2026-08-19T17:39:10.719610+00:00,2017 (historical; not live availability)
official_237,Asansol District Hospital Blood Bank ,Asansol,Bardhaman,West Bengal,23.676673,86.974114,Esri India Blood Bank Directory 2017 (MoHFW/data.gov.in),2026-08-19T17:39:10.719610+00:00,2017 (historical; not live availability)
official_238,Contai Sub Divisional Hospital Blood Bank,Contai,Medinipur East,West Bengal,21.781682,87.776009,Esri India Blood Bank Directory 2017 (MoHFW/data.gov.in),2026-08-19T17:39:10.719610+00:00,2017 (historical; not live availability)
official_239,Purba Medinipur District Hospital Blood bank,Tamluk,Medinipur East,West Bengal,22.286378,87.919661,Esri India Blood Bank Directory 2017 (MoHFW/data.gov.in),2026-08-19T17:39:10.719610+00:00,2017 (historical; not live availability)
official_240,Sadar Hospital Madhepura Blood Bank ,Madhepura,Madhepura,Bihar,25.922909,86.792226,Esri India Blood Bank Directory 2017 (MoHFW/data.gov.in),2026-08-19T17:39:10.719610+00:00,2017 (historical; not live availability)
official_241,"Dr. Bidhan Chandra Roy Hospital Blood Bank, Haldia (A Unit of ICARE)  ",Haldia,Medinipur East,West Bengal,22.0639805,88.0360249,Esri India Blood Bank Directory 2017 (MoHFW/data.gov.in),2026-08-19T17:39:10.719610+00:00,2017 (historical; not live availability)
official_242,Bolpur Sub Divisional Hospital Blood Bank,Bolpur,Birbhum,West Bengal,23.663705,87.690853,Esri India Blood Bank Directory 2017 (MoHFW/data.gov.in),2026-08-19T17:39:10.719610+00:00,2017 (historical; not live availability)
official_243,Dumka Sadar Hospital Blood Bank ,Dumka,Dumka,Jharkhand,24.267264,87.251613,Esri India Blood Bank Directory 2017 (MoHFW/data.gov.in),2026-08-19T17:39:10.719610+00:00,2017 (historical; not live availability)
official_244,Jyoti Hospital Blood Bank,Kuruda,Balasore,Odisha,21.471497,86.891335,Esri India Blood Bank Directory 2017 (MoHFW/data.gov.in),2026-08-19T17:39:10.719610+00:00,2017 (historical; not live availability)
official_245,Durgapur Steel Plant Hospital Blood Bank,Durgapur,Bardhaman,West Bengal,23.572531,87.30336,Esri India Blood Bank Directory 2017 (MoHFW/data.gov.in),2026-08-19T17:39:10.719610+00:00,2017 (historical; not live availability)
official_246,Life Line Blood Bank,Raniganj,Bardhaman,West Bengal,23.68721,86.973343,Esri India Blood Bank Directory 2017 (MoHFW/data.gov.in),2026-08-19T17:39:10.719610+00:00,2017 (historical; not live availability)
official_247,"South Eastern Railway Main Hospital Blood Bank, Kharagpur",Kharagpur,Medinipur West,West Bengal,22.3343711,87.3149694,Esri India Blood Bank Directory 2017 (MoHFW/data.gov.in),2026-08-19T17:39:10.719610+00:00,2017 (historical; not live availability)
official_248,Rani Durgawati Hospital Blood Bank,Jabalpur,Jabalpur,Madhya Pradesh,23.100428,79.565702,Esri India Blood Bank Directory 2017 (MoHFW/data.gov.in),2026-08-19T17:39:10.719610+00:00,2017 (historical; not live availability)
official_249,The Mission Hospital Blood Bank (A Unit of Durgapur Medical Centre Private Limited),Durgapur,Bardhaman,West Bengal,23.5201833,87.3554804,Esri India Blood Bank Directory 2017 (MoHFW/data.gov.in),2026-08-19T17:39:10.719610+00:00,2017 (historical; not live availability)
official_250,Pakur Sadar Hospital Blood Bank ,,Pakur,Jharkhand,24.6476852,87.7862334,Esri India Blood Bank Directory 2017 (MoHFW/data.gov.in),2026-08-19T17:39:10.719610+00:00,2017 (historical; not live availability)
official_251,Burdwan Medical College and Hospital Blood Bank,Burdwan Sadar,Bardhaman,West Bengal,23.244835,87.857325,Esri India Blood Bank Directory 2017 (MoHFW/data.gov.in),2026-08-19T17:39:10.719610+00:00,2017 (historical; not live availability)
official_252,M/s Isha Hospital Blood Bank,Jaunpur,Jaunpur,Uttar Pradesh,25.733137,82.672548,Esri India Blood Bank Directory 2017 (MoHFW/data.gov.in),2026-08-19T17:39:10.719610+00:00,2017 (historical; not live availability)
official_253,Midnapur Medical College and Hospital Blood Bank,Midnapore,Medinipur West,West Bengal,22.4208441,87.3218013,Esri India Blood Bank Directory 2017 (MoHFW/data.gov.in),2026-08-19T17:39:10.719610+00:00,2017 (historical; not live availability)
official_254,Deoghar Sadar Hospital Campus Blood Bank ,Deogarh,Deoghar,Jharkhand,24.491027,86.693996,Esri India Blood Bank Directory 2017 (MoHFW/data.gov.in),2026-08-19T17:39:10.719610+00:00,2017 (historical; not live availability)
official_255,Sadar Hospital Kishanganj Blood Bank ,Kishanganj,Kishanganj,Bihar,26.101776,87.948834,Esri India Blood Bank Directory 2017 (MoHFW/data.gov.in),2026-08-19T17:39:10.719610+00:00,2017 (historical; not live availability)
official_256,Sadar Hospital Saharsa Blood Bank ,Saharsa,Saharsa,Bihar,25.88715,86.590953,Esri India Blood Bank Directory 2017 (MoHFW/data.gov.in),2026-08-19T17:39:10.719610+00:00,2017 (historical; not live availability)
official_257,Indian Red Cross Society (IRCS) Blood Bank,Purnia ,Purnia,Bihar,25.785486,87.488251,Esri India Blood Bank Directory 2017 (MoHFW/data.gov.in),2026-08-19T17:39:10.719610+00:00,2017 (historical; not live availability)
official_258,Kharagpur Sub Divsional Hospital Blood Bank ,Kharagpur,Medinipur West,West Bengal,22.32698,87.314481,Esri India Blood Bank Directory 2017 (MoHFW/data.gov.in),2026-08-19T17:39:10.719610+00:00,2017 (historical; not live availability)
official_259,Divisional Railway Hospital Blood Bank Asansol,Bardhaman,Bardhaman,West Bengal,23.674512,86.941165,Esri India Blood Bank Directory 2017 (MoHFW/data.gov.in),2026-08-19T17:39:10.719610+00:00,2017 (historical; not live availability)
official_260,"Odisha Red Cross Blood Bank, Baripada",Baripada,Mayurbhanj,Odisha,21.931231,86.727842,Esri India Blood Bank Directory 2017 (MoHFW/data.gov.in),2026-08-19T17:39:10.719610+00:00,2017 (historical; not live availability)
official_261,Jawaharlal Nehru Medical College Hospital (JNMCH) Blood Bank,Bhagalpur,Bhagalpur,Bihar,25.264217,87.002126,Esri India Blood Bank Directory 2017 (MoHFW/data.gov.in),2026-08-19T17:39:10.719610+00:00,2017 (historical; not live availability)
official_262,Kasturba Gandhi Hospital Blood Bank,Burdwan,Bardhaman,West Bengal,23.849528,86.895907,Esri India Blood Bank Directory 2017 (MoHFW/data.gov.in),2026-08-19T17:39:10.719610+00:00,2017 (historical; not live availability)
official_263,Rashmi Blood bank,Burdwan,Bardhaman,West Bengal,23.254108,87.853364,Esri India Blood Bank Directory 2017 (MoHFW/data.gov.in),2026-08-19T17:39:10.719610+00:00,2017 (historical; not live availability)
official_264,Sadar Hospital Purnia  Blood Bank ,Purnia,Purnia,Bihar,25.778234,87.472456,Esri India Blood Bank Directory 2017 (MoHFW/data.gov.in),2026-08-19T17:39:10.719610+00:00,2017 (historical; not live availability)
official_265,Sanctoria Hospital Blood Bank,Dishergarh Burdwan,Bardhaman,West Bengal,23.7061752,86.8280197,Esri India Blood Bank Directory 2017 (MoHFW/data.gov.in),2026-08-19T17:39:10.719610+00:00,2017 (historical; not live availability)
official_266,Khatra SD Hospital Blood Bank,Khatra,Bankura,West Bengal,22.969097,86.848541,Esri India Blood Bank Directory 2017 (MoHFW/data.gov.in),2026-08-19T17:39:10.719610+00:00,2017 (historical; not live availability)
official_267,Ghatal Sub Divisonal Hospital Blood Bank ,Ghatal,Medinipur West,West Bengal,22.657052,87.737725,Esri India Blood Bank Directory 2017 (MoHFW/data.gov.in),2026-08-19T17:39:10.719610+00:00,2017 (historical; not live availability)
official_268,"Sadar Hospital, Katihar Blood bank",Katihar,Katihar,Bihar,25.539923,87.567583,Esri India Blood Bank Directory 2017 (MoHFW/data.gov.in),2026-08-19T17:39:10.719610+00:00,2017 (historical; not live availability)
official_269,Maa Vindhyawasini Blood Bank ,Arrah,Bhojpur,Bihar,25.539954,87.56747,Esri India Blood Bank Directory 2017 (MoHFW/data.gov.in),2026-08-19T17:39:10.719610+00:00,2017 (historical; not live availability)
official_270,Jhargram Blood Bank,Jhargram,Medinipur West,West Bengal,22.447732,86.997281,Esri India Blood Bank Directory 2017 (MoHFW/data.gov.in),2026-08-19T17:39:10.719610+00:00,2017 (historical; not live availability)
official_271,Sahebganj Sadar Hospital Blood Bank ,Sahebganj,Sahebganj,Jharkhand,25.235841,87.634215,Esri India Blood Bank Directory 2017 (MoHFW/data.gov.in),2026-08-19T17:39:10.719610+00:00,2017 (historical; not live availability)
official_272,Arambagh Sub Divisional Hospital Blood Bank ,Arambagh,Hooghly,West Bengal,22.887385,87.786016,Esri India Blood Bank Directory 2017 (MoHFW/data.gov.in),2026-08-19T17:39:10.719610+00:00,2017 (historical; not live availability)
official_273,ECL Central Hospital Kalla Blood Bank ,Asansol,Bardhaman,West Bengal,23.7012794,86.9963121,Esri India Blood Bank Directory 2017 (MoHFW/data.gov.in),2026-08-19T17:39:10.719610+00:00,2017 (historical; not live availability)
official_274,Suri Sadar District Hospital Blood Bank,Suri,Birbhum,West Bengal,23.915783,87.516918,Esri India Blood Bank Directory 2017 (MoHFW/data.gov.in),2026-08-19T17:39:10.719610+00:00,2017 (historical; not live availability)
official_275,Bishnupur S.D. Hospital Blood Bank ,Bishnupur,Bankura,West Bengal,23.068944,87.309801,Esri India Blood Bank Directory 2017 (MoHFW/data.gov.in),2026-08-19T17:39:10.719610+00:00,2017 (historical; not live availability)
official_276,IQ City Narayana Multispeciality Hospital Blood Bank,Durgapur,Bardhaman,West Bengal,23.570751,87.3372,Esri India Blood Bank Directory 2017 (MoHFW/data.gov.in),2026-08-19T17:39:10.719610+00:00,2017 (historical; not live availability)
official_277,Bankura Sammilani Medical College and Hospital Blood Bank,Bankura,Bankura,West Bengal,23.233875,87.037024,Esri India Blood Bank Directory 2017 (MoHFW/data.gov.in),2026-08-19T17:39:10.719610+00:00,2017 (historical; not live availability)
official_278,"Odisha Red Cross Blood Bank, SDH, Udala",Udala,Mayurbhanj,Odisha,21.576557,86.565098,Esri India Blood Bank Directory 2017 (MoHFW/data.gov.in),2026-08-19T17:39:10.719610+00:00,2017 (historical; not live availability)
official_279,Bidhannagar Sub-Divisional Hospital Blood Bank ,Durgapur,Bardhaman,West Bengal,23.5370135,87.331789,Esri India Blood Bank Directory 2017 (MoHFW/data.gov.in),2026-08-19T17:39:10.719610+00:00,2017 (historical; not live availability)
official_280,"Odisha Red Cross Blood Bank, Balasore",Balasore,Balasore,Odisha,21.493347,86.935961,Esri India Blood Bank Directory 2017 (MoHFW/data.gov.in),2026-08-19T17:39:10.719610+00:00,2017 (historical; not live availability)
official_281,Vivekananda Hospital Private Limited Blood bank,Durgapur,Bardhaman,West Bengal,23.523226,87.339337,Esri India Blood Bank Directory 2017 (MoHFW/data.gov.in),2026-08-19T17:39:10.719610+00:00,2017 (historical; not live availability)
official_282,"Odisha Red Cross Blood Bank, Nilagiri",Nilagiri,Balasore,Odisha,21.463441,86.775551,Esri India Blood Bank Directory 2017 (MoHFW/data.gov.in),2026-08-19T17:39:10.719610+00:00,2017 (historical; not live availability)
official_283,Rajiv Gandhi Government General Hospital Blood Bank,Alwar,Alwar,Rajasthan,27.57247,76.458792,Esri India Blood Bank Directory 2017 (MoHFW/data.gov.in),2026-08-19T17:39:10.719610+00:00,2017 (historical; not live availability)
official_284,Bhagat Phool Singh Government Medical College for Women Blood Bank,Sonipat,Sonipat,Haryana,29.149774,76.808336,Esri India Blood Bank Directory 2017 (MoHFW/data.gov.in),2026-08-19T17:39:10.719610+00:00,2017 (historical; not live availability)
official_285,Pandit Bhagwat Dayal Sharma Post Graduate Institute of Medical Sciences (PGIMS) Blood Bank,Rohtak,Rohtak,Haryana,28.879942,76.608052,Esri India Blood Bank Directory 2017 (MoHFW/data.gov.in),2026-08-19T17:39:10.719610+00:00,2017 (historical; not live availability)
official_286,General Hospital Blood Bank Jhajjar,Jhajjhar,Jhajjar,Haryana,28.607735,76.642891,Esri India Blood Bank Directory 2017 (MoHFW/data.gov.in),2026-08-19T17:39:10.719610+00:00,2017 (historical; not live availability)
official_287,Rewari Blood Bank,Rewari,Rewari,Haryana,28.187832,76.616935,Esri India Blood Bank Directory 2017 (MoHFW/data.gov.in),2026-08-19T17:39:10.719610+00:00,2017 (historical; not live availability)
official_288,Prem Blood Bank,Panipat,Panipat,Haryana,29.398644,76.966314,Esri India Blood Bank Directory 2017 (MoHFW/data.gov.in),2026-08-19T17:39:10.719610+00:00,2017 (historical; not live availability)
official_289,District hospital sheopur,SHEOPUR,Sheopur,Madhya Pradesh,25.676067,76.711645,Esri India Blood Bank Directory 2017 (MoHFW/data.gov.in),2026-08-19T17:39:10.719610+00:00,2017 (historical; not live availability)
official_290,General Hospital Rewari Blood Bank,Rewari,Rewari,Haryana,28.202218,76.619789,Esri India Blood Bank Directory 2017 (MoHFW/data.gov.in),2026-08-19T17:39:10.719610+00:00,2017 (historical; not live availability)
official_291,Red Cross Blood Bank,Panipat,Panipat,Haryana,29.39369,76.969115,Esri India Blood Bank Directory 2017 (MoHFW/data.gov.in),2026-08-19T17:39:10.719610+00:00,2017 (historical; not live availability)
official_292,Riya Hospital Blood Bank, Gangapur City,Sawai Madhopur,Rajasthan,26.487535,76.740236,Esri India Blood Bank Directory 2017 (MoHFW/data.gov.in),2026-08-19T17:39:10.719610+00:00,2017 (historical; not live availability)
official_293,Shaheed Hasan Khan Mewati Government Medical College Blood Bank  ,Nuh,Mewat,Haryana,28.091167,76.971562,Esri India Blood Bank Directory 2017 (MoHFW/data.gov.in),2026-08-19T17:39:10.719610+00:00,2017 (historical; not live availability)
official_294,Smt. Indira Gandhi Government Multispeciality Blood Bank,Kaithal,Kaithal,Haryana,29.793446,76.421959,Esri India Blood Bank Directory 2017 (MoHFW/data.gov.in),2026-08-19T17:39:10.719610+00:00,2017 (historical; not live availability)
official_295,General Hospital Blood Bank Jind,Jind,Jind,Haryana,29.311866,76.330022,Esri India Blood Bank Directory 2017 (MoHFW/data.gov.in),2026-08-19T17:39:10.719610+00:00,2017 (historical; not live availability)
official_296,Shri Ramkaran Joshi General Hospital Bood bank,Dausa,Dausa,Rajasthan,26.883949,76.335767,Esri India Blood Bank Directory 2017 (MoHFW/data.gov.in),2026-08-19T17:39:10.719610+00:00,2017 (historical; not live availability)
official_297,Seth Makhan Lal Mahawar Charitable Blood Bank Society,Alwar,Alwar,Rajasthan,27.550891,76.615215,Esri India Blood Bank Directory 2017 (MoHFW/data.gov.in),2026-08-19T17:39:10.719610+00:00,2017 (historical; not live availability)
official_298,Panipat Blood Bank,Panipat,Panipat,Haryana,29.391662,76.957172,Esri India Blood Bank Directory 2017 (MoHFW/data.gov.in),2026-08-19T17:39:10.719610+00:00,2017 (historical; not live availability)
official_299,"National Blood Bank, Kharab Hospital Blood Bank",Hisar,Hisar,Haryana,29.310977,76.344908,Esri India Blood Bank Directory 2017 (MoHFW/data.gov.in),2026-08-19T17:39:10.719610+00:00,2017 (historical; not live availability)
official_300,Gangaputra Hospital and Research Centre Blood Bank,Kandela,Jind,Haryana,29.378281,76.337165,Esri India Blood Bank Directory 2017 (MoHFW/data.gov.in),2026-08-19T17:39:10.719610+00:00,2017 (historical; not live availability)
official_301,N.C. Medical College and Hospital Blood Bank,Israna,Panipat,Haryana,29.286568,76.878961,Esri India Blood Bank Directory 2017 (MoHFW/data.gov.in),2026-08-19T17:39:10.719610+00:00,2017 (historical; not live availability)
official_302,SGT Medical College Hospital and Research Institute Blood Bank ,Gurugram,Gurgaon,Haryana,28.478407,76.902714,Esri India Blood Bank Directory 2017 (MoHFW/data.gov.in),2026-08-19T17:39:10.719610+00:00,2017 (historical; not live availability)
official_303,MP Thelasmia Kid Care Society Blood Bank,Bhopal,Bhopal,Madhya Pradesh,23.2582415,77.3952417,Esri India Blood Bank Directory 2017 (MoHFW/data.gov.in),2026-08-19T17:39:10.719610+00:00,2017 (historical; not live availability)
official_304,Tatpar Pathology and Diagnostic Centre Blood Bank,Bhopal,Bhopal,Madhya Pradesh,23.25369,77.412695,Esri India Blood Bank Directory 2017 (MoHFW/data.gov.in),2026-08-19T17:39:10.719610+00:00,2017 (historical; not live availability)
official_305,District Hospital Blood Bank,Dindori,Dindori,Madhya Pradesh,22.946033,81.075282,Esri India Blood Bank Directory 2017 (MoHFW/data.gov.in),2026-08-19T17:39:10.719610+00:00,2017 (historical; not live availability)
official_306,District Hospital Blood Bank,Satna,Satna,Madhya Pradesh,24.567945,80.832069,Esri India Blood Bank Directory 2017 (MoHFW/data.gov.in),2026-08-19T17:39:10.719610+00:00,2017 (historical; not live availability)
official_307,People Hospital Blood Bank,Bhopal,Bhopal,Madhya Pradesh,23.301078,77.424616,Esri India Blood Bank Directory 2017 (MoHFW/data.gov.in),2026-08-19T17:39:10.719610+00:00,2017 (historical; not live availability)
official_308,Holy Cross Hospital Blood Bank,Ambikapur,Surguja,Chhattisgarh,23.134176,83.193534,Esri India Blood Bank Directory 2017 (MoHFW/data.gov.in),2026-08-19T17:39:10.719610+00:00,2017 (historical; not live availability)
official_309,Combined District Hospital Blood Bank,Chitrakoot,Chitrakoot,Uttar Pradesh,25.196167,80.914609,Esri India Blood Bank Directory 2017 (MoHFW/data.gov.in),2026-08-19T17:39:10.719610+00:00,2017 (historical; not live availability)
official_310,District Hospital Blood Bank,Umaria,Umaria,Madhya Pradesh,23.571113,80.390813,Esri India Blood Bank Directory 2017 (MoHFW/data.gov.in),2026-08-19T17:39:10.719610+00:00,2017 (historical; not live availability)
official_311,Indian Red7091 Cross Society (IRCS) Blood Bank,Bhopal,Bhopal,Madhya Pradesh,23.2307,77.419553,Esri India Blood Bank Directory 2017 (MoHFW/data.gov.in),2026-08-19T17:39:10.719610+00:00,2017 (historical; not live availability)
official_312,Parakh Voluntary Blood Bank ,Jhansi,Jhansi,Uttar Pradesh,25.458336,78.616978,Esri India Blood Bank Directory 2017 (MoHFW/data.gov.in),2026-08-19T17:39:10.719610+00:00,2017 (historical; not live availability)
official_313,"Distrcit Hospital Baikunthpur Blood bank, Korea",Baikunthpur,Korea,Chhattisgarh,23.26,82.562,Esri India Blood Bank Directory 2017 (MoHFW/data.gov.in),2026-08-19T17:39:10.719610+00:00,2017 (historical; not live availability)
official_314,Jabalpur Thalesemia Society Blood Bank,Jabalpur,Jabalpur,Madhya Pradesh,23.169545,79.932327,Esri India Blood Bank Directory 2017 (MoHFW/data.gov.in),2026-08-19T17:39:10.719610+00:00,2017 (historical; not live availability)
official_315,District Hospital Blood Bank,Pratapgarh,Pratapgarh,Uttar Pradesh,25.922103,81.998641,Esri India Blood Bank Directory 2017 (MoHFW/data.gov.in),2026-08-19T17:39:10.719610+00:00,2017 (historical; not live availability)
official_316,Surguja District Hospital Blood Bank ,Ambikapur,Surguja,Chhattisgarh,23.1099901,83.1945,Esri India Blood Bank Directory 2017 (MoHFW/data.gov.in),2026-08-19T17:39:10.719610+00:00,2017 (historical; not live availability)
official_317,Red Cross Blood Bank,Singrauli,Singrauli,Madhya Pradesh,24.0925456,82.6559943,Esri India Blood Bank Directory 2017 (MoHFW/data.gov.in),2026-08-19T17:39:10.719610+00:00,2017 (historical; not live availability)
official_318,District Hospital Blood Bank,Guna,Guna,Madhya Pradesh,24.646947,77.308376,Esri India Blood Bank Directory 2017 (MoHFW/data.gov.in),2026-08-19T17:39:10.719610+00:00,2017 (historical; not live availability)
official_319,Bansal Blood Bank and Transfusion Service,Jabalpur,Jabalpur,Madhya Pradesh,23.164273,79.929699,Esri India Blood Bank Directory 2017 (MoHFW/data.gov.in),2026-08-19T17:39:10.719610+00:00,2017 (historical; not live availability)
official_320,Jawahar Lal Nehru Cancer Hospital and Research Centre Blood Bank,Bhopal,Bhopal,Madhya Pradesh,23.273077,77.380764,Esri India Blood Bank Directory 2017 (MoHFW/data.gov.in),2026-08-19T17:39:10.719610+00:00,2017 (historical; not live availability)
official_321,District Hospital,Mahoba,Mahoba,Uttar Pradesh,25.293146,79.88485,Esri India Blood Bank Directory 2017 (MoHFW/data.gov.in),2026-08-19T17:39:10.719610+00:00,2017 (historical; not live availability)
official_322,Chirayu Medical College and Hospital Blood Bank,Bairagarh,Bhopal,Madhya Pradesh,23.268916,77.308073,Esri India Blood Bank Directory 2017 (MoHFW/data.gov.in),2026-08-19T17:39:10.719610+00:00,2017 (historical; not live availability)
official_323,MP Birla Hospital and Priyamvada Birla Cancer Research Institute Blood Bank,Satna,Satna,Madhya Pradesh,24.585065,80.85646,Esri India Blood Bank Directory 2017 (MoHFW/data.gov.in),2026-08-19T17:39:10.719610+00:00,2017 (historical; not live availability)
official_324,District Hospital Blood Bank,Katni,Katni,Madhya Pradesh,23.832575,80.39196,Esri India Blood Bank Directory 2017 (MoHFW/data.gov.in),2026-08-19T17:39:10.719610+00:00,2017 (historical; not live availability)
official_325,NSCB Medical College Blood Bank,Jabalpur,Jabalpur,Madhya Pradesh,23.149881,79.881151,Esri India Blood Bank Directory 2017 (MoHFW/data.gov.in),2026-08-19T17:39:10.719610+00:00,2017 (historical; not live availability)
official_326,Nirmal Hospital Blood Bank,Jhansi,Jhansi,Uttar Pradesh,25.460278,78.617827,Esri India Blood Bank Directory 2017 (MoHFW/data.gov.in),2026-08-19T17:39:10.719610+00:00,2017 (historical; not live availability)
official_327,District Hospital Blood Bank,Shajapur,Shajapur,Madhya Pradesh,23.421106,76.274685,Esri India Blood Bank Directory 2017 (MoHFW/data.gov.in),2026-08-19T17:39:10.719610+00:00,2017 (historical; not live availability)
official_328,District Hospital Blood Bank,Sidhi,Sidhi,Madhya Pradesh,24.413386,81.88065,Esri India Blood Bank Directory 2017 (MoHFW/data.gov.in),2026-08-19T17:39:10.719610+00:00,2017 (historical; not live availability)
official_329,S. S. Medical College Blood Bank,Rewa,Rewa,Madhya Pradesh,24.531793,81.299794,Esri India Blood Bank Directory 2017 (MoHFW/data.gov.in),2026-08-19T17:39:10.719610+00:00,2017 (historical; not live availability)
official_330,Burhar Central Hospital of South Eastern Coal Fields Limited Blood Bank,Dhanpuri,Shahdol,Madhya Pradesh,23.185907,81.571377,Esri India Blood Bank Directory 2017 (MoHFW/data.gov.in),2026-08-19T17:39:10.719610+00:00,2017 (historical; not live availability)
official_331,Moti Lal Nehru District Hospital Blood Bank,Allahabad,Allahabad,Uttar Pradesh,25.439232,81.8286,Esri India Blood Bank Directory 2017 (MoHFW/data.gov.in),2026-08-19T17:39:10.719610+00:00,2017 (historical; not live availability)
official_332,Hindalco Hospital Blood Bank,Renukoot,Sonbhadra,Uttar Pradesh,24.212959,83.036739,Esri India Blood Bank Directory 2017 (MoHFW/data.gov.in),2026-08-19T17:39:10.719610+00:00,2017 (historical; not live availability)
official_333,Nehru Jan shatabdi Chikitsalaya Blood Bank ,Jayant,Singrauli,Madhya Pradesh,24.06319,82.383071,Esri India Blood Bank Directory 2017 (MoHFW/data.gov.in),2026-08-19T17:39:10.719610+00:00,2017 (historical; not live availability)
official_334,IGH Gas Rahat Blood Bank,Bhopal,Bhopal,Madhya Pradesh,23.1549,77.244677,Esri India Blood Bank Directory 2017 (MoHFW/data.gov.in),2026-08-19T17:39:10.719610+00:00,2017 (historical; not live availability)
official_335,Combined District Hospital,Kaushambi,Kaushambi,Uttar Pradesh,25.361049,81.403171,Esri India Blood Bank Directory 2017 (MoHFW/data.gov.in),2026-08-19T17:39:10.719610+00:00,2017 (historical; not live availability)
official_336,Santushti Hospital Private Limited Blood Bank,Varanasi,Varanasi,Uttar Pradesh,25.282632,82.975715,Esri India Blood Bank Directory 2017 (MoHFW/data.gov.in),2026-08-19T17:39:10.719610+00:00,2017 (historical; not live availability)
official_337,Bansal Hospital Redefining Healthcare Blood Bank,Bhopal,Bhopal,Madhya Pradesh,23.199485,77.420061,Esri India Blood Bank Directory 2017 (MoHFW/data.gov.in),2026-08-19T17:39:10.719610+00:00,2017 (historical; not live availability)
official_338,District Hospital,Lalitpur,Lalitpur,Uttar Pradesh,24.696225,78.412323,Esri India Blood Bank Directory 2017 (MoHFW/data.gov.in),2026-08-19T17:39:10.719610+00:00,2017 (historical; not live availability)
official_339,St. Judes Hospital Blood Bank,Jhansi,Jhansi,Uttar Pradesh,25.462874,78.547451,Esri India Blood Bank Directory 2017 (MoHFW/data.gov.in),2026-08-19T17:39:10.719610+00:00,2017 (historical; not live availability)
official_340,District Hospital Blood Bank,Tikamgarh,Tikamgarh,Madhya Pradesh,24.452408,78.500693,Esri India Blood Bank Directory 2017 (MoHFW/data.gov.in),2026-08-19T17:39:10.719610+00:00,2017 (historical; not live availability)
official_341,Sir Sunderlal Hospital Blood Bank,Varanasi,Varanasi,Uttar Pradesh,25.276992,83.001231,Esri India Blood Bank Directory 2017 (MoHFW/data.gov.in),2026-08-19T17:39:10.719610+00:00,2017 (historical; not live availability)
official_342,District Hospital Blood Bank,Sagar,Sagar,Madhya Pradesh,23.492157,78.451821,Esri India Blood Bank Directory 2017 (MoHFW/data.gov.in),2026-08-19T17:39:10.719610+00:00,2017 (historical; not live availability)
official_343,Sant Diagnostic Centre and Blood Bank,Jhansi,Jhansi,Uttar Pradesh,25.45845516,78.61560658,Esri India Blood Bank Directory 2017 (MoHFW/data.gov.in),2026-08-19T17:39:10.719610+00:00,2017 (historical; not live availability)
official_344,"Baran Government Hospital, Blood bank",Baran,Baran,Rajasthan,25.104377,76.503388,Esri India Blood Bank Directory 2017 (MoHFW/data.gov.in),2026-08-19T17:39:10.719610+00:00,2017 (historical; not live availability)
official_345,Shahada Blood Bank (Whole Human Blood),,Dhule,Maharashtra,21.554796,74.472875,Esri India Blood Bank Directory 2017 (MoHFW/data.gov.in),2026-08-19T17:39:10.719610+00:00,2017 (historical; not live availability)
official_346,Tej Blood Bank,Ambikapur,Surguja,Chhattisgarh,23.117556,83.191169,Esri India Blood Bank Directory 2017 (MoHFW/data.gov.in),2026-08-19T17:39:10.719610+00:00,2017 (historical; not live availability)
official_347,New Bhopal Blood Bank,Bhopal,Bhopal,Madhya Pradesh,23.20973,77.437187,Esri India Blood Bank Directory 2017 (MoHFW/data.gov.in),2026-08-19T17:39:10.719610+00:00,2017 (historical; not live availability)
official_348,MLB Medical College and Hospital,Jhansi,Jhansi,Uttar Pradesh,25.459045,78.615934,Esri India Blood Bank Directory 2017 (MoHFW/data.gov.in),2026-08-19T17:39:10.719610+00:00,2017 (historical; not live availability)
official_349,Saraswathi Institute of Medical Science,Hapur,Hapur,Uttar Pradesh,28.713701,77.692994,Esri India Blood Bank Directory 2017 (MoHFW/data.gov.in),2026-08-19T17:39:10.719610+00:00,2017 (historical; not live availability)
official_350,Arpan Blood Bank,Bhopal,Bhopal,Madhya Pradesh,23.2289768,77.4351847,Esri India Blood Bank Directory 2017 (MoHFW/data.gov.in),2026-08-19T17:39:10.719610+00:00,2017 (historical; not live availability)
official_351,District Hospital Blood Bank,Vidisha,Vidisha,Madhya Pradesh,23.520189,77.808353,Esri India Blood Bank Directory 2017 (MoHFW/data.gov.in),2026-08-19T17:39:10.719610+00:00,2017 (historical; not live availability)
official_352,Chirayu Health and Medicare Blood Bank ,Bhopal,Bhopal,Madhya Pradesh,23.258167,77.39707,Esri India Blood Bank Directory 2017 (MoHFW/data.gov.in),2026-08-19T17:39:10.719610+00:00,2017 (historical; not live availability)
official_353,Military Hospital Blood Bank ,Jabalpur,Jabalpur,Madhya Pradesh,23.1496957,79.9530199,Esri India Blood Bank Directory 2017 (MoHFW/data.gov.in),2026-08-19T17:39:10.719610+00:00,2017 (historical; not live availability)
official_354,District Hospital Blood Bank,Chhatarpur,Chhatarpur,Madhya Pradesh,24.90762,79.584212,Esri India Blood Bank Directory 2017 (MoHFW/data.gov.in),2026-08-19T17:39:10.719610+00:00,2017 (historical; not live availability)
official_355,Heritage Hospital,Varanasi,Varanasi,Uttar Pradesh,25.279165,83.003404,Esri India Blood Bank Directory 2017 (MoHFW/data.gov.in),2026-08-19T17:39:10.719610+00:00,2017 (historical; not live availability)
official_356,Sadguru Blood Bank Chitrakoot,Chitrakoot,Satna,Madhya Pradesh,25.095043,80.515971,Esri India Blood Bank Directory 2017 (MoHFW/data.gov.in),2026-08-19T17:39:10.719610+00:00,2017 (historical; not live availability)
official_357,District Hospital Blood Bank,Shahdol,Shahdol,Madhya Pradesh,23.30792,81.352897,Esri India Blood Bank Directory 2017 (MoHFW/data.gov.in),2026-08-19T17:39:10.719610+00:00,2017 (historical; not live availability)
official_358,City Blood Bank of Bhojpal Charitable Trust,Bhopal,Bhopal,Madhya Pradesh,23.26,77.412,Esri India Blood Bank Directory 2017 (MoHFW/data.gov.in),2026-08-19T17:39:10.719610+00:00,2017 (historical; not live availability)
official_359,Khanna Pathology Lab and Blood Bank,Jabalpur,Jabalpur,Madhya Pradesh,23.1708138,79.9304742,Esri India Blood Bank Directory 2017 (MoHFW/data.gov.in),2026-08-19T17:39:10.719610+00:00,2017 (historical; not live availability)
official_360,Shri Shiv Prasad Gupta Mandliya Zilla Chikitsalaya,Varanasi,Varanasi,Uttar Pradesh,25.31984,83.008853,Esri India Blood Bank Directory 2017 (MoHFW/data.gov.in),2026-08-19T17:39:10.719610+00:00,2017 (historical; not live availability)
official_361,AMA (Allahabad Medical Association) Blood Bank,Allahabad,Allahabad,Uttar Pradesh,25.468205,81.844042,Esri India Blood Bank Directory 2017 (MoHFW/data.gov.in),2026-08-19T17:39:10.719610+00:00,2017 (historical; not live availability)
official_362,District Hospital Blood Bank,Sehore,Sehore,Madhya Pradesh,23.198387,77.081271,Esri India Blood Bank Directory 2017 (MoHFW/data.gov.in),2026-08-19T17:39:10.719610+00:00,2017 (historical; not live availability)
official_363,District Victoria Hospital Blood Bank,Jabalpur,Jabalpur,Madhya Pradesh,23.172743,79.936409,Esri India Blood Bank Directory 2017 (MoHFW/data.gov.in),2026-08-19T17:39:10.719610+00:00,2017 (historical; not live availability)
official_364,Manas Blood Bank of Chinmayi Swasthya Seva Sadhbhav Shikshan Samiti,Bhopal,Bhopal,Madhya Pradesh,23.26,77.39,Esri India Blood Bank Directory 2017 (MoHFW/data.gov.in),2026-08-19T17:39:10.719610+00:00,2017 (historical; not live availability)
official_365,Military Hospital Blood Bank,Allahabad,Allahabad,Uttar Pradesh,25.46047,81.814778,Esri India Blood Bank Directory 2017 (MoHFW/data.gov.in),2026-08-19T17:39:10.719610+00:00,2017 (historical; not live availability)
official_366,District Hospital Blood Bank,Rajgarh,Rajgarh,Madhya Pradesh,24.00976,76.732073,Esri India Blood Bank Directory 2017 (MoHFW/data.gov.in),2026-08-19T17:39:10.719610+00:00,2017 (historical; not live availability)
official_367,Military Blood Bank Bathinda,Bathinda,Bathinda,Punjab,30.216442,74.986339,Esri India Blood Bank Directory 2017 (MoHFW/data.gov.in),2026-08-19T17:39:10.719610+00:00,2017 (historical; not live availability)
official_368,District Hospital Blood Bank,Damoh,Damoh,Madhya Pradesh,23.833141,79.440745,Esri India Blood Bank Directory 2017 (MoHFW/data.gov.in),2026-08-19T17:39:10.719610+00:00,2017 (historical; not live availability)
official_369,District Hospital Blood Bank,Jhansi,Jhansi,Uttar Pradesh,25.457843,78.57868,Esri India Blood Bank Directory 2017 (MoHFW/data.gov.in),2026-08-19T17:39:10.719610+00:00,2017 (historical; not live availability)
official_370,Maharaja Chet Singh District Hospital,Bhadoi,Sant Ravidas Nagar (Bhadohi),Uttar Pradesh,25.358723,82.464122,Esri India Blood Bank Directory 2017 (MoHFW/data.gov.in),2026-08-19T17:39:10.719610+00:00,2017 (historical; not live availability)
official_371,Bhopal Memorial Hospital and Research Centre Blood Bank,Bhopal,Bhopal,Madhya Pradesh,23.18006,77.25035,Esri India Blood Bank Directory 2017 (MoHFW/data.gov.in),2026-08-19T17:39:10.719610+00:00,2017 (historical; not live availability)
official_372,District Hospital Blood Bank,Bhopal,Bhopal,Madhya Pradesh,23.229861,77.417539,Esri India Blood Bank Directory 2017 (MoHFW/data.gov.in),2026-08-19T17:39:10.719610+00:00,2017 (historical; not live availability)
official_373,Jeevan Deep Hospital Private Limited Blood Bank,Bhadohi,Sant Ravidas Nagar (Bhadohi),Uttar Pradesh,25.387859,82.592757,Esri India Blood Bank Directory 2017 (MoHFW/data.gov.in),2026-08-19T17:39:10.719610+00:00,2017 (historical; not live availability)
official_374,District Hospital Blood Bank,Panna,Panna,Madhya Pradesh,24.712076,80.181218,Esri India Blood Bank Directory 2017 (MoHFW/data.gov.in),2026-08-19T17:39:10.719610+00:00,2017 (historical; not live availability)
official_375,"S.R.N. Hospital, M.L. N. Medical College",Allahabad,Allahabad,Uttar Pradesh,25.456005,81.852791,Esri India Blood Bank Directory 2017 (MoHFW/data.gov.in),2026-08-19T17:39:10.719610+00:00,2017 (historical; not live availability)
official_376,District Hospital Blood Bank,Mathura,Mathura,Uttar Pradesh,25.351229,82.986065,Esri India Blood Bank Directory 2017 (MoHFW/data.gov.in),2026-08-19T17:39:10.719610+00:00,2017 (historical; not live availability)
official_377,JK Hospital and Medical Research Centre Blood Bank,Bhopal,Bhopal,Madhya Pradesh,23.178855,77.428807,Esri India Blood Bank Directory 2017 (MoHFW/data.gov.in),2026-08-19T17:39:10.719610+00:00,2017 (historical; not live availability)
official_378,Kasturba Hospital BHEL Blood Bank,Bhopal,Bhopal,Madhya Pradesh,23.222946,77.446666,Esri India Blood Bank Directory 2017 (MoHFW/data.gov.in),2026-08-19T17:39:10.719610+00:00,2017 (historical; not live availability)
official_379,Heritage Institute of Medical Sciences Blood Bank ,Varanasi,Varanasi,Uttar Pradesh,25.278956,83.002917,Esri India Blood Bank Directory 2017 (MoHFW/data.gov.in),2026-08-19T17:39:10.719610+00:00,2017 (historical; not live availability)
official_380,District Hospital Blood Bank,Raisen,Raisen,Madhya Pradesh,23.333493,77.78043,Esri India Blood Bank Directory 2017 (MoHFW/data.gov.in),2026-08-19T17:39:10.719610+00:00,2017 (historical; not live availability)
official_381,Gandhi Medical College Blood Bank,Bhopal,Bhopal,Madhya Pradesh,23.259924,77.390958,Esri India Blood Bank Directory 2017 (MoHFW/data.gov.in),2026-08-19T17:39:10.719610+00:00,2017 (historical; not live availability)
official_382,Kanchan Medicare and Research Centre Private Limited Blood Bank,Guna,Guna,Madhya Pradesh,24.648661,77.302928,Esri India Blood Bank Directory 2017 (MoHFW/data.gov.in),2026-08-19T17:39:10.719610+00:00,2017 (historical; not live availability)
official_383,Banaras Heart Hospital Component Blood Bank,Banaras,Varanasi,Uttar Pradesh,25.311963,82.986551,Esri India Blood Bank Directory 2017 (MoHFW/data.gov.in),2026-08-19T17:39:10.719610+00:00,2017 (historical; not live availability)
official_384,District Hospital Blood Bank,Mirzapur,Mirzapur,Uttar Pradesh,25.154094,82.577234,Esri India Blood Bank Directory 2017 (MoHFW/data.gov.in),2026-08-19T17:39:10.719610+00:00,2017 (historical; not live availability)
official_385,Bhagyoday Tirth Hospital Blood Bank,Sagar,Sagar,Madhya Pradesh,23.851061,78.722466,Esri India Blood Bank Directory 2017 (MoHFW/data.gov.in),2026-08-19T17:39:10.719610+00:00,2017 (historical; not live availability)
official_386,"Red Cross Blood Bank, SDH, Koraputk",Jeypore,Koraput,Odisha,18.863146,82.572509,Esri India Blood Bank Directory 2017 (MoHFW/data.gov.in),2026-08-19T17:39:10.719610+00:00,2017 (historical; not live availability)
official_387,"Odisha Red Cross Blood Bank, Malkangiri",DNK Malkangiri,Malkangiri,Odisha,18.581971,82.075923,Esri India Blood Bank Directory 2017 (MoHFW/data.gov.in),2026-08-19T17:39:10.719610+00:00,2017 (historical; not live availability)
official_388, A. S. Raja Voluntary Blood Bank,Visakhapatnam ,Visakhapatnam,Andhra Pradesh,17.720274,83.313048,Esri India Blood Bank Directory 2017 (MoHFW/data.gov.in),2026-08-19T17:39:10.719610+00:00,2017 (historical; not live availability)
official_389,District Headquarters Hospital Blood Bank,Vizianagaram,Vizianagaram,Andhra Pradesh,18.110022,83.388433,Esri India Blood Bank Directory 2017 (MoHFW/data.gov.in),2026-08-19T17:39:10.719610+00:00,2017 (historical; not live availability)
official_390,M/s. Gayatri Vidya Parishad Institute of Health Care and Medical Technology,Visakhapatnam ,Visakhapatnam,Andhra Pradesh,17.689433,83.211615,Esri India Blood Bank Directory 2017 (MoHFW/data.gov.in),2026-08-19T17:39:10.719610+00:00,2017 (historical; not live availability)
official_391,M/s. Government Area General Hospital Blood Bank.,Tuni,East Godavari,Andhra Pradesh,17.354937,82.541241,Esri India Blood Bank Directory 2017 (MoHFW/data.gov.in),2026-08-19T17:39:10.719610+00:00,2017 (historical; not live availability)
official_392,M/s. Seven Hills Hospital Blood Bank,Visakhapatnam,Visakhapatnam,Andhra Pradesh,17.71737,83.309268,Esri India Blood Bank Directory 2017 (MoHFW/data.gov.in),2026-08-19T17:39:10.719610+00:00,2017 (historical; not live availability)
official_393,M/s. Rotary Blood Bank (Vishaka Port City Rotary Charitable Trust),Visakhapatnam,Visakhapatnam,Andhra Pradesh,17.686816,83.218482,Esri India Blood Bank Directory 2017 (MoHFW/data.gov.in),2026-08-19T17:39:10.719610+00:00,2017 (historical; not live availability)
official_394,District Hospital,Anakapalli,Visakhapatnam,Andhra Pradesh,17.689592,82.997733,Esri India Blood Bank Directory 2017 (MoHFW/data.gov.in),2026-08-19T17:39:10.719610+00:00,2017 (historical; not live availability)
official_395,GMR Varalakshmi Care Hospital Blood Bank,Rajam,Srikakulam,Andhra Pradesh,18.461272,83.658352,Esri India Blood Bank Directory 2017 (MoHFW/data.gov.in),2026-08-19T17:39:10.719610+00:00,2017 (historical; not live availability)
official_396,Sardar Rajas Medical College Hospital Blood Bank,N/A,Kalahandi,Odisha,19.890621,83.014694,Esri India Blood Bank Directory 2017 (MoHFW/data.gov.in),2026-08-19T17:39:10.719610+00:00,2017 (historical; not live availability)
official_397,M/s. Gitam Institute of Medical Sciences and Research Blood Bank ,Visakhapatnam ,Visakhapatnam,Andhra Pradesh,17.784938,83.374975,Esri India Blood Bank Directory 2017 (MoHFW/data.gov.in),2026-08-19T17:39:10.719610+00:00,2017 (historical; not live availability)
official_398,Anand Hospital Blood Bank,Meerut,Meerut,Uttar Pradesh,28.96181,77.746366,Esri India Blood Bank Directory 2017 (MoHFW/data.gov.in),2026-08-19T17:39:10.719610+00:00,2017 (historical; not live availability)
official_399,Yanam Old Age Home Blood Bank,Yanam,Puducherry,Puducherry,16.729453,82.216893,Esri India Blood Bank Directory 2017 (MoHFW/data.gov.in),2026-08-19T17:39:10.719610+00:00,2017 (historical; not live availability)
official_400,M/S. Dhanwantari Voluntary Blood Bank.,Rajahmundry,East Godavari,Andhra Pradesh,17.00787,81.785213,Esri India Blood Bank Directory 2017 (MoHFW/data.gov.in),2026-08-19T17:39:10.719610+00:00,2017 (historical; not live availability)
official_401,"Indian Red Cross Society Blood Bank, RCH-II",Parvathipuram,Vizianagaram,Andhra Pradesh,18.781716,83.426752,Esri India Blood Bank Directory 2017 (MoHFW/data.gov.in),2026-08-19T17:39:10.719610+00:00,2017 (historical; not live availability)
official_402,"Odisha Red Cross Blood Bank, Koraput",Koraput,Koraput,Odisha,18.805606,82.705017,Esri India Blood Bank Directory 2017 (MoHFW/data.gov.in),2026-08-19T17:39:10.719610+00:00,2017 (historical; not live availability)
official_403,"Odisha Red Cross Blood Bank, Khurda",Khordha,Khordha,Odisha,20.0553881,84.9466673,Esri India Blood Bank Directory 2017 (MoHFW/data.gov.in),2026-08-19T17:39:10.719610+00:00,2017 (historical; not live availability)
official_404,Asha Kiran Society Blood Bank,Lamtaput,Koraput,Odisha,18.599153,82.601739,Esri India Blood Bank Directory 2017 (MoHFW/data.gov.in),2026-08-19T17:39:10.719610+00:00,2017 (historical; not live availability)
official_405,M/s. NTR Area Hospital Blood Bank,Anakapalli,Visakhapatnam,Andhra Pradesh,17.686427,83.218576,Esri India Blood Bank Directory 2017 (MoHFW/data.gov.in),2026-08-19T17:39:10.719610+00:00,2017 (historical; not live availability)
official_406,District Headquarters Hospital,Rajahmundry,East Godavari,Andhra Pradesh,17.019708,81.791631,Esri India Blood Bank Directory 2017 (MoHFW/data.gov.in),2026-08-19T17:39:10.719610+00:00,2017 (historical; not live availability)
official_407,"Odisha Red Cross Blood Bank, Nabarangpur",Nabarangpur,Nabarangpur,Odisha,19.22886,82.56679,Esri India Blood Bank Directory 2017 (MoHFW/data.gov.in),2026-08-19T17:39:10.719610+00:00,2017 (historical; not live availability)
official_408,M/s. Indian Red Cross Society Blood Bank,Kakinada,East Godavari,Andhra Pradesh,16.989065,82.247465,Esri India Blood Bank Directory 2017 (MoHFW/data.gov.in),2026-08-19T17:39:10.719610+00:00,2017 (historical; not live availability)
official_409,Maharani Hospital Blood Bank ,Jagdalpur,Bastar,Chhattisgarh,19.085071,82.023963,Esri India Blood Bank Directory 2017 (MoHFW/data.gov.in),2026-08-19T17:39:10.719610+00:00,2017 (historical; not live availability)
official_410,"Odisha Red Cross Blood, Paralakhemundi",Gajapai,Gajapati,Odisha,18.771476,84.096865,Esri India Blood Bank Directory 2017 (MoHFW/data.gov.in),2026-08-19T17:39:10.719610+00:00,2017 (historical; not live availability)
official_411,M/s. Anil Neerukonda Hospital  Blood Bank,Sangivalasa,Visakhapatnam,Andhra Pradesh,17.97256,83.432338,Esri India Blood Bank Directory 2017 (MoHFW/data.gov.in),2026-08-19T17:39:10.719610+00:00,2017 (historical; not live availability)
official_412,Indian Red Cross Society Blood Bank Tanuku  (Repeated),Tanuku,West Godavari,Andhra Pradesh,16.757173,81.679963,Esri India Blood Bank Directory 2017 (MoHFW/data.gov.in),2026-08-19T17:39:10.719610+00:00,2017 (historical; not live availability)
official_413,M/s. N.T.R. Memorial Trust Blood Bank ,Visakhapatnam,Visakhapatnam,Andhra Pradesh,17.691575,83.238891,Esri India Blood Bank Directory 2017 (MoHFW/data.gov.in),2026-08-19T17:39:10.719610+00:00,2017 (historical; not live availability)
official_414,Lions Club Matadin Goel Blood Bank,Hymayathnagar,Hyderabad,Telangana,17.403106,78.479609,Esri India Blood Bank Directory 2017 (MoHFW/data.gov.in),2026-08-19T17:39:10.719610+00:00,2017 (historical; not live availability)
official_415,M/s. Apollo Hospital Heart & Kidney Centre Blood Bank,Visakhapatnam ,Visakhapatnam,Andhra Pradesh,17.717084,83.309208,Esri India Blood Bank Directory 2017 (MoHFW/data.gov.in),2026-08-19T17:39:10.719610+00:00,2017 (historical; not live availability)
official_416,District Hospital Blood Bank,Rampur,Rampur,Uttar Pradesh,28.807443,79.014396,Esri India Blood Bank Directory 2017 (MoHFW/data.gov.in),2026-08-19T17:39:10.719610+00:00,2017 (historical; not live availability)
official_417,"Odisha Red Cross Blood Bank, SDH, Baliguda",Baliguda,Kandhamal,Odisha,20.200309,83.909889,Esri India Blood Bank Directory 2017 (MoHFW/data.gov.in),2026-08-19T17:39:10.719610+00:00,2017 (historical; not live availability)
official_418,Indian Red Cross Society Blood Bank,Vizianagaram,Vizianagaram,Andhra Pradesh,18.106658,83.395551,Esri India Blood Bank Directory 2017 (MoHFW/data.gov.in),2026-08-19T17:39:10.719610+00:00,2017 (historical; not live availability)
official_419,"M/s. Government General Hospital, Blood Bank.",Kakinada,East Godavari,Andhra Pradesh,16.955537,82.22748,Esri India Blood Bank Directory 2017 (MoHFW/data.gov.in),2026-08-19T17:39:10.719610+00:00,2017 (historical; not live availability)
official_420,Gems Hospital Blood Bank,Ragolu,Srikakulam,Andhra Pradesh,18.289087,83.9056,Esri India Blood Bank Directory 2017 (MoHFW/data.gov.in),2026-08-19T17:39:10.719610+00:00,2017 (historical; not live availability)
official_421,M/s. Indian Red Cross Society Blood Bank ,Visakhapatnam,Visakhapatnam,Andhra Pradesh,17.686816,83.218482,Esri India Blood Bank Directory 2017 (MoHFW/data.gov.in),2026-08-19T17:39:10.719610+00:00,2017 (historical; not live availability)
official_422,District Head Quarters Hospital Blood Bank Bhawanipatna,Bhawanipatna,Kalahandi,Odisha,19.901936,83.159977,Esri India Blood Bank Directory 2017 (MoHFW/data.gov.in),2026-08-19T17:39:10.719610+00:00,2017 (historical; not live availability)
official_423,Maharaja Krishna Chandra Gajapati Medical College Blood bank,Berhampur,Ganjam,Odisha,19.312434,84.810241,Esri India Blood Bank Directory 2017 (MoHFW/data.gov.in),2026-08-19T17:39:10.719610+00:00,2017 (historical; not live availability)
official_424,M/s. Government Victoria Hospital Blood Bank,Visakhapatnam,Visakhapatnam,Andhra Pradesh,17.686816,83.218482,Esri India Blood Bank Directory 2017 (MoHFW/data.gov.in),2026-08-19T17:39:10.719610+00:00,2017 (historical; not live availability)
official_425,"Odisha Red Cross Blood bank, SDH, Gunupur",Gunupur,Rayagada,Odisha,19.071552,83.809261,Esri India Blood Bank Directory 2017 (MoHFW/data.gov.in),2026-08-19T17:39:10.719610+00:00,2017 (historical; not live availability)
official_426,M/s. Government Headquarters Hospital Blood Bank,Eluru,West Godavari,Andhra Pradesh,17.006153,81.782132,Esri India Blood Bank Directory 2017 (MoHFW/data.gov.in),2026-08-19T17:39:10.719610+00:00,2017 (historical; not live availability)
official_427,HAL Hospital Blood Bank,Sunabeda,Koraput,Odisha,18.729641,82.8215279,Esri India Blood Bank Directory 2017 (MoHFW/data.gov.in),2026-08-19T17:39:10.719610+00:00,2017 (historical; not live availability)
official_428,M/s. King George Hospital (KGH) Blood Bank ,Visakhapatnam,Visakhapatnam,Andhra Pradesh,17.70667,83.303737,Esri India Blood Bank Directory 2017 (MoHFW/data.gov.in),2026-08-19T17:39:10.719610+00:00,2017 (historical; not live availability)
official_429,Christian Hospital Blood Bank Nabarangpur,Nabarangpur,Nabarangpur,Odisha,19.2392509,82.547666,Esri India Blood Bank Directory 2017 (MoHFW/data.gov.in),2026-08-19T17:39:10.719610+00:00,2017 (historical; not live availability)
official_430,M/s. Lions Club of Visakhapatnam Blod Bank Trust  ,Visakhapatnam,Visakhapatnam,Andhra Pradesh,17.719063,83.311286,Esri India Blood Bank Directory 2017 (MoHFW/data.gov.in),2026-08-19T17:39:10.719610+00:00,2017 (historical; not live availability)
official_431,M/s. Good Samaritan Blood Bank,Eluru,West Godavari,Andhra Pradesh,18.179738,83.39551,Esri India Blood Bank Directory 2017 (MoHFW/data.gov.in),2026-08-19T17:39:10.719610+00:00,2017 (historical; not live availability)
official_432,Dr. Mulla Pudi Harischandra Prasad Red Cross Blood Bank,Tanuku,West Godavari,Andhra Pradesh,16.757173,81.679963,Esri India Blood Bank Directory 2017 (MoHFW/data.gov.in),2026-08-19T17:39:10.719610+00:00,2017 (historical; not live availability)
official_433,Indian Red Cross Society (IRCS) Blood Bank,Srikakulam,Srikakulam,Andhra Pradesh,18.296359,83.894549,Esri India Blood Bank Directory 2017 (MoHFW/data.gov.in),2026-08-19T17:39:10.719610+00:00,2017 (historical; not live availability)
official_434,Christian Hospital Blood Bank,Bissam Cuttack,Rayagada,Odisha,19.516658,83.506689,Esri India Blood Bank Directory 2017 (MoHFW/data.gov.in),2026-08-19T17:39:10.719610+00:00,2017 (historical; not live availability)
official_435,Rajiv Gandhi Institute of Medical Sciences (RIMS) General Hospital Blood Bank,Srikakulam,Srikakulam,Andhra Pradesh,18.312884,83.887717,Esri India Blood Bank Directory 2017 (MoHFW/data.gov.in),2026-08-19T17:39:10.719610+00:00,2017 (historical; not live availability)
official_436,M/s. Visakha Steel General Hospital Blood Bank,Gajuwaka,Visakhapatnam,Andhra Pradesh,17.662908,83.144127,Esri India Blood Bank Directory 2017 (MoHFW/data.gov.in),2026-08-19T17:39:10.719610+00:00,2017 (historical; not live availability)
official_437,Nalwa Pathology and Microbiology Laboratory Blood Bank,Hisar,Hisar,Haryana,29.157025,75.722428,Esri India Blood Bank Directory 2017 (MoHFW/data.gov.in),2026-08-19T17:39:10.719610+00:00,2017 (historical; not live availability)
official_438,Ratangarh General Hospital Blood Bank,Ratangarh,Churu,Rajasthan,28.07138,74.623013,Esri India Blood Bank Directory 2017 (MoHFW/data.gov.in),2026-08-19T17:39:10.719610+00:00,2017 (historical; not live availability)
official_439,Gupta Hospital Blood Bank,Bathinda,Bathinda,Punjab,30.207465,74.950084,Esri India Blood Bank Directory 2017 (MoHFW/data.gov.in),2026-08-19T17:39:10.719610+00:00,2017 (historical; not live availability)
official_440,Mansa Civil Hospital Blood Bank ,Mansa,Mansa,Punjab,29.985368,75.40316,Esri India Blood Bank Directory 2017 (MoHFW/data.gov.in),2026-08-19T17:39:10.719610+00:00,2017 (historical; not live availability)
official_441,Adesh Institute of Medical Sciences and Research Blood Bank,Bathinda,Bathinda,Punjab,30.222218,75.058662,Esri India Blood Bank Directory 2017 (MoHFW/data.gov.in),2026-08-19T17:39:10.719610+00:00,2017 (historical; not live availability)
official_442,Nabha Civil Hospital Blood Bank,Nabha,Patiala,Punjab,30.370999,76.146125,Esri India Blood Bank Directory 2017 (MoHFW/data.gov.in),2026-08-19T17:39:10.719610+00:00,2017 (historical; not live availability)
official_443,Kailash Hospital Blood Bank,Behror,Alwar,Rajasthan,27.88214,76.286106,Esri India Blood Bank Directory 2017 (MoHFW/data.gov.in),2026-08-19T17:39:10.719610+00:00,2017 (historical; not live availability)
official_444,Goyal Jan Suvidha Charitable Blood Bank,Agra,Agra,Uttar Pradesh,27.198683,78.003769,Esri India Blood Bank Directory 2017 (MoHFW/data.gov.in),2026-08-19T17:39:10.719610+00:00,2017 (historical; not live availability)
official_445,Agrasen Blood Bank,Jaipur,Jaipur,Rajasthan,26.957297,75.777845,Esri India Blood Bank Directory 2017 (MoHFW/data.gov.in),2026-08-19T17:39:10.719610+00:00,2017 (historical; not live availability)
official_446,Narayana Multispeciality Hospital Blood bank,Jaipur,Jaipur,Rajasthan,26.794932,75.824591,Esri India Blood Bank Directory 2017 (MoHFW/data.gov.in),2026-08-19T17:39:10.719610+00:00,2017 (historical; not live availability)
official_447,Jagdambe Blood Bank,Tohana,Fatehabad,Haryana,29.715587,75.900961,Esri India Blood Bank Directory 2017 (MoHFW/data.gov.in),2026-08-19T17:39:10.719610+00:00,2017 (historical; not live availability)
official_448,Purohit Charitable Trust Blood Bank,Sriganganagar,Sriganganagar,Rajasthan,29.923281,73.874708,Esri India Blood Bank Directory 2017 (MoHFW/data.gov.in),2026-08-19T17:39:10.719610+00:00,2017 (historical; not live availability)
official_449,Pushpa Devi Memorial Blood Bank ,Jaipur,Jaipur,Rajasthan,26.938802,75.780923,Esri India Blood Bank Directory 2017 (MoHFW/data.gov.in),2026-08-19T17:39:10.719610+00:00,2017 (historical; not live availability)
official_450,North Western Railway Hospital Blood Bank,Ajmer,Ajmer,Rajasthan,26.439622,74.639781,Esri India Blood Bank Directory 2017 (MoHFW/data.gov.in),2026-08-19T17:39:10.719610+00:00,2017 (historical; not live availability)
official_451,Lion Charitable Trust Blood Bank,Sujangarh,Churu,Rajasthan,27.697179,74.471967,Esri India Blood Bank Directory 2017 (MoHFW/data.gov.in),2026-08-19T17:39:10.719610+00:00,2017 (historical; not live availability)
official_452,Malerkotla Civil Hospital Blood Bank ,Malerkotla,Sangrur,Punjab,30.26952,75.809513,Esri India Blood Bank Directory 2017 (MoHFW/data.gov.in),2026-08-19T17:39:10.719610+00:00,2017 (historical; not live availability)
official_453,Mahatma Gandhi Hospital Blood Bank,Jodhpur,Jodhpur,Rajasthan,26.282878,73.018759,Esri India Blood Bank Directory 2017 (MoHFW/data.gov.in),2026-08-19T17:39:10.719610+00:00,2017 (historical; not live availability)
official_454,Fortis Escorts Hospital Blood Bank,Jaipur,Jaipur,Rajasthan,26.846176,75.803437,Esri India Blood Bank Directory 2017 (MoHFW/data.gov.in),2026-08-19T17:39:10.719610+00:00,2017 (historical; not live availability)
official_455,Life Line Blood Bank,Hanumangarh,Hanumangarh,Rajasthan,29.609166,74.297906,Esri India Blood Bank Directory 2017 (MoHFW/data.gov.in),2026-08-19T17:39:10.719610+00:00,2017 (historical; not live availability)
official_456,Mittal Hospital and Research Centre Blood Bank,Ajmer,Ajmer,Rajasthan,26.474396,74.612285,Esri India Blood Bank Directory 2017 (MoHFW/data.gov.in),2026-08-19T17:39:10.719610+00:00,2017 (historical; not live availability)
official_457,General Hospital Bhiwani Blood Bank ,Bhiwani,Bhiwani,Haryana,28.797229,76.13081,Esri India Blood Bank Directory 2017 (MoHFW/data.gov.in),2026-08-19T17:39:10.719610+00:00,2017 (historical; not live availability)
official_458,Metro Blood Bank ,Jaipur,Jaipur,Rajasthan,26.868106,75.768461,Esri India Blood Bank Directory 2017 (MoHFW/data.gov.in),2026-08-19T17:39:10.719610+00:00,2017 (historical; not live availability)
official_459,Sevaytan Swasthay Kalyan Blood Bank,Jaipur,Jaipur,Rajasthan,26.901102,75.770403,Esri India Blood Bank Directory 2017 (MoHFW/data.gov.in),2026-08-19T17:39:10.719610+00:00,2017 (historical; not live availability)
official_460,District Hospital Blood Bank,Muzaffarnagar,Muzaffarnagar,Uttar Pradesh,29.478774,77.696912,Esri India Blood Bank Directory 2017 (MoHFW/data.gov.in),2026-08-19T17:39:10.719610+00:00,2017 (historical; not live availability)
official_461,Kalapurnam General Hospital Khichan Blood Bank,Jodhpur,Jodhpur,Rajasthan,27.115405,72.415203,Esri India Blood Bank Directory 2017 (MoHFW/data.gov.in),2026-08-19T17:39:10.719610+00:00,2017 (historical; not live availability)
official_462,Jaipuria Hospital Blood Bank ,Jaipur,Jaipur,Rajasthan,26.856547,75.800524,Esri India Blood Bank Directory 2017 (MoHFW/data.gov.in),2026-08-19T17:39:10.719610+00:00,2017 (historical; not live availability)
official_463,Government BDM Hospital Blood Bank,Kotputli,Jaipur,Rajasthan,27.702019,76.190905,Esri India Blood Bank Directory 2017 (MoHFW/data.gov.in),2026-08-19T17:39:10.719610+00:00,2017 (historical; not live availability)
official_464,Rampura Phul Civil Hospital Blood Bank ,Rampura Phul,Bathinda,Punjab,30.274566,75.235609,Esri India Blood Bank Directory 2017 (MoHFW/data.gov.in),2026-08-19T17:39:10.719610+00:00,2017 (historical; not live availability)
official_465,"RAJKIYA MAHILA CHIKITSALAYA, AJMER",Ajmer,Ajmer,Rajasthan,26.52447481,74.66235606,Esri India Blood Bank Directory 2017 (MoHFW/data.gov.in),2026-08-19T17:39:10.719610+00:00,2017 (historical; not live availability)
official_466,Getwell Hospital and Research Center Blood Bank ,Sikar,Sikar,Rajasthan,27.611508,75.149061,Esri India Blood Bank Directory 2017 (MoHFW/data.gov.in),2026-08-19T17:39:10.719610+00:00,2017 (historical; not live availability)
official_467,Government Hospital Blood Bank,Sojat City,Pali,Rajasthan,25.922226,73.663357,Esri India Blood Bank Directory 2017 (MoHFW/data.gov.in),2026-08-19T17:39:10.719610+00:00,2017 (historical; not live availability)
official_468,Swastik Blood Bank ,Sriganganagar,Sriganganagar,Rajasthan,29.91577,73.87975,Esri India Blood Bank Directory 2017 (MoHFW/data.gov.in),2026-08-19T17:39:10.719610+00:00,2017 (historical; not live availability)
official_469,Dr. K.M. Memorial Jain Heart & General Hospital Blood Bank,Sikar,Sikar,Rajasthan,27.613529,75.145288,Esri India Blood Bank Directory 2017 (MoHFW/data.gov.in),2026-08-19T17:39:10.719610+00:00,2017 (historical; not live availability)
official_470,Zanana Hospital Blood Bank,Jaipur,Jaipur,Rajasthan,26.925927,75.806748,Esri India Blood Bank Directory 2017 (MoHFW/data.gov.in),2026-08-19T17:39:10.719610+00:00,2017 (historical; not live availability)
official_471,Haryana Blood Bank,Hisar,Hisar,Haryana,29.130234,75.74437,Esri India Blood Bank Directory 2017 (MoHFW/data.gov.in),2026-08-19T17:39:10.719610+00:00,2017 (historical; not live availability)
official_472,Government S.J. Hospital Blood Bank,Jaisalmer,Jaisalmer,Rajasthan,26.241797,73.021563,Esri India Blood Bank Directory 2017 (MoHFW/data.gov.in),2026-08-19T17:39:10.719610+00:00,2017 (historical; not live availability)
official_473,Government Mahila Chikitsalaya Blood Bank,Jaipur,Jaipur,Rajasthan,26.914775,75.824649,Esri India Blood Bank Directory 2017 (MoHFW/data.gov.in),2026-08-19T17:39:10.719610+00:00,2017 (historical; not live availability)
official_474,Tapovan Blood Bank,Sriganganagar,Sriganganagar,Rajasthan,29.913206,73.881827,Esri India Blood Bank Directory 2017 (MoHFW/data.gov.in),2026-08-19T17:39:10.719610+00:00,2017 (historical; not live availability)
official_475,Umaid Hospital Blood Bank,Jodhpur,Jodhpur,Rajasthan,26.284673,73.009906,Esri India Blood Bank Directory 2017 (MoHFW/data.gov.in),2026-08-19T17:39:10.719610+00:00,2017 (historical; not live availability)
official_476,Barnala Civil Hospital Blood Bank ,Barnala,Barnala,Punjab,30.375616,75.544877,Esri India Blood Bank Directory 2017 (MoHFW/data.gov.in),2026-08-19T17:39:10.719610+00:00,2017 (historical; not live availability)
official_477,Kothari Medical Centre and Research Institute Blood Bank,Bikaner,Bikaner,Rajasthan,28.02578,73.298469,Esri India Blood Bank Directory 2017 (MoHFW/data.gov.in),2026-08-19T17:39:10.719610+00:00,2017 (historical; not live availability)
official_478,Sanjeevani Jan Sewa Samiti Blood Bank,Bikaner,Bikaner,Rajasthan,28.011857,73.354305,Esri India Blood Bank Directory 2017 (MoHFW/data.gov.in),2026-08-19T17:39:10.719610+00:00,2017 (historical; not live availability)
official_479, Abohar Civil Hospital Blood Bank,Abohar,Fazilka,Punjab,30.141667,74.198522,Esri India Blood Bank Directory 2017 (MoHFW/data.gov.in),2026-08-19T17:39:10.719610+00:00,2017 (historical; not live availability)
official_480,Prince Bijoy Memorial Man&#39;s Hospital Blood bank,Bikaner,Bikaner,Rajasthan,28.012378,73.327022,Esri India Blood Bank Directory 2017 (MoHFW/data.gov.in),2026-08-19T17:39:10.719610+00:00,2017 (historical; not live availability)
official_481,Central Medical Centre (CMC) Hospital Blood Bank,Hisar,Hisar,Haryana,29.140858,75.734103,Esri India Blood Bank Directory 2017 (MoHFW/data.gov.in),2026-08-19T17:39:10.719610+00:00,2017 (historical; not live availability)
official_482,Government B.D.K. Hospital Blood Bank,Jhunjhunu,Jhunjhunu,Rajasthan,28.116641,75.395501,Esri India Blood Bank Directory 2017 (MoHFW/data.gov.in),2026-08-19T17:39:10.719610+00:00,2017 (historical; not live availability)
official_483,General Hospital Blood Bank Sirsa,Sirsa,Sirsa,Haryana,29.538977,75.014269,Esri India Blood Bank Directory 2017 (MoHFW/data.gov.in),2026-08-19T17:39:10.719610+00:00,2017 (historical; not live availability)
official_484,Apex Swasthya Kalyan Blood Bank,Jaipur,Jaipur,Rajasthan,26.854701,75.82519,Esri India Blood Bank Directory 2017 (MoHFW/data.gov.in),2026-08-19T17:39:10.719610+00:00,2017 (historical; not live availability)
official_485,Birla Sarvajanik Hospital Blood Bank,Jhunjhunu,Jhunjhunu,Rajasthan,28.358777,75.604018,Esri India Blood Bank Directory 2017 (MoHFW/data.gov.in),2026-08-19T17:39:10.719610+00:00,2017 (historical; not live availability)
official_486,Mathura Das Mathur Government Hospital Blood Bank,Jodhpur,Jodhpur,Rajasthan,26.266415,73.009226,Esri India Blood Bank Directory 2017 (MoHFW/data.gov.in),2026-08-19T17:39:10.719610+00:00,2017 (historical; not live availability)
official_487,General Hospital Blood Bank Fatehabad,Fatehabad,Fatehabad,Haryana,29.517629,75.448988,Esri India Blood Bank Directory 2017 (MoHFW/data.gov.in),2026-08-19T17:39:10.719610+00:00,2017 (historical; not live availability)
official_488,S.K. Hospital Blood Bank,Sikar,Sikar,Rajasthan,27.61311,75.150577,Esri India Blood Bank Directory 2017 (MoHFW/data.gov.in),2026-08-19T17:39:10.719610+00:00,2017 (historical; not live availability)
official_489,Life care Blood Bank,Jaipur,Jaipur,Rajasthan,26.967938,75.766452,Esri India Blood Bank Directory 2017 (MoHFW/data.gov.in),2026-08-19T17:39:10.719610+00:00,2017 (historical; not live availability)
official_490,Dr. Anant Ram Janta Hospital Blood Bank,Hisar,Hisar,Haryana,29.363162,75.901772,Esri India Blood Bank Directory 2017 (MoHFW/data.gov.in),2026-08-19T17:39:10.719610+00:00,2017 (historical; not live availability)
official_491,Max Super Speciality Hospital Blood Bank,Bathinda,Bathinda,Punjab,30.192388,74.946979,Esri India Blood Bank Directory 2017 (MoHFW/data.gov.in),2026-08-19T17:39:10.719610+00:00,2017 (historical; not live availability)
official_492,Archana Hospital Blood Bank Pandalam,Pandalam,Pathanamthitta,Kerala,9.220068,76.679791,Esri India Blood Bank Directory 2017 (MoHFW/data.gov.in),2026-08-19T17:39:10.719610+00:00,2017 (historical; not live availability)
official_493,Manglam Blood Bank,Hisar,Hisar,Haryana,29.131899,75.744839,Esri India Blood Bank Directory 2017 (MoHFW/data.gov.in),2026-08-19T17:39:10.719610+00:00,2017 (historical; not live availability)
official_494,S.K. Soni Blood Bank,Jaipur,Jaipur,Rajasthan,26.968848,75.773365,Esri India Blood Bank Directory 2017 (MoHFW/data.gov.in),2026-08-19T17:39:10.719610+00:00,2017 (historical; not live availability)
official_495,Kanun Devi Parasmal Mehta Medical and Blood Bank,Jodhpur,Jodhpur,Rajasthan,26.27777,73.015288,Esri India Blood Bank Directory 2017 (MoHFW/data.gov.in),2026-08-19T17:39:10.719610+00:00,2017 (historical; not live availability)
official_496,Mahatama Gandhi National Institute of Medical Sciences (MGNIMS) Blood Bank,Jaipur,Jaipur,Rajasthan,26.770811,75.855209,Esri India Blood Bank Directory 2017 (MoHFW/data.gov.in),2026-08-19T17:39:10.719610+00:00,2017 (historical; not live availability)
official_497,Sangrur Civil Hospital Blood Bank ,Sangrur,Sangrur,Punjab,30.251874,75.836328,Esri India Blood Bank Directory 2017 (MoHFW/data.gov.in),2026-08-19T17:39:10.719610+00:00,2017 (historical; not live availability)
official_498,AIIMS Hospital Blood Bank,Jodhpur,Jodhpur,Rajasthan,26.241422,73.004365,Esri India Blood Bank Directory 2017 (MoHFW/data.gov.in),2026-08-19T17:39:10.719610+00:00,2017 (historical; not live availability)
official_499,Sawai Man Singh (S.M.S) Hospital Blood Bank,Jaipur,Jaipur,Rajasthan,26.906044,75.816216,Esri India Blood Bank Directory 2017 (MoHFW/data.gov.in),2026-08-19T17:39:10.719610+00:00,2017 (historical; not live availability)
official_500,General Hospital Blood Bank Hisar,Hisar,Hisar,Haryana,29.17,75.718602,Esri India Blood Bank Directory 2017 (MoHFW/data.gov.in),2026-08-19T17:39:10.719610+00:00,2017 (historical; not live availability)
official_501,Government D.B. Hospital Blood Bank,Churu,Churu,Rajasthan,28.28984,74.959757,Esri India Blood Bank Directory 2017 (MoHFW/data.gov.in),2026-08-19T17:39:10.719610+00:00,2017 (historical; not live availability)
official_502,Bapu Maghar Singh Ji International Blood Bank,Sirsa,Sirsa,Haryana,29.467914,75.068864,Esri India Blood Bank Directory 2017 (MoHFW/data.gov.in),2026-08-19T17:39:10.719610+00:00,2017 (historical; not live availability)
official_503,Swasthya Kalyan Blood Bank and Thalesemia Research Center,Jaipur,Jaipur,Rajasthan,26.916784,75.829997,Esri India Blood Bank Directory 2017 (MoHFW/data.gov.in),2026-08-19T17:39:10.719610+00:00,2017 (historical; not live availability)
official_504,Fazilka Civil Hospital Blood Bank,Fazilka,Fazilka,Punjab,30.40713,74.024688,Esri India Blood Bank Directory 2017 (MoHFW/data.gov.in),2026-08-19T17:39:10.719610+00:00,2017 (historical; not live availability)
official_505,National Institute of Medical Sciences Blood bank,Jaipur,Jaipur,Rajasthan,27.192337,75.954816,Esri India Blood Bank Directory 2017 (MoHFW/data.gov.in),2026-08-19T17:39:10.719610+00:00,2017 (historical; not live availability)
official_506,Amrit Kaur Government Hospital Blood Bank, Beawar,Ajmer,Rajasthan,26.080635,74.326431,Esri India Blood Bank Directory 2017 (MoHFW/data.gov.in),2026-08-19T17:39:10.719610+00:00,2017 (historical; not live availability)
official_507,"Maharaja Agrasen Medical College, Agroha, Blood Bank",Hisar/Agroha,Hisar,Haryana,29.336707,75.622627,Esri India Blood Bank Directory 2017 (MoHFW/data.gov.in),2026-08-19T17:39:10.719610+00:00,2017 (historical; not live availability)
official_508,Government Hospital Blood Bank,NAGAUR,Nagaur,Rajasthan,27.207987,73.737224,Esri India Blood Bank Directory 2017 (MoHFW/data.gov.in),2026-08-19T17:39:10.719610+00:00,2017 (historical; not live availability)
official_509,Jodhpur Medical College,Jodhpur,Jodhpur,Rajasthan,26.269415,73.007401,Esri India Blood Bank Directory 2017 (MoHFW/data.gov.in),2026-08-19T17:39:10.719610+00:00,2017 (historical; not live availability)
official_510,Bhagwan Mahaveer Cancer Hospital & Research Centre Blood Bank,Jaipur,Jaipur,Rajasthan,26.863267,75.805818,Esri India Blood Bank Directory 2017 (MoHFW/data.gov.in),2026-08-19T17:39:10.719610+00:00,2017 (historical; not live availability)
official_511,J.L.N. and A.G. Hospital Blood Bank,Ajmer,Ajmer,Rajasthan,26.469566,74.636014,Esri India Blood Bank Directory 2017 (MoHFW/data.gov.in),2026-08-19T17:39:10.719610+00:00,2017 (historical; not live availability)
official_512,Government Y.N. Hospital Blood Bank,Kishangarh,Ajmer,Rajasthan,26.581635,74.861008,Esri India Blood Bank Directory 2017 (MoHFW/data.gov.in),2026-08-19T17:39:10.719610+00:00,2017 (historical; not live availability)
official_513,Santokba Durlabhji Medical Hopsital Blood bank,Jaipur,Jaipur,Rajasthan,26.893786,75.812174,Esri India Blood Bank Directory 2017 (MoHFW/data.gov.in),2026-08-19T17:39:10.719610+00:00,2017 (historical; not live availability)
official_514,Shri MunshiRam Mittal Memorial Seva Samiti Blood bank,Sikar,Sikar,Rajasthan,27.612976,75.150611,Esri India Blood Bank Directory 2017 (MoHFW/data.gov.in),2026-08-19T17:39:10.719610+00:00,2017 (historical; not live availability)
official_515,Bhathinda Civil Hospital Blood Bank ,Bathinda,Bathinda,Punjab,30.19344,74.947545,Esri India Blood Bank Directory 2017 (MoHFW/data.gov.in),2026-08-19T17:39:10.719610+00:00,2017 (historical; not live availability)
official_516,Government Hospital Blood Bank,Sriganganagar,Sriganganagar,Rajasthan,29.903133,73.873964,Esri India Blood Bank Directory 2017 (MoHFW/data.gov.in),2026-08-19T17:39:10.719610+00:00,2017 (historical; not live availability)
official_517,Monilek Hospital and Research Center Blood Bank,Jaipur,Jaipur,Rajasthan,26.88687,75.83414,Esri India Blood Bank Directory 2017 (MoHFW/data.gov.in),2026-08-19T17:39:10.719610+00:00,2017 (historical; not live availability)
official_518,Sarvodaya Blood Bank services,Hisar,Hisar,Haryana,29.1409,75.733801,Esri India Blood Bank Directory 2017 (MoHFW/data.gov.in),2026-08-19T17:39:10.719610+00:00,2017 (historical; not live availability)
official_519,Ambika Hospital Blood Bank,Jodhpur,Jodhpur,Rajasthan,26.231723,73.021055,Esri India Blood Bank Directory 2017 (MoHFW/data.gov.in),2026-08-19T17:39:10.719610+00:00,2017 (historical; not live availability)
official_520,Shiv Shakti Blood Bank,Sirsa,Sirsa,Haryana,29.536432,75.022062,Esri India Blood Bank Directory 2017 (MoHFW/data.gov.in),2026-08-19T17:39:10.719610+00:00,2017 (historical; not live availability)
official_521,Dr. Mankar Memorial Blood Bank,Akola,Akola,Maharashtra,20.724952,77.04278,Esri India Blood Bank Directory 2017 (MoHFW/data.gov.in),2026-08-19T17:39:10.719610+00:00,2017 (historical; not live availability)
official_522,Saibai Mote General Hospital Blood Bank,Buldhana,Buldhana,Maharashtra,20.795868,76.696688,Esri India Blood Bank Directory 2017 (MoHFW/data.gov.in),2026-08-19T17:39:10.719610+00:00,2017 (historical; not live availability)
official_523,Jeevanshri Raktapedi,Jalgaon,Jalgaon,Maharashtra,21.045399,75.063926,Esri India Blood Bank Directory 2017 (MoHFW/data.gov.in),2026-08-19T17:39:10.719610+00:00,2017 (historical; not live availability)
official_524,Dr. Murlidhar Kharche Memorial Jeevan Jyoti Blood Bank,Buldhana,Buldhana,Maharashtra,20.886486,76.207174,Esri India Blood Bank Directory 2017 (MoHFW/data.gov.in),2026-08-19T17:39:10.719610+00:00,2017 (historical; not live availability)
official_525,Kailash Cancer Hospital & Research Centre Blood Bank.,Vadodara,Vadodara,Gujarat,22.334629,73.464162,Esri India Blood Bank Directory 2017 (MoHFW/data.gov.in),2026-08-19T17:39:10.719610+00:00,2017 (historical; not live availability)
official_526,District Hospital Blood Bank,Harda,Harda,Madhya Pradesh,22.340634,77.093043,Esri India Blood Bank Directory 2017 (MoHFW/data.gov.in),2026-08-19T17:39:10.719610+00:00,2017 (historical; not live availability)
official_527,Suraktam Blood Bank Vadodara,Vadodara,Vadodara,Gujarat,22.307765,73.18633,Esri India Blood Bank Directory 2017 (MoHFW/data.gov.in),2026-08-19T17:39:10.719610+00:00,2017 (historical; not live availability)
official_528,Madhavrao Golwalkar Swayamsevi Blood Bank,Jalgaon,Jalgaon,Maharashtra,21.016507,75.564845,Esri India Blood Bank Directory 2017 (MoHFW/data.gov.in),2026-08-19T17:39:10.719610+00:00,2017 (historical; not live availability)
official_529,Government Hospital Blood Bank,Buldhana,Buldhana,Maharashtra,20.708409,76.566704,Esri India Blood Bank Directory 2017 (MoHFW/data.gov.in),2026-08-19T17:39:10.719610+00:00,2017 (historical; not live availability)
official_530,District Hospital Blood Bank,Alirajpur,Alirajpur,Madhya Pradesh,22.184448,74.211956,Esri India Blood Bank Directory 2017 (MoHFW/data.gov.in),2026-08-19T17:39:10.719610+00:00,2017 (historical; not live availability)
official_531, Late  Shri Mukeshbai Patel Blood Bank ,Dhule,Dhule,Maharashtra,21.458578,74.961094,Esri India Blood Bank Directory 2017 (MoHFW/data.gov.in),2026-08-19T17:39:10.719610+00:00,2017 (historical; not live availability)
official_532,S. S. G. Hospital Vadodara,Vadodara,Vadodara,Gujarat,22.307133,73.189731,Esri India Blood Bank Directory 2017 (MoHFW/data.gov.in),2026-08-19T17:39:10.719610+00:00,2017 (historical; not live availability)
official_533,Jankalyan Rakta Pedhi,Nandurbar,Nandurbar,Maharashtra,21.36433536,74.24463853,Esri India Blood Bank Directory 2017 (MoHFW/data.gov.in),2026-08-19T17:39:10.719610+00:00,2017 (historical; not live availability)
official_534,Murlidhar Kripa Hospital Blood Bank,Maxi,Shajapur,Madhya Pradesh,23.2506645,76.1374297,Esri India Blood Bank Directory 2017 (MoHFW/data.gov.in),2026-08-19T17:39:10.719610+00:00,2017 (historical; not live availability)
official_535,Mittal Hospital Blood Bank,Dhar,Dhar,Madhya Pradesh,22.595954,75.299087,Esri India Blood Bank Directory 2017 (MoHFW/data.gov.in),2026-08-19T17:39:10.719610+00:00,2017 (historical; not live availability)
official_536,Maliba Raktdan Kendra (IRCS),Vyara,Tapi,Gujarat,21.118758,73.404128,Esri India Blood Bank Directory 2017 (MoHFW/data.gov.in),2026-08-19T17:39:10.719610+00:00,2017 (historical; not live availability)
official_537,General Hospital Blood Bank Ahwa,Ahwa,Dang,Gujarat,20.761612,73.689241,Esri India Blood Bank Directory 2017 (MoHFW/data.gov.in),2026-08-19T17:39:10.719610+00:00,2017 (historical; not live availability)
official_538,Nirnay Janseva Blood Bank,Dhule,Dhule,Maharashtra,20.904116,74.77767,Esri India Blood Bank Directory 2017 (MoHFW/data.gov.in),2026-08-19T17:39:10.719610+00:00,2017 (historical; not live availability)
official_539,Jawahar Medical Foundation Blood Bank,Dhule,Dhule,Maharashtra,20.90361,74.741293,Esri India Blood Bank Directory 2017 (MoHFW/data.gov.in),2026-08-19T17:39:10.719610+00:00,2017 (historical; not live availability)
official_540,Civil Surgeon General Hospital Blood Bank,Akola,Akola,Maharashtra,20.702666,77.001984,Esri India Blood Bank Directory 2017 (MoHFW/data.gov.in),2026-08-19T17:39:10.719610+00:00,2017 (historical; not live availability)
official_541,Godavari Foundation Blood Bank,Jalgaon,Jalgaon,Maharashtra,21.023689,75.705103,Esri India Blood Bank Directory 2017 (MoHFW/data.gov.in),2026-08-19T17:39:10.719610+00:00,2017 (historical; not live availability)
official_542,M/s. Jalgaon Blood Bank and Component,Jalgaon,Jalgaon,Maharashtra,21.00408,75.493766,Esri India Blood Bank Directory 2017 (MoHFW/data.gov.in),2026-08-19T17:39:10.719610+00:00,2017 (historical; not live availability)
official_543,District Hospital Blood Bank,Barwani,Barwani,Madhya Pradesh,22.02134,74.541084,Esri India Blood Bank Directory 2017 (MoHFW/data.gov.in),2026-08-19T17:39:10.719610+00:00,2017 (historical; not live availability)
official_544,District Hospital Blood Bank ,Dhar,Dhar,Madhya Pradesh,22.594249,75.308054,Esri India Blood Bank Directory 2017 (MoHFW/data.gov.in),2026-08-19T17:39:10.719610+00:00,2017 (historical; not live availability)
official_545,Askaran Tarachand Jain Blood Bank,Jalgaon,Jalgaon,Maharashtra,21.008464,75.568216,Esri India Blood Bank Directory 2017 (MoHFW/data.gov.in),2026-08-19T17:39:10.719610+00:00,2017 (historical; not live availability)
official_546,District Hospital for Women Blood Bank,Akola,Akola,Maharashtra,20.714492,77.008904,Esri India Blood Bank Directory 2017 (MoHFW/data.gov.in),2026-08-19T17:39:10.719610+00:00,2017 (historical; not live availability)
official_547,"Medical Care Centre Trust, Shri Jalaram Blood Bank, Vadodara  ",Vadodara,Vadodara,Gujarat,22.314965,73.195356,Esri India Blood Bank Directory 2017 (MoHFW/data.gov.in),2026-08-19T17:39:10.719610+00:00,2017 (historical; not live availability)
official_548,District Hospital Blood Bank,Khandwa,East Nimar,Madhya Pradesh,21.824535,76.343016,Esri India Blood Bank Directory 2017 (MoHFW/data.gov.in),2026-08-19T17:39:10.719610+00:00,2017 (historical; not live availability)
official_549,Jivan Jyoti Hospital Blood Bank,Meghnagar,Jhabua,Madhya Pradesh,22.913396,74.53969,Esri India Blood Bank Directory 2017 (MoHFW/data.gov.in),2026-08-19T17:39:10.719610+00:00,2017 (historical; not live availability)
official_550,Dhiraj General Blood Bank Vadodara,Vadodara,Vadodara,Gujarat,22.30732,73.181079,Esri India Blood Bank Directory 2017 (MoHFW/data.gov.in),2026-08-19T17:39:10.719610+00:00,2017 (historical; not live availability)
official_551,Indian Red Cross Society Blood Bank,Jalgaon,Jalgaon,Maharashtra,21.011122,75.567945,Esri India Blood Bank Directory 2017 (MoHFW/data.gov.in),2026-08-19T17:39:10.719610+00:00,2017 (historical; not live availability)
official_552,GMERS Medical College and General Hospital Blood Bank,Vadodara,Vadodara,Gujarat,22.313751,73.148086,Esri India Blood Bank Directory 2017 (MoHFW/data.gov.in),2026-08-19T17:39:10.719610+00:00,2017 (historical; not live availability)
official_553,ICON Blood Bank - Ganediwal Charitable Trust,Akola,Akola,Maharashtra,20.713446,77.011958,Esri India Blood Bank Directory 2017 (MoHFW/data.gov.in),2026-08-19T17:39:10.719610+00:00,2017 (historical; not live availability)
official_554,The APVVP District Head Quarters Hospital Blood Bank,Khammam,Khammam,Telangana,17.247253,80.151445,Esri India Blood Bank Directory 2017 (MoHFW/data.gov.in),2026-08-19T17:39:10.719610+00:00,2017 (historical; not live availability)
official_555,Sahada Blood Bank - Shree Swami  Samartha Vaidyakiya  Shaikshanik and Sanshodhan Sanstha ,Nandurbar,Nandurbar,Maharashtra,21.554798,74.472874,Esri India Blood Bank Directory 2017 (MoHFW/data.gov.in),2026-08-19T17:39:10.719610+00:00,2017 (historical; not live availability)
official_556,Chandubhai Somabhai Patel Blood Bank ,Burhanpur,Burhanpur,Madhya Pradesh,21.304,76.224,Esri India Blood Bank Directory 2017 (MoHFW/data.gov.in),2026-08-19T17:39:10.719610+00:00,2017 (historical; not live availability)
official_557,Dr. Vivek Pimpalkar Blood Bank,Akola,Akola,Maharashtra,21.106181,77.072925,Esri India Blood Bank Directory 2017 (MoHFW/data.gov.in),2026-08-19T17:39:10.719610+00:00,2017 (historical; not live availability)
official_558,Shri Bhausaheb Hire Government Medical College and Hospital Blood Bank,Dhule,Dhule,Maharashtra,20.863814,74.761869,Esri India Blood Bank Directory 2017 (MoHFW/data.gov.in),2026-08-19T17:39:10.719610+00:00,2017 (historical; not live availability)
official_559,Navjeevan Medical Relief & Research Society&#39;s Shree Navjeevan Blood Bank and Component Laboratary,Dhule,Dhule,Maharashtra,20.894428,74.759698,Esri India Blood Bank Directory 2017 (MoHFW/data.gov.in),2026-08-19T17:39:10.719610+00:00,2017 (historical; not live availability)
official_560,Jeevan Jyoti Blood Bank,Dhule,Dhule,Maharashtra,20.897883,74.775354,Esri India Blood Bank Directory 2017 (MoHFW/data.gov.in),2026-08-19T17:39:10.719610+00:00,2017 (historical; not live availability)
official_561,Dhanwantri Blood Bank,Jalgaon,Jalgaon,Maharashtra,21.034297,75.781029,Esri India Blood Bank Directory 2017 (MoHFW/data.gov.in),2026-08-19T17:39:10.719610+00:00,2017 (historical; not live availability)
official_562,Civil Hospital Blood Bank,Jalgaon,Jalgaon,Maharashtra,21.00845,75.568216,Esri India Blood Bank Directory 2017 (MoHFW/data.gov.in),2026-08-19T17:39:10.719610+00:00,2017 (historical; not live availability)
official_563,Arpan Blood Bank,Dhule,Dhule,Maharashtra,20.904116,74.77767,Esri India Blood Bank Directory 2017 (MoHFW/data.gov.in),2026-08-19T17:39:10.719610+00:00,2017 (historical; not live availability)
official_564,LPS Institute of Cardiology,Kanpur,Kanpur Nagar,Uttar Pradesh,26.481154,80.303811,Esri India Blood Bank Directory 2017 (MoHFW/data.gov.in),2026-08-19T17:39:10.719610+00:00,2017 (historical; not live availability)
official_565,Bhailal Amin General Hospital Blood Bank,Vadodara,Vadodara,Gujarat,22.325426,73.163239,Esri India Blood Bank Directory 2017 (MoHFW/data.gov.in),2026-08-19T17:39:10.719610+00:00,2017 (historical; not live availability)
official_566,Akola Diagnostic Centre Blood Bank and Component Lab,Akola,Akola,Maharashtra,20.70644,77.011207,Esri India Blood Bank Directory 2017 (MoHFW/data.gov.in),2026-08-19T17:39:10.719610+00:00,2017 (historical; not live availability)
official_567,Indu Blood Bank Vadodara,Vadodara,Vadodara,Gujarat,22.304204,73.1935,Esri India Blood Bank Directory 2017 (MoHFW/data.gov.in),2026-08-19T17:39:10.719610+00:00,2017 (historical; not live availability)
official_568,Navdeep Blood Bank  ,Junagadh,Junagadh,Gujarat,21.520745,70.454426,Esri India Blood Bank Directory 2017 (MoHFW/data.gov.in),2026-08-19T17:39:10.719610+00:00,2017 (historical; not live availability)
official_569,Civil Surgeon - District General Hospital Blood Bank,Nandurbar,Nandurbar,Maharashtra,21.33867,74.234768,Esri India Blood Bank Directory 2017 (MoHFW/data.gov.in),2026-08-19T17:39:10.719610+00:00,2017 (historical; not live availability)
official_570,District Hospital Blood Bank,Khargone,Khargone,Madhya Pradesh,21.831932,75.628611,Esri India Blood Bank Directory 2017 (MoHFW/data.gov.in),2026-08-19T17:39:10.719610+00:00,2017 (historical; not live availability)
official_571,"Indian Red Cross Society (IRCS), Kalol, Gandhinagar",Gandhinagar,Gandhinagar,Gujarat,22.608583,73.459578,Esri India Blood Bank Directory 2017 (MoHFW/data.gov.in),2026-08-19T17:39:10.719610+00:00,2017 (historical; not live availability)
official_572,Shree Sardar Smarak Hospital Blood Bank,Surat,Surat,Gujarat,21.130451,73.108096,Esri India Blood Bank Directory 2017 (MoHFW/data.gov.in),2026-08-19T17:39:10.719610+00:00,2017 (historical; not live availability)
official_573,Shriram Blood Bank,Akola,Akola,Maharashtra,21.106181,77.072925,Esri India Blood Bank Directory 2017 (MoHFW/data.gov.in),2026-08-19T17:39:10.719610+00:00,2017 (historical; not live availability)
official_574,District Hospital,Burhanpur,Burhanpur,Madhya Pradesh,21.204824,76.114212,Esri India Blood Bank Directory 2017 (MoHFW/data.gov.in),2026-08-19T17:39:10.719610+00:00,2017 (historical; not live availability)
official_575,"Nathani Voluntary Blood Bank,  Rajkot ",Rajkot,Rajkot,Gujarat,22.2943,70.788614,Esri India Blood Bank Directory 2017 (MoHFW/data.gov.in),2026-08-19T17:39:10.719610+00:00,2017 (historical; not live availability)
official_576,SMIMER Hospital Blood Bank,Surat,Surat,Gujarat,21.196246,72.845477,Esri India Blood Bank Directory 2017 (MoHFW/data.gov.in),2026-08-19T17:39:10.719610+00:00,2017 (historical; not live availability)
official_577,Shri Jivanprakash Foundation Voluntary Blood Bank,Junagadh,Junagadh,Gujarat,21.520902,70.453799,Esri India Blood Bank Directory 2017 (MoHFW/data.gov.in),2026-08-19T17:39:10.719610+00:00,2017 (historical; not live availability)
official_578,Jagruti Charitable Trust Blood Bank Dhoraji,Rajkot,Rajkot,Gujarat,21.731878,70.450128,Esri India Blood Bank Directory 2017 (MoHFW/data.gov.in),2026-08-19T17:39:10.719610+00:00,2017 (historical; not live availability)
official_579,Sir T. General Hospital Blood Bank,Bhavnagar,Bhavnagar,Gujarat,21.767673,72.141981,Esri India Blood Bank Directory 2017 (MoHFW/data.gov.in),2026-08-19T17:39:10.719610+00:00,2017 (historical; not live availability)
official_580,Smt. Sonalien A. Shah Blood Bank,Bhavnagar,Bhavnagar,Gujarat,22.178967,71.651792,Esri India Blood Bank Directory 2017 (MoHFW/data.gov.in),2026-08-19T17:39:10.719610+00:00,2017 (historical; not live availability)
official_581,Jetpur Medical Foundation Trust Blood Bank Jetpur,Rajkot,Rajkot,Gujarat,21.757189,70.622644,Esri India Blood Bank Directory 2017 (MoHFW/data.gov.in),2026-08-19T17:39:10.719610+00:00,2017 (historical; not live availability)
official_582,Tulsi Pathology Laboratory and Blood Bank,Bhavnagar,Bhavnagar,Gujarat,21.529208,71.824705,Esri India Blood Bank Directory 2017 (MoHFW/data.gov.in),2026-08-19T17:39:10.719610+00:00,2017 (historical; not live availability)
official_583,Rajkot Voluntary Blood Bank and Research Centre,Rajkot,Rajkot,Gujarat,22.287302,70.8003,Esri India Blood Bank Directory 2017 (MoHFW/data.gov.in),2026-08-19T17:39:10.719610+00:00,2017 (historical; not live availability)
official_584,General Hospital Blood Bank Porbandar,Porbandar,Porbandar,Gujarat,21.636578,69.628472,Esri India Blood Bank Directory 2017 (MoHFW/data.gov.in),2026-08-19T17:39:10.719610+00:00,2017 (historical; not live availability)
official_585,Red Cross Blood Bank Rajkot,Rajkot,Rajkot,Gujarat,22.295381,70.796956,Esri India Blood Bank Directory 2017 (MoHFW/data.gov.in),2026-08-19T17:39:10.719610+00:00,2017 (historical; not live availability)
official_586,Indu Voluntary Blood Bank,Anand,Anand,Gujarat,22.596385,72.80717,Esri India Blood Bank Directory 2017 (MoHFW/data.gov.in),2026-08-19T17:39:10.719610+00:00,2017 (historical; not live availability)
official_587,New Civil Hospital Blood Bank,Surat,Surat,Gujarat,21.180272,72.821117,Esri India Blood Bank Directory 2017 (MoHFW/data.gov.in),2026-08-19T17:39:10.719610+00:00,2017 (historical; not live availability)
official_588,A.D. Gorwala Karamsad Blood Bank  ,Karamsad,Anand,Gujarat,22.539473,72.890433,Esri India Blood Bank Directory 2017 (MoHFW/data.gov.in),2026-08-19T17:39:10.719610+00:00,2017 (historical; not live availability)
official_589,General Hospital Blood Bank,Jamnagar,Jamnagar,Gujarat,22.208586,69.651914,Esri India Blood Bank Directory 2017 (MoHFW/data.gov.in),2026-08-19T17:39:10.719610+00:00,2017 (historical; not live availability)
official_590,"Lok Samarpan Raktadan Kendra, Surat",Surat,Surat,Gujarat,21.219718,72.910619,Esri India Blood Bank Directory 2017 (MoHFW/data.gov.in),2026-08-19T17:39:10.719610+00:00,2017 (historical; not live availability)
official_591,Jamnagar Voluntary Blood Bank,Jamnagar,Jamnagar,Gujarat,22.461884,70.072017,Esri India Blood Bank Directory 2017 (MoHFW/data.gov.in),2026-08-19T17:39:10.719610+00:00,2017 (historical; not live availability)
official_592,Lions Club Khambat Blood Bank,Kambhat,Anand,Gujarat,21.520533,70.454461,Esri India Blood Bank Directory 2017 (MoHFW/data.gov.in),2026-08-19T17:39:10.719610+00:00,2017 (historical; not live availability)
official_593,General Hospital Blood Bank Junagadh,Junagadh,Junagadh,Gujarat,21.520666,70.459367,Esri India Blood Bank Directory 2017 (MoHFW/data.gov.in),2026-08-19T17:39:10.719610+00:00,2017 (historical; not live availability)
official_594,Life Line Charitable Blood Bank,Agra,Agra,Uttar Pradesh,28.33669,79.420104,Esri India Blood Bank Directory 2017 (MoHFW/data.gov.in),2026-08-19T17:39:10.719610+00:00,2017 (historical; not live availability)
official_595,Indian Red Cross Society Blood Bank Navsari,Navsari,Navsari,Gujarat,20.949882,72.918373,Esri India Blood Bank Directory 2017 (MoHFW/data.gov.in),2026-08-19T17:39:10.719610+00:00,2017 (historical; not live availability)
official_596,Sri Gokulam Hospital Blood Bank,Salem,Salem,Tamil Nadu,11.672702,78.133827,Esri India Blood Bank Directory 2017 (MoHFW/data.gov.in),2026-08-19T17:39:10.719610+00:00,2017 (historical; not live availability)
official_597, Surat Health Care Foundation Blood Bank,Surat,Surat,Gujarat,21.195,72.819444,Esri India Blood Bank Directory 2017 (MoHFW/data.gov.in),2026-08-19T17:39:10.719610+00:00,2017 (historical; not live availability)
official_598,Indian Red Cross Society Blood Bank,Anand,Anand,Gujarat,22.554608,72.960402,Esri India Blood Bank Directory 2017 (MoHFW/data.gov.in),2026-08-19T17:39:10.719610+00:00,2017 (historical; not live availability)
official_599,Indian Red Cross Society Blood Bank Petlad,Petlad,Anand,Gujarat,22.564674,72.96086,Esri India Blood Bank Directory 2017 (MoHFW/data.gov.in),2026-08-19T17:39:10.719610+00:00,2017 (historical; not live availability)
official_600,Shree Mahavir Health And Medical Relief Society Blood Bank,Surat,Surat,Gujarat,21.184104,72.813897,Esri India Blood Bank Directory 2017 (MoHFW/data.gov.in),2026-08-19T17:39:10.719610+00:00,2017 (historical; not live availability)
official_601,P.D.U. Medical College Blood Bank,Rajkot,Rajkot,Gujarat,22.304595,70.799732,Esri India Blood Bank Directory 2017 (MoHFW/data.gov.in),2026-08-19T17:39:10.719610+00:00,2017 (historical; not live availability)
official_602,Surat Raktdan Kendra,Surat,Surat,Gujarat,21.172667,72.829951,Esri India Blood Bank Directory 2017 (MoHFW/data.gov.in),2026-08-19T17:39:10.719610+00:00,2017 (historical; not live availability)
official_603,Bhavnagar Blood Bank,Bhavnagar,Bhavnagar,Gujarat,21.76982,72.160378,Esri India Blood Bank Directory 2017 (MoHFW/data.gov.in),2026-08-19T17:39:10.719610+00:00,2017 (historical; not live availability)
official_604,Bambhaniya Voluntary Blood Bank,Bhavnagar,Bhavnagar,Gujarat,21.774103,72.143714,Esri India Blood Bank Directory 2017 (MoHFW/data.gov.in),2026-08-19T17:39:10.719610+00:00,2017 (historical; not live availability)
official_605,Tata Chemical Limited Blood Bank Mithapur,Jamnagar,Jamnagar,Gujarat,22.205519,69.102536,Esri India Blood Bank Directory 2017 (MoHFW/data.gov.in),2026-08-19T17:39:10.719610+00:00,2017 (historical; not live availability)
official_606,Ghanshyam Pathlology Laboratory and Blood Bank,Anand,Anand,Gujarat,22.556549,72.963992,Esri India Blood Bank Directory 2017 (MoHFW/data.gov.in),2026-08-19T17:39:10.719610+00:00,2017 (historical; not live availability)
official_607,Indian Red Cross Society Blood Bank ,Kapadwanj,Kheda,Gujarat,22.021536,73.0772,Esri India Blood Bank Directory 2017 (MoHFW/data.gov.in),2026-08-19T17:39:10.719610+00:00,2017 (historical; not live availability)
official_608,"Sardar Patel voulantary Blood Bank, Keshod",Keshod,Junagadh,Gujarat,21.297078,70.246131,Esri India Blood Bank Directory 2017 (MoHFW/data.gov.in),2026-08-19T17:39:10.719610+00:00,2017 (historical; not live availability)
official_609,Navkar Charitable Trust Mahuva Blood Bank,Bhavnagar,Bhavnagar,Gujarat,21.088961,71.769089,Esri India Blood Bank Directory 2017 (MoHFW/data.gov.in),2026-08-19T17:39:10.719610+00:00,2017 (historical; not live availability)
official_610,Lions Medical Trust Blood Bank Chikhali,Navsari,Navsari,Gujarat,20.947927,73.028072,Esri India Blood Bank Directory 2017 (MoHFW/data.gov.in),2026-08-19T17:39:10.719610+00:00,2017 (historical; not live availability)
official_611,"Navjeevan Blood Bank and Clinical Laboratory,  Veraval",Junagadh,Junagadh,Gujarat,20.919489,70.352739,Esri India Blood Bank Directory 2017 (MoHFW/data.gov.in),2026-08-19T17:39:10.719610+00:00,2017 (historical; not live availability)
official_612,Kumarpal Gandhi Blood Bank,Bharuch,Bharuch,Gujarat,21.628147,72.995778,Esri India Blood Bank Directory 2017 (MoHFW/data.gov.in),2026-08-19T17:39:10.719610+00:00,2017 (historical; not live availability)
official_613,Nationality Development Foundation Blood Bank Rajkot,Rajkot,Rajkot,Gujarat,22.283334,70.799999,Esri India Blood Bank Directory 2017 (MoHFW/data.gov.in),2026-08-19T17:39:10.719610+00:00,2017 (historical; not live availability)
official_614,Astha Voluntary Blood Bank Gondal,Gondal,Rajkot,Gujarat,21.959147,70.803122,Esri India Blood Bank Directory 2017 (MoHFW/data.gov.in),2026-08-19T17:39:10.719610+00:00,2017 (historical; not live availability)
official_615, Saurastra Voluntary Blood Bank Rajkot,Rajkot,Rajkot,Gujarat,22.30301,70.787022,Esri India Blood Bank Directory 2017 (MoHFW/data.gov.in),2026-08-19T17:39:10.719610+00:00,2017 (historical; not live availability)
official_616,Shri Ram Blood Bank Porbandar,Porbandar,Porbandar,Gujarat,21.640642,69.604689,Esri India Blood Bank Directory 2017 (MoHFW/data.gov.in),2026-08-19T17:39:10.719610+00:00,2017 (historical; not live availability)
official_617,G.G.Hospital Blood Bank,Jamnagar,Jamnagar,Gujarat,22.48531,70.058561,Esri India Blood Bank Directory 2017 (MoHFW/data.gov.in),2026-08-19T17:39:10.719610+00:00,2017 (historical; not live availability)
official_618,Diu District Blood Bank,Diu,Diu,Daman and Diu,20.712855,70.988929,Esri India Blood Bank Directory 2017 (MoHFW/data.gov.in),2026-08-19T17:39:10.719610+00:00,2017 (historical; not live availability)
official_619,Indian Red Cross Society Blood Bank,Amreli,Amreli,Gujarat,21.606994,71.22186,Esri India Blood Bank Directory 2017 (MoHFW/data.gov.in),2026-08-19T17:39:10.719610+00:00,2017 (historical; not live availability)
official_620,Government District Head Quarters Hospital Blood Bank,Mahaboobnagar,Mahbubnagar,Telangana,16.750213,77.991441,Esri India Blood Bank Directory 2017 (MoHFW/data.gov.in),2026-08-19T17:39:10.719610+00:00,2017 (historical; not live availability)
official_621,M/s. Medicare Multispeciality Hospital Blood Bank,Gulbarga,Kalaburagi,Karnataka,17.337775,76.844343,Esri India Blood Bank Directory 2017 (MoHFW/data.gov.in),2026-08-19T17:39:10.719610+00:00,2017 (historical; not live availability)
official_622,M/s. Indian Red Cross Society Blood Bank Yadgir,Yadgir,Yadgir,Karnataka,16.752789,77.138698,Esri India Blood Bank Directory 2017 (MoHFW/data.gov.in),2026-08-19T17:39:10.719610+00:00,2017 (historical; not live availability)
official_623,Rajaram Bapu Blood Bank,Sangli,Sangli,Maharashtra,17.048399,74.251122,Esri India Blood Bank Directory 2017 (MoHFW/data.gov.in),2026-08-19T17:39:10.719610+00:00,2017 (historical; not live availability)
official_624,Indian Red Cross Society Blood Bank,Ratnagiri,Ratnagiri,Maharashtra,17.019013,73.298977,Esri India Blood Bank Directory 2017 (MoHFW/data.gov.in),2026-08-19T17:39:10.719610+00:00,2017 (historical; not live availability)
official_625,Health Care Blood Bank,Gulbarga,Kalaburagi,Karnataka,17.3353831,76.8361997,Esri India Blood Bank Directory 2017 (MoHFW/data.gov.in),2026-08-19T17:39:10.719610+00:00,2017 (historical; not live availability)
official_626,Kolhapur Municipal Corporation Blood Bank,Kolhapur,Kolhapur,Maharashtra,16.698607,74.223891,Esri India Blood Bank Directory 2017 (MoHFW/data.gov.in),2026-08-19T17:39:10.719610+00:00,2017 (historical; not live availability)
official_627,M/s. Sai Aadhar Hospital Blood Bank,Mudhol,Bagalkot,Karnataka,16.325218,75.289397,Esri India Blood Bank Directory 2017 (MoHFW/data.gov.in),2026-08-19T17:39:10.719610+00:00,2017 (historical; not live availability)
official_628,Rajarshi Shahu Blood Bank,Kolhapur,Kolhapur,Maharashtra,16.691308,74.244866,Esri India Blood Bank Directory 2017 (MoHFW/data.gov.in),2026-08-19T17:39:10.719610+00:00,2017 (historical; not live availability)
official_629,Dr. B. N. M. Rural Ayurvedic Medical College and Hospital Blood Bank,Bijapur,Bijapur,Karnataka,16.8301759,75.7078424,Esri India Blood Bank Directory 2017 (MoHFW/data.gov.in),2026-08-19T17:39:10.719610+00:00,2017 (historical; not live availability)
official_630,Padmabhushan Vasantdada Patil Government Hospital Blood Bank,Sangli,Sangli,Maharashtra,16.852571,74.574678,Esri India Blood Bank Directory 2017 (MoHFW/data.gov.in),2026-08-19T17:39:10.719610+00:00,2017 (historical; not live availability)
official_631,Shri.R.R.Patil Shikashan Sheti sanshodhan Aani vikas sanstha Blood Bank,Kolhapur,Kolhapur,Maharashtra,16.680271,74.461733,Esri India Blood Bank Directory 2017 (MoHFW/data.gov.in),2026-08-19T17:39:10.719610+00:00,2017 (historical; not live availability)
official_632,S. S. Venutai Y. Chavan Sub-District Hospital Blood Bank Karad,Satara,Satara,Maharashtra,17.288048,74.186177,Esri India Blood Bank Directory 2017 (MoHFW/data.gov.in),2026-08-19T17:39:10.719610+00:00,2017 (historical; not live availability)
official_633,Indian Red Cross Society Blood Bank,Vikarabad,Rangareddy,Telangana,17.33643,77.904848,Esri India Blood Bank Directory 2017 (MoHFW/data.gov.in),2026-08-19T17:39:10.719610+00:00,2017 (historical; not live availability)
official_634,Civil Surgeon - General Hospital Blood Bank,Ratnagiri,Ratnagiri,Maharashtra,16.989126,73.298866,Esri India Blood Bank Directory 2017 (MoHFW/data.gov.in),2026-08-19T17:39:10.719610+00:00,2017 (historical; not live availability)
official_635,Khaja Banda Nawaz Teaching and General Hospital Blood Bank,Gulbarga,Kalaburagi,Karnataka,17.352728,76.853237,Esri India Blood Bank Directory 2017 (MoHFW/data.gov.in),2026-08-19T17:39:10.719610+00:00,2017 (historical; not live availability)
official_636,Miraj Medical Centre - Wanless Hospital Blood Bank,Sangli,Sangli,Maharashtra,16.832135,74.645472,Esri India Blood Bank Directory 2017 (MoHFW/data.gov.in),2026-08-19T17:39:10.719610+00:00,2017 (historical; not live availability)
official_637,Singareni Collieries Co. Ltd,Manuguru,Khammam,Telangana,17.931207,80.82662,Esri India Blood Bank Directory 2017 (MoHFW/data.gov.in),2026-08-19T17:39:10.719610+00:00,2017 (historical; not live availability)
official_638,Yashwantrao Chavan Blood Bank,Satara,Satara,Maharashtra,17.275751,74.18181,Esri India Blood Bank Directory 2017 (MoHFW/data.gov.in),2026-08-19T17:39:10.719610+00:00,2017 (historical; not live availability)
official_639,Instutute of Medical Science and Research Blood Bank and Blood Component Seperation Unit,Satara,Satara,Maharashtra,17.431214,74.549364,Esri India Blood Bank Directory 2017 (MoHFW/data.gov.in),2026-08-19T17:39:10.719610+00:00,2017 (historical; not live availability)
official_640,Dr. D. Y. Patil Hospital Blood Bank,Kolhapur,Kolhapur,Maharashtra,16.715186,74.256447,Esri India Blood Bank Directory 2017 (MoHFW/data.gov.in),2026-08-19T17:39:10.719610+00:00,2017 (historical; not live availability)
official_641,M/s. K. N. Gujar Blood Bank,Satara,Satara,Maharashtra,17.278263,74.183727,Esri India Blood Bank Directory 2017 (MoHFW/data.gov.in),2026-08-19T17:39:10.719610+00:00,2017 (historical; not live availability)
official_642,Late Balasaheb Datye - Lions Blood Bank,Kolhapur,Kolhapur,Maharashtra,16.681682,74.467741,Esri India Blood Bank Directory 2017 (MoHFW/data.gov.in),2026-08-19T17:39:10.719610+00:00,2017 (historical; not live availability)
official_643,Miraj Serological Institute Blood Bank,Sangli,Sangli,Maharashtra,16.828931,74.639399,Esri India Blood Bank Directory 2017 (MoHFW/data.gov.in),2026-08-19T17:39:10.719610+00:00,2017 (historical; not live availability)
official_644,Bharati Vidyapeeth University Medical college And Hospital Blood Bank,Sangli,Sangli,Maharashtra,16.841716,74.617969,Esri India Blood Bank Directory 2017 (MoHFW/data.gov.in),2026-08-19T17:39:10.719610+00:00,2017 (historical; not live availability)
official_645,Acharya Shree Tulsi Blood Bank ,Kolhapur,Kolhapur,Maharashtra,16.785709,74.56459,Esri India Blood Bank Directory 2017 (MoHFW/data.gov.in),2026-08-19T17:39:10.719610+00:00,2017 (historical; not live availability)
official_646,Krishna Hospital and Medical Research Centre Blood Bank Karad,Satara,Satara,Maharashtra,17.285065,74.185701,Esri India Blood Bank Directory 2017 (MoHFW/data.gov.in),2026-08-19T17:39:10.719610+00:00,2017 (historical; not live availability)
official_647,Shree Swami Samarth Blood Bank,Ratnagiri,Ratnagiri,Maharashtra,17.399914,73.547448,Esri India Blood Bank Directory 2017 (MoHFW/data.gov.in),2026-08-19T17:39:10.719610+00:00,2017 (historical; not live availability)
official_648,Smt. Anila Kantilal Kothari Blood Bank & Department of Hemato Oncology,Sangli,Sangli,Maharashtra,16.833879,74.635364,Esri India Blood Bank Directory 2017 (MoHFW/data.gov.in),2026-08-19T17:39:10.719610+00:00,2017 (historical; not live availability)
official_649,Rajashri Chatrapati Shahu Maharaj Government Medical College and Chatrapati Pramilaraje General Hospital Blood Bank,Kolhapur,Kolhapur,Maharashtra,16.701443,74.227074,Esri India Blood Bank Directory 2017 (MoHFW/data.gov.in),2026-08-19T17:39:10.719610+00:00,2017 (historical; not live availability)
official_650,Vande Mataram Samajik Samstha&#39;s - Jeevandhara Blood Bank,Kolhapur,Kolhapur,Maharashtra,16.69573,74.247263,Esri India Blood Bank Directory 2017 (MoHFW/data.gov.in),2026-08-19T17:39:10.719610+00:00,2017 (historical; not live availability)
official_651,B.L.D.E. Association&#39;s Medical College & Reserch Centre Blood Bank,Bijapur,Bijapur,Karnataka,16.845101,75.710641,Esri India Blood Bank Directory 2017 (MoHFW/data.gov.in),2026-08-19T17:39:10.719610+00:00,2017 (historical; not live availability)
official_652,Hindratna Prakashbapu Patil Blood Bank,Sangli,Sangli,Maharashtra,16.8537,74.580099,Esri India Blood Bank Directory 2017 (MoHFW/data.gov.in),2026-08-19T17:39:10.719610+00:00,2017 (historical; not live availability)
official_653,IRCS & RCH-II  Blood Bank District Hospital Wanaparthy ,WANAPARTHY ,Mahbubnagar,Telangana,16.362312,78.062182,Esri India Blood Bank Directory 2017 (MoHFW/data.gov.in),2026-08-19T17:39:10.719610+00:00,2017 (historical; not live availability)
official_654,Vasantdada Patil Blood Bank and Haematology Research Centre,Sangli,Sangli,Maharashtra,16.82132,74.649492,Esri India Blood Bank Directory 2017 (MoHFW/data.gov.in),2026-08-19T17:39:10.719610+00:00,2017 (historical; not live availability)
official_655,Mahatma Gandhi Hospital Blood Bank,Kolhapur,Kolhapur,Maharashtra,16.86221,74.240034,Esri India Blood Bank Directory 2017 (MoHFW/data.gov.in),2026-08-19T17:39:10.719610+00:00,2017 (historical; not live availability)
official_656,GMETS Dr. Goudars Blood Bank,Bijapur,Bijapur,Karnataka,16.828072,75.709979,Esri India Blood Bank Directory 2017 (MoHFW/data.gov.in),2026-08-19T17:39:10.719610+00:00,2017 (historical; not live availability)
official_657,Indian Red Cross Society Blood Bank - Shirgaonkar Blood Bank,Sangli,Sangli,Maharashtra,16.853702,74.575077,Esri India Blood Bank Directory 2017 (MoHFW/data.gov.in),2026-08-19T17:39:10.719610+00:00,2017 (historical; not live availability)
official_658,M/s. Vaatsalya Life Hospitals Navajeeva Blood Bank,Gulbarga,Kalaburagi,Karnataka,17.328477,76.847911,Esri India Blood Bank Directory 2017 (MoHFW/data.gov.in),2026-08-19T17:39:10.719610+00:00,2017 (historical; not live availability)
official_659,Akshay Blood Bank,Sangli,Sangli,Maharashtra,16.838026,74.651827,Esri India Blood Bank Directory 2017 (MoHFW/data.gov.in),2026-08-19T17:39:10.719610+00:00,2017 (historical; not live availability)
official_660,District Hospital Blood Bank,Gulbarga,Kalaburagi,Karnataka,17.328685,76.840743,Esri India Blood Bank Directory 2017 (MoHFW/data.gov.in),2026-08-19T17:39:10.719610+00:00,2017 (historical; not live availability)
official_661,Al-Ameen Medical College Hospital Blood Bank,Bijapur,Bijapur,Karnataka,16.825058,75.669209,Esri India Blood Bank Directory 2017 (MoHFW/data.gov.in),2026-08-19T17:39:10.719610+00:00,2017 (historical; not live availability)
official_662,Indian Red Cross Society Blood Bank,Karimnagar ,Karimnagar,Telangana,18.438555,79.128841,Esri India Blood Bank Directory 2017 (MoHFW/data.gov.in),2026-08-19T17:39:10.719610+00:00,2017 (historical; not live availability)
official_663,Government District Head Quarters Hospital Blood Bank,Karimnagar,Karimnagar,Telangana,18.438555,79.128841,Esri India Blood Bank Directory 2017 (MoHFW/data.gov.in),2026-08-19T17:39:10.719610+00:00,2017 (historical; not live availability)
official_664,Shree Basaveshwar Manav Vikas Gramin Sevabhavi Sanstha Blood Bank,Sangli,Sangli,Maharashtra,16.842421,74.619929,Esri India Blood Bank Directory 2017 (MoHFW/data.gov.in),2026-08-19T17:39:10.719610+00:00,2017 (historical; not live availability)
official_665,Jeevan Rekha Charitable Trust Blood Bank,Sangli,Sangli,Maharashtra,17.049271,75.204853,Esri India Blood Bank Directory 2017 (MoHFW/data.gov.in),2026-08-19T17:39:10.719610+00:00,2017 (historical; not live availability)
official_666,Sanjeevan Blood Bank,Kolhapur,Kolhapur,Maharashtra,16.706599,74.231346,Esri India Blood Bank Directory 2017 (MoHFW/data.gov.in),2026-08-19T17:39:10.719610+00:00,2017 (historical; not live availability)
official_667,Lions Blood Bank,Bijapur,Bijapur,Karnataka,16.827207,75.725839,Esri India Blood Bank Directory 2017 (MoHFW/data.gov.in),2026-08-19T17:39:10.719610+00:00,2017 (historical; not live availability)
official_668,HKES Blood Bank Organisation,Gulbarga,Kalaburagi,Karnataka,17.328385,76.844483,Esri India Blood Bank Directory 2017 (MoHFW/data.gov.in),2026-08-19T17:39:10.719610+00:00,2017 (historical; not live availability)
official_669,District Hospital Blood Bank Bijapur,Bijapur,Bijapur,Karnataka,16.828098,75.691713,Esri India Blood Bank Directory 2017 (MoHFW/data.gov.in),2026-08-19T17:39:10.719610+00:00,2017 (historical; not live availability)
official_670,Azad Panchi Group Charitable Trust Blood Bank,Sangli,Sangli,Maharashtra,16.844539,74.572891,Esri India Blood Bank Directory 2017 (MoHFW/data.gov.in),2026-08-19T17:39:10.719610+00:00,2017 (historical; not live availability)
official_671,Singareni Collieries Company Limited Area Hospital Blood Bank,Warangal ,Warangal,Telangana,18.400965,79.852782,Esri India Blood Bank Directory 2017 (MoHFW/data.gov.in),2026-08-19T17:39:10.719610+00:00,2017 (historical; not live availability)
official_672,Mother Voluntary Blood Bank,Warangal,Warangal,Telangana,18.000637,79.585628,Esri India Blood Bank Directory 2017 (MoHFW/data.gov.in),2026-08-19T17:39:10.719610+00:00,2017 (historical; not live availability)
official_673,Life Care Voluntary Blood Bank,Karimnagar ,Karimnagar,Telangana,18.443293,79.12973,Esri India Blood Bank Directory 2017 (MoHFW/data.gov.in),2026-08-19T17:39:10.719610+00:00,2017 (historical; not live availability)
official_674,Indian Red Cross Society,Kamareddy,Nizamabad,Telangana,18.322975,78.337899,Esri India Blood Bank Directory 2017 (MoHFW/data.gov.in),2026-08-19T17:39:10.719610+00:00,2017 (historical; not live availability)
official_675,V.T.Thakur Memorial Rotary,Kamareddy,Nizamabad,Telangana,18.323995,78.334305,Esri India Blood Bank Directory 2017 (MoHFW/data.gov.in),2026-08-19T17:39:10.719610+00:00,2017 (historical; not live availability)
official_676,"Indian Red Cross Society, Blood Bank",Hanumakonda,Warangal,Telangana,18.005635,79.557155,Esri India Blood Bank Directory 2017 (MoHFW/data.gov.in),2026-08-19T17:39:10.719610+00:00,2017 (historical; not live availability)
official_677,"Indian Red Cross Society Jagityal, Blood Bank",JAGTIAL,Karimnagar,Telangana,18.438555,79.128841,Esri India Blood Bank Directory 2017 (MoHFW/data.gov.in),2026-08-19T17:39:10.719610+00:00,2017 (historical; not live availability)
official_678,Kakatiya Voluntary Blood Bank (A Unit of Life Care Medical and Educational Society),Warangal,Warangal,Telangana,18.003153,79.579693,Esri India Blood Bank Directory 2017 (MoHFW/data.gov.in),2026-08-19T17:39:10.719610+00:00,2017 (historical; not live availability)
official_679,Apollo Reach Hospitals - Apollo Blood Bank,Subhash Nagar,Karimnagar,Telangana,18.454907,79.13294,Esri India Blood Bank Directory 2017 (MoHFW/data.gov.in),2026-08-19T17:39:10.719610+00:00,2017 (historical; not live availability)
official_680,Singareni Collieries Co. Ltd,Yellandu,Khammam,Telangana,17.594134,80.322363,Esri India Blood Bank Directory 2017 (MoHFW/data.gov.in),2026-08-19T17:39:10.719610+00:00,2017 (historical; not live availability)
official_681,Government Mahatma Gandhi Memorial Hospital Blood Bank,Warangal,Warangal,Telangana,17.990313,79.592843,Esri India Blood Bank Directory 2017 (MoHFW/data.gov.in),2026-08-19T17:39:10.719610+00:00,2017 (historical; not live availability)
official_682,Indian Red Cross Society,Siddipet,Medak,Telangana,18.098842,78.84139,Esri India Blood Bank Directory 2017 (MoHFW/data.gov.in),2026-08-19T17:39:10.719610+00:00,2017 (historical; not live availability)
official_683,The APVVP District Head Quarters Hospital,Sangareddy,Medak,Telangana,18.052936,78.261853,Esri India Blood Bank Directory 2017 (MoHFW/data.gov.in),2026-08-19T17:39:10.719610+00:00,2017 (historical; not live availability)
official_684,Rudhira Voluntary Blood Bank,Khammam,Khammam,Telangana,17.769321,80.499386,Esri India Blood Bank Directory 2017 (MoHFW/data.gov.in),2026-08-19T17:39:10.719610+00:00,2017 (historical; not live availability)
official_685,Saint Anns Hospital Blood Bank,Warangal,Warangal,Telangana,17.981693,79.52627,Esri India Blood Bank Directory 2017 (MoHFW/data.gov.in),2026-08-19T17:39:10.719610+00:00,2017 (historical; not live availability)
official_686,Chalmeda Ananda Rao Institute of Medical Sciences Blood Bank,Bommakal,Karimnagar,Telangana,18.45324,79.165083,Esri India Blood Bank Directory 2017 (MoHFW/data.gov.in),2026-08-19T17:39:10.719610+00:00,2017 (historical; not live availability)
official_687,Indian Red Cross Society Blood Bank RCH-II ( Jangaon),Janagoan,Warangal,Telangana,17.721054,79.160411,Esri India Blood Bank Directory 2017 (MoHFW/data.gov.in),2026-08-19T17:39:10.719610+00:00,2017 (historical; not live availability)
official_688,The Government Area Hospital Blood Bank,Bhadrachalam,Khammam,Telangana,17.584049,80.332784,Esri India Blood Bank Directory 2017 (MoHFW/data.gov.in),2026-08-19T17:39:10.719610+00:00,2017 (historical; not live availability)
official_689,Aditya Hospital Blood Bank,Hyderabad,Hyderabad,Telangana,17.390308,78.481143,Esri India Blood Bank Directory 2017 (MoHFW/data.gov.in),2026-08-19T17:39:10.719610+00:00,2017 (historical; not live availability)
official_690,Yashoda Super Speciality Hospitals Blood Bank,Hyderabad,Hyderabad,Telangana,17.424342,78.457724,Esri India Blood Bank Directory 2017 (MoHFW/data.gov.in),2026-08-19T17:39:10.719610+00:00,2017 (historical; not live availability)
official_691,Satya Nursing Home Blood Bank,Himayatnagar,Hyderabad,Telangana,17.404758,78.482139,Esri India Blood Bank Directory 2017 (MoHFW/data.gov.in),2026-08-19T17:39:10.719610+00:00,2017 (historical; not live availability)
official_692,Aarohi Blood Bank,Banjara Hills,Hyderabad,Telangana,17.411615,78.449834,Esri India Blood Bank Directory 2017 (MoHFW/data.gov.in),2026-08-19T17:39:10.719610+00:00,2017 (historical; not live availability)
official_693,NEW LIFE EDUCATIONAL SOCIETY BLOOD BANK ,HYDERABAD,Hyderabad,Telangana,17.37694,78.34905,Esri India Blood Bank Directory 2017 (MoHFW/data.gov.in),2026-08-19T17:39:10.719610+00:00,2017 (historical; not live availability)
official_694,Blood Bank Thelasemia and Sickle Cell,Hyderabad,Hyderabad,Telangana,17.385044,78.486671,Esri India Blood Bank Directory 2017 (MoHFW/data.gov.in),2026-08-19T17:39:10.719610+00:00,2017 (historical; not live availability)
official_695,Challa Hospital Blood Bank (A Multi Speciality Hospital),Ameerpet,Hyderabad,Telangana,17.439581,78.450633,Esri India Blood Bank Directory 2017 (MoHFW/data.gov.in),2026-08-19T17:39:10.719610+00:00,2017 (historical; not live availability)
official_696,Rajyalakshmi Charitable Trust Blood Bank (A Unit of Rajyalakshmi Charitable Trust),Hyderabad,Rangareddy,Telangana,17.367454,78.530729,Esri India Blood Bank Directory 2017 (MoHFW/data.gov.in),2026-08-19T17:39:10.719610+00:00,2017 (historical; not live availability)
official_697,Indian Red Cross Society Blood Bank,Nanded,Nanded,Maharashtra,17.399811,78.485456,Esri India Blood Bank Directory 2017 (MoHFW/data.gov.in),2026-08-19T17:39:10.719610+00:00,2017 (historical; not live availability)
official_698,Thalassemia and Sickle Cell Society Vuppala Venkaiah Memorial Blood Bank,Hyderabad,Hyderabad,Telangana,17.368886,78.480146,Esri India Blood Bank Directory 2017 (MoHFW/data.gov.in),2026-08-19T17:39:10.719610+00:00,2017 (historical; not live availability)
official_699,Kamineni Health Services Pvt.Ltd. Blood Bank,Kingkoti,Hyderabad,Telangana,17.392587,78.479728,Esri India Blood Bank Directory 2017 (MoHFW/data.gov.in),2026-08-19T17:39:10.719610+00:00,2017 (historical; not live availability)
official_700,Nizams Institute of Medical Sciences Blood Bank,Hyderabad,Hyderabad,Telangana,17.421241,78.451389,Esri India Blood Bank Directory 2017 (MoHFW/data.gov.in),2026-08-19T17:39:10.719610+00:00,2017 (historical; not live availability)
official_701,Vivekananda Environmental International Society Social Service Blood Bank,Secunderabad,Hyderabad,Telangana,17.440396,78.500468,Esri India Blood Bank Directory 2017 (MoHFW/data.gov.in),2026-08-19T17:39:10.719610+00:00,2017 (historical; not live availability)
official_702,Sri Balaji Blood Bank (A Unit of Sri Balaji Educational Society),Malakpet,Hyderabad,Telangana,17.375363,78.497278,Esri India Blood Bank Directory 2017 (MoHFW/data.gov.in),2026-08-19T17:39:10.719610+00:00,2017 (historical; not live availability)
official_703,Gandhi Hospital Blood Bank,Secunderabad,Hyderabad,Telangana,17.42323,78.504138,Esri India Blood Bank Directory 2017 (MoHFW/data.gov.in),2026-08-19T17:39:10.719610+00:00,2017 (historical; not live availability)
official_704,Citizens Hospital Blood Bank,Serilingampally,Rangareddy,Telangana,17.470667,78.311308,Esri India Blood Bank Directory 2017 (MoHFW/data.gov.in),2026-08-19T17:39:10.719610+00:00,2017 (historical; not live availability)
official_705,NTR Trust Blood Bank,Banjara Hills,Hyderabad,Telangana,17.423643,78.425977,Esri India Blood Bank Directory 2017 (MoHFW/data.gov.in),2026-08-19T17:39:10.719610+00:00,2017 (historical; not live availability)
official_706,MNJ  Institute of Oncology and Regional Cancer Centre Blood Bank,Hyderabad,Hyderabad,Telangana,17.398812,78.462087,Esri India Blood Bank Directory 2017 (MoHFW/data.gov.in),2026-08-19T17:39:10.719610+00:00,2017 (historical; not live availability)
official_707,Malla Reddy Medical College and Malla Reddy General Hospital Blood Bank,Quthbullapur ,Rangareddy,Telangana,17.545201,78.432739,Esri India Blood Bank Directory 2017 (MoHFW/data.gov.in),2026-08-19T17:39:10.719610+00:00,2017 (historical; not live availability)
official_708,Care Hospital Blood Bank,Banjara Hills,Hyderabad,Telangana,17.412542,78.450258,Esri India Blood Bank Directory 2017 (MoHFW/data.gov.in),2026-08-19T17:39:10.719610+00:00,2017 (historical; not live availability)
official_709,Andhra Mahila Sabha Durgabhai Deshmukh Hospital & Blood Bank,Hyderabad,Hyderabad,Telangana,17.4025,78.509832,Esri India Blood Bank Directory 2017 (MoHFW/data.gov.in),2026-08-19T17:39:10.719610+00:00,2017 (historical; not live availability)
official_710,Apollo Hospital Enterprises Ltd,Hyderguda,Hyderabad,Telangana,17.39928,78.479256,Esri India Blood Bank Directory 2017 (MoHFW/data.gov.in),2026-08-19T17:39:10.719610+00:00,2017 (historical; not live availability)
official_711, Star Hospitals Blood Bank,Banjara Hills,Hyderabad,Telangana,17.41567,78.439477,Esri India Blood Bank Directory 2017 (MoHFW/data.gov.in),2026-08-19T17:39:10.719610+00:00,2017 (historical; not live availability)
official_712,Institute of Transfusion Medicine and Research,Banjara Hills,Hyderabad,Telangana,17.42114,78.449212,Esri India Blood Bank Directory 2017 (MoHFW/data.gov.in),2026-08-19T17:39:10.719610+00:00,2017 (historical; not live availability)
official_713,Life Voluntary Blood Bank,Hyderabad,Rangareddy,Telangana,17.492862,78.39781,Esri India Blood Bank Directory 2017 (MoHFW/data.gov.in),2026-08-19T17:39:10.719610+00:00,2017 (historical; not live availability)
official_714,Owaisi Medical and Research Centre,Kanchanbagh,Hyderabad,Telangana,17.34132,78.506714,Esri India Blood Bank Directory 2017 (MoHFW/data.gov.in),2026-08-19T17:39:10.719610+00:00,2017 (historical; not live availability)
official_715,ADRM Hospital and Blood Bank,Hyderabad,Rangareddy,Telangana,17.398478,78.536069,Esri India Blood Bank Directory 2017 (MoHFW/data.gov.in),2026-08-19T17:39:10.719610+00:00,2017 (historical; not live availability)
official_716,Lions Club of Secunderabad Twin Cities,Secunderabad,Hyderabad,Telangana,17.432643,78.490824,Esri India Blood Bank Directory 2017 (MoHFW/data.gov.in),2026-08-19T17:39:10.719610+00:00,2017 (historical; not live availability)
official_717,M/s. Indian Red Cross Society Blood Bank jangareddi gudem,Jangareddygudem,West Godavari,Andhra Pradesh,17.125307,81.273907,Esri India Blood Bank Directory 2017 (MoHFW/data.gov.in),2026-08-19T17:39:10.719610+00:00,2017 (historical; not live availability)
official_718,Lions Club Blood Bank,Suryapet,Nalgonda,Telangana,17.057571,79.262029,Esri India Blood Bank Directory 2017 (MoHFW/data.gov.in),2026-08-19T17:39:10.719610+00:00,2017 (historical; not live availability)
official_719,Maheshwara Medical College and Maheshwara Hospital Blood Bank,Patancheru Mandal,Medak,Telangana,17.562407,78.20521,Esri India Blood Bank Directory 2017 (MoHFW/data.gov.in),2026-08-19T17:39:10.719610+00:00,2017 (historical; not live availability)
official_720,Premier Hospital Blood Bank,Mehdipatnam,Hyderabad,Telangana,17.391657,78.427008,Esri India Blood Bank Directory 2017 (MoHFW/data.gov.in),2026-08-19T17:39:10.719610+00:00,2017 (historical; not live availability)
official_721,The Govt. Niloufer Hospital Blood Bank,Red Hills,Hyderabad,Telangana,17.398649,78.461057,Esri India Blood Bank Directory 2017 (MoHFW/data.gov.in),2026-08-19T17:39:10.719610+00:00,2017 (historical; not live availability)
official_722,Princess Esra Hospital Blood Bank,Shah Ali Banda,Hyderabad,Telangana,17.356461,78.474211,Esri India Blood Bank Directory 2017 (MoHFW/data.gov.in),2026-08-19T17:39:10.719610+00:00,2017 (historical; not live availability)
official_723,Institute of Preventive Medicine,Narayana guda,Hyderabad,Telangana,17.393915,78.490331,Esri India Blood Bank Directory 2017 (MoHFW/data.gov.in),2026-08-19T17:39:10.719610+00:00,2017 (historical; not live availability)
official_724,Employees State Insurance Corporation Medical College Hospital Blood Bank,Hyderabad,Hyderabad,Telangana,17.447882,78.439955,Esri India Blood Bank Directory 2017 (MoHFW/data.gov.in),2026-08-19T17:39:10.719610+00:00,2017 (historical; not live availability)
official_725,Yashoda Hospital (A Unit of Datta Chandra Hospital Pvt. Ltd.)  Blood Bank,Secunderabad,Hyderabad,Telangana,17.441664,78.497002,Esri India Blood Bank Directory 2017 (MoHFW/data.gov.in),2026-08-19T17:39:10.719610+00:00,2017 (historical; not live availability)
official_726,St. Theresa&#39;s Hospital Blood Bank,Sanathnagar,Hyderabad,Telangana,17.451375,78.436556,Esri India Blood Bank Directory 2017 (MoHFW/data.gov.in),2026-08-19T17:39:10.719610+00:00,2017 (historical; not live availability)
official_727,Janani Voluntary Blood Bank,Hyderabad,Rangareddy,Telangana,17.491139,78.398166,Esri India Blood Bank Directory 2017 (MoHFW/data.gov.in),2026-08-19T17:39:10.719610+00:00,2017 (historical; not live availability)
official_728,Narayana Hrudayalaya Mallareddy Hospital Blood Bank,Hyderabad,Rangareddy,Telangana,17.544026,78.433044,Esri India Blood Bank Directory 2017 (MoHFW/data.gov.in),2026-08-19T17:39:10.719610+00:00,2017 (historical; not live availability)
official_729,Sri Devi Charitable Trust Blood Bank,Secunderabad,Hyderabad,Telangana,17.424972,78.535869,Esri India Blood Bank Directory 2017 (MoHFW/data.gov.in),2026-08-19T17:39:10.719610+00:00,2017 (historical; not live availability)
official_730,Asha Emergency & Chest Hospital Blood Bank,Sattupally,Khammam,Telangana,17.24618,80.832243,Esri India Blood Bank Directory 2017 (MoHFW/data.gov.in),2026-08-19T17:39:10.719610+00:00,2017 (historical; not live availability)
official_731,Krishna Institute of Medical Sciences Blood Bank,Secunderabad,Hyderabad,Telangana,17.437572,78.482096,Esri India Blood Bank Directory 2017 (MoHFW/data.gov.in),2026-08-19T17:39:10.719610+00:00,2017 (historical; not live availability)
official_732,The ESI Hospital Blood Bank,Sanathnagar,Hyderabad,Telangana,17.456588,78.426852,Esri India Blood Bank Directory 2017 (MoHFW/data.gov.in),2026-08-19T17:39:10.719610+00:00,2017 (historical; not live availability)
official_733,Jeevan Dhara Blood Bank,Firozabad,Firozabad,Uttar Pradesh,27.160557,78.398609,Esri India Blood Bank Directory 2017 (MoHFW/data.gov.in),2026-08-19T17:39:10.719610+00:00,2017 (historical; not live availability)
official_734,Sai Prasad Orthopedic Hospital,Suryapet,Nalgonda,Telangana,17.135315,79.633367,Esri India Blood Bank Directory 2017 (MoHFW/data.gov.in),2026-08-19T17:39:10.719610+00:00,2017 (historical; not live availability)
official_735,Rudhira Voluntary Blood Bank,Himayathnagar,Hyderabad,Telangana,17.406011,78.478212,Esri India Blood Bank Directory 2017 (MoHFW/data.gov.in),2026-08-19T17:39:10.719610+00:00,2017 (historical; not live availability)
official_736,The Osmania General Hospital Blood Bank,Hyderabad,Hyderabad,Telangana,17.372522,78.473807,Esri India Blood Bank Directory 2017 (MoHFW/data.gov.in),2026-08-19T17:39:10.719610+00:00,2017 (historical; not live availability)
official_737,Indian Red Cross Society Blood Bank,Vidhyanagar,Hyderabad,Telangana,17.405048,78.508731,Esri India Blood Bank Directory 2017 (MoHFW/data.gov.in),2026-08-19T17:39:10.719610+00:00,2017 (historical; not live availability)
official_738,District Hospital Blood Bank,Bijnor,Bijnor,Uttar Pradesh,29.384974,78.136521,Esri India Blood Bank Directory 2017 (MoHFW/data.gov.in),2026-08-19T17:39:10.719610+00:00,2017 (historical; not live availability)
official_739,The Singareni Collieries  Co. Ltd,Kothagudem,Khammam,Telangana,17.247253,80.151445,Esri India Blood Bank Directory 2017 (MoHFW/data.gov.in),2026-08-19T17:39:10.719610+00:00,2017 (historical; not live availability)
official_740,Chiranjeevi Blood Bank,Jublee Hills,Hyderabad,Telangana,17.428205,78.416539,Esri India Blood Bank Directory 2017 (MoHFW/data.gov.in),2026-08-19T17:39:10.719610+00:00,2017 (historical; not live availability)
official_741,M/s. Indian Red Cross Society Component Blood Bank,Eluru,West Godavari,Andhra Pradesh,16.711919,81.094839,Esri India Blood Bank Directory 2017 (MoHFW/data.gov.in),2026-08-19T17:39:10.719610+00:00,2017 (historical; not live availability)
official_742,Ram Hospital Blood Bank,Hyderabad,Rangareddy,Telangana,17.516138,78.447736,Esri India Blood Bank Directory 2017 (MoHFW/data.gov.in),2026-08-19T17:39:10.719610+00:00,2017 (historical; not live availability)
official_743,The Government  Maternity Hospital,Koti,Hyderabad,Telangana,17.385808,78.48723,Esri India Blood Bank Directory 2017 (MoHFW/data.gov.in),2026-08-19T17:39:10.719610+00:00,2017 (historical; not live availability)
official_744,Bharat Heavy Electricals Limited Hospital ,Ramachandrapuram,Medak,Telangana,17.496713,78.305268,Esri India Blood Bank Directory 2017 (MoHFW/data.gov.in),2026-08-19T17:39:10.719610+00:00,2017 (historical; not live availability)
official_745,Indian Red Cross Society,Nalgonda,Nalgonda,Telangana,17.054925,79.273455,Esri India Blood Bank Directory 2017 (MoHFW/data.gov.in),2026-08-19T17:39:10.719610+00:00,2017 (historical; not live availability)
official_746,The Government Area Hospital Blood Bank,Kothagudem,Khammam,Telangana,17.249377,80.152006,Esri India Blood Bank Directory 2017 (MoHFW/data.gov.in),2026-08-19T17:39:10.719610+00:00,2017 (historical; not live availability)
official_747,Mythri Charitable Trust Blood Bank and Transfusion Centre,Barkatpura,Hyderabad,Telangana,17.391514,78.497215,Esri India Blood Bank Directory 2017 (MoHFW/data.gov.in),2026-08-19T17:39:10.719610+00:00,2017 (historical; not live availability)
official_748,Ozone Institute of Medical Sciences Hospital Blood Bank,Hyderabad,Rangareddy,Telangana,17.36107,78.549759,Esri India Blood Bank Directory 2017 (MoHFW/data.gov.in),2026-08-19T17:39:10.719610+00:00,2017 (historical; not live availability)
official_749,Government District Head Quarter Hospital Nalgonda,Gollaguda,Nalgonda,Telangana,17.055864,79.277882,Esri India Blood Bank Directory 2017 (MoHFW/data.gov.in),2026-08-19T17:39:10.719610+00:00,2017 (historical; not live availability)
official_750,Janani Voluntary Blood Bank (A Unit of Janani Organization),Secunderabad,Hyderabad,Telangana,17.441361,78.500984,Esri India Blood Bank Directory 2017 (MoHFW/data.gov.in),2026-08-19T17:39:10.719610+00:00,2017 (historical; not live availability)
official_751,M G M H BLOOD BANK (Government Modern Maternity Hospital),Petlaburj,Hyderabad,Telangana,17.365982,78.464893,Esri India Blood Bank Directory 2017 (MoHFW/data.gov.in),2026-08-19T17:39:10.719610+00:00,2017 (historical; not live availability)
official_752,RTC Hospital,Tarnaka,Hyderabad,Telangana,17.425416,78.530499,Esri India Blood Bank Directory 2017 (MoHFW/data.gov.in),2026-08-19T17:39:10.719610+00:00,2017 (historical; not live availability)
official_753,Continental Hospital Blood Bank,Hyderabad,Rangareddy,Telangana,17.417886,78.339922,Esri India Blood Bank Directory 2017 (MoHFW/data.gov.in),2026-08-19T17:39:10.719610+00:00,2017 (historical; not live availability)
official_754,SLMS Hospital Blood Bank,Ranga Reddy,Rangareddy,Telangana,17.376463,78.557369,Esri India Blood Bank Directory 2017 (MoHFW/data.gov.in),2026-08-19T17:39:10.719610+00:00,2017 (historical; not live availability)
official_755,Lions Club of Hyderabad(East) Bhanji Kheraj Blood Bank,Hyderabad,Hyderabad,Telangana,17.520718,78.440959,Esri India Blood Bank Directory 2017 (MoHFW/data.gov.in),2026-08-19T17:39:10.719610+00:00,2017 (historical; not live availability)
official_756,Share Medical Care (Mediciti Hospital) Blood Bank,Hyderabad,Hyderabad,Telangana,17.406546,78.471614,Esri India Blood Bank Directory 2017 (MoHFW/data.gov.in),2026-08-19T17:39:10.719610+00:00,2017 (historical; not live availability)
official_757,M/s. Alluri Sitrarama Raju Academy of Medical Sciences Blood Bank,Eluru,West Godavari,Andhra Pradesh,16.737395,81.146494,Esri India Blood Bank Directory 2017 (MoHFW/data.gov.in),2026-08-19T17:39:10.719610+00:00,2017 (historical; not live availability)
official_758,Sunshine Hospital Blood Bank,Secunderabad,Hyderabad,Telangana,17.44101,78.486923,Esri India Blood Bank Directory 2017 (MoHFW/data.gov.in),2026-08-19T17:39:10.719610+00:00,2017 (historical; not live availability)
official_759,Himabindhu Multispeciality Hospital Blood Bank,Hyderabad,Hyderabad,Telangana,17.352329,78.506534,Esri India Blood Bank Directory 2017 (MoHFW/data.gov.in),2026-08-19T17:39:10.719610+00:00,2017 (historical; not live availability)
official_760,Apollo Hospital Blood Bank,Hyderabad,Hyderabad,Telangana,17.415057,78.416515,Esri India Blood Bank Directory 2017 (MoHFW/data.gov.in),2026-08-19T17:39:10.719610+00:00,2017 (historical; not live availability)
official_761,Siva Multi Speciality Hospital Blood Bank,Khammam,Khammam,Telangana,17.2508,80.144151,Esri India Blood Bank Directory 2017 (MoHFW/data.gov.in),2026-08-19T17:39:10.719610+00:00,2017 (historical; not live availability)
official_762,"Health, Agriculture, Rural Development Society (HARD)  Blood Bank",Red Hills,Hyderabad,Telangana,17.396159,78.463155,Esri India Blood Bank Directory 2017 (MoHFW/data.gov.in),2026-08-19T17:39:10.719610+00:00,2017 (historical; not live availability)
official_763,Sanjeevini Blood Bank,Bhagyanagar,Hyderabad,Telangana,17.405787,78.499215,Esri India Blood Bank Directory 2017 (MoHFW/data.gov.in),2026-08-19T17:39:10.719610+00:00,2017 (historical; not live availability)
official_764,Clara Swain Mission Hospital Blood Bank,Bareilly,Bareilly,Uttar Pradesh,28.349627,79.415881,Esri India Blood Bank Directory 2017 (MoHFW/data.gov.in),2026-08-19T17:39:10.719610+00:00,2017 (historical; not live availability)
official_765,Jeevadhara Voluntary Blood Bank (A Unit of Jeevadhaara Society),Secunderabad,Hyderabad,Telangana,17.435457,78.502918,Esri India Blood Bank Directory 2017 (MoHFW/data.gov.in),2026-08-19T17:39:10.719610+00:00,2017 (historical; not live availability)
official_766,Global Hospital Blood Bank,Lakdikapool,Hyderabad,Telangana,17.405254,78.463164,Esri India Blood Bank Directory 2017 (MoHFW/data.gov.in),2026-08-19T17:39:10.719610+00:00,2017 (historical; not live availability)
official_767,BBR Multispeciality Hospital Blood Bank,Hyderabad,Rangareddy,Telangana,17.464246,78.457112,Esri India Blood Bank Directory 2017 (MoHFW/data.gov.in),2026-08-19T17:39:10.719610+00:00,2017 (historical; not live availability)
official_768,Rakshita Voluntary Blood Bank,Putlibowli,Hyderabad,Telangana,17.381461,78.480605,Esri India Blood Bank Directory 2017 (MoHFW/data.gov.in),2026-08-19T17:39:10.719610+00:00,2017 (historical; not live availability)
official_769,"Indian Red Cross Society ,RCH-II",Suryapet,Nalgonda,Telangana,17.141493,79.606681,Esri India Blood Bank Directory 2017 (MoHFW/data.gov.in),2026-08-19T17:39:10.719610+00:00,2017 (historical; not live availability)
official_770,Sarala Blood Bank ,Kothagudem,Khammam,Telangana,17.556004,80.614396,Esri India Blood Bank Directory 2017 (MoHFW/data.gov.in),2026-08-19T17:39:10.719610+00:00,2017 (historical; not live availability)
official_771,NAPS (Narora Atomic Power Station) Hospital Blood Bank,Narora,Bulandshahr,Uttar Pradesh,28.205915,78.379131,Esri India Blood Bank Directory 2017 (MoHFW/data.gov.in),2026-08-19T17:39:10.719610+00:00,2017 (historical; not live availability)
official_772,"Jeevan Sanjeevan Blood Bank, Jeevan Hospital",Aligarh,Aligarh,Uttar Pradesh,27.882584,78.082163,Esri India Blood Bank Directory 2017 (MoHFW/data.gov.in),2026-08-19T17:39:10.719610+00:00,2017 (historical; not live availability)
official_773,Government Combined Hospital Blood Bank Roorkee,Roorkee,Haridwar,Uttarakhand,29.878353,77.878609,Esri India Blood Bank Directory 2017 (MoHFW/data.gov.in),2026-08-19T17:39:10.719610+00:00,2017 (historical; not live availability)
official_774,Sri Sai Hospital and Blood Bank,Moradabad,Moradabad,Uttar Pradesh,28.840201,78.752813,Esri India Blood Bank Directory 2017 (MoHFW/data.gov.in),2026-08-19T17:39:10.719610+00:00,2017 (historical; not live availability)
official_775,Vadhava Blood Bank ,Meerut,Meerut,Uttar Pradesh,28.961817,77.755222,Esri India Blood Bank Directory 2017 (MoHFW/data.gov.in),2026-08-19T17:39:10.719610+00:00,2017 (historical; not live availability)
official_776,Dr. Chaturvedi Central Blood Bank,Moradabad,Moradabad,Uttar Pradesh,28.845183,78.774082,Esri India Blood Bank Directory 2017 (MoHFW/data.gov.in),2026-08-19T17:39:10.719610+00:00,2017 (historical; not live availability)
official_777,Ganga Sheel Charitable Trust Blood Bank,Bareilly,Bareilly,Uttar Pradesh,28.347944,79.426794,Esri India Blood Bank Directory 2017 (MoHFW/data.gov.in),2026-08-19T17:39:10.719610+00:00,2017 (historical; not live availability)
official_778,Shri Mahant Indiresh Hospital Blood Bank,Dehradun,Dehradun,Uttarakhand,30.304956,78.021322,Esri India Blood Bank Directory 2017 (MoHFW/data.gov.in),2026-08-19T17:39:10.719610+00:00,2017 (historical; not live availability)
official_779,District Hospital Blood Bank,Badaun,Budaun,Uttar Pradesh,28.027732,79.126275,Esri India Blood Bank Directory 2017 (MoHFW/data.gov.in),2026-08-19T17:39:10.719610+00:00,2017 (historical; not live availability)
official_780,Lokpriya Hospital Blood Bank,Meerut,Meerut,Uttar Pradesh,28.968374,77.730585,Esri India Blood Bank Directory 2017 (MoHFW/data.gov.in),2026-08-19T17:39:10.719610+00:00,2017 (historical; not live availability)
official_781,Gopeshwar (Chamoli) District Hospital Blood Bank,Gopeshwar,Chamoli,Uttarakhand,30.410086,79.320134,Esri India Blood Bank Directory 2017 (MoHFW/data.gov.in),2026-08-19T17:39:10.719610+00:00,2017 (historical; not live availability)
official_782,Military Hospital,Meerut,Meerut,Uttar Pradesh,28.987584,77.689042,Esri India Blood Bank Directory 2017 (MoHFW/data.gov.in),2026-08-19T17:39:10.719610+00:00,2017 (historical; not live availability)
official_783,Rural Institute of Medical Sciences and Research,Etawah,Etawah,Uttar Pradesh,26.96145,78.962055,Esri India Blood Bank Directory 2017 (MoHFW/data.gov.in),2026-08-19T17:39:10.719610+00:00,2017 (historical; not live availability)
official_784,L.D. Bhatt Governmentt Hospital Kashipur,Kashipur,Udham Singh Nagar,Uttarakhand,29.218682,78.963999,Esri India Blood Bank Directory 2017 (MoHFW/data.gov.in),2026-08-19T17:39:10.719610+00:00,2017 (historical; not live availability)
official_785,Dr. Susheela Tiwari Memorial Hospital Blood Bank,Haldwani,Nainital,Uttarakhand,29.204322,79.515729,Esri India Blood Bank Directory 2017 (MoHFW/data.gov.in),2026-08-19T17:39:10.719610+00:00,2017 (historical; not live availability)
official_786,Rajshree Medical Research Institute,Bareilly,Bareilly,Uttar Pradesh,28.48308,79.285312,Esri India Blood Bank Directory 2017 (MoHFW/data.gov.in),2026-08-19T17:39:10.719610+00:00,2017 (historical; not live availability)
official_787,Himalayan Institute Trust Blood Bank,Doiwala,Dehradun,Uttarakhand,30.192882,78.164815,Esri India Blood Bank Directory 2017 (MoHFW/data.gov.in),2026-08-19T17:39:10.719610+00:00,2017 (historical; not live availability)
official_788,B.D. Pandey (P) Hospital Blood Bank,Pithoragarh,Pithoragarh,Uttarakhand,29.587436,80.211345,Esri India Blood Bank Directory 2017 (MoHFW/data.gov.in),2026-08-19T17:39:10.719610+00:00,2017 (historical; not live availability)
official_789,Maulana Mohamad Ali Johar Hospital,Rampur,Rampur,Uttar Pradesh,28.818555,79.060106,Esri India Blood Bank Directory 2017 (MoHFW/data.gov.in),2026-08-19T17:39:10.719610+00:00,2017 (historical; not live availability)
official_790,Sanjeevani Charitable Blood Bank ,Agra,Agra,Uttar Pradesh,27.204177,78.003361,Esri India Blood Bank Directory 2017 (MoHFW/data.gov.in),2026-08-19T17:39:10.719610+00:00,2017 (historical; not live availability)
official_791,Asian Vivekanand Super Specialty Hospital Blood Bank,Moradabad,Moradabad,Uttar Pradesh,28.883923,78.736882,Esri India Blood Bank Directory 2017 (MoHFW/data.gov.in),2026-08-19T17:39:10.719610+00:00,2017 (historical; not live availability)
official_792,District Hospital,Pilibhit,Pilibhit,Uttar Pradesh,28.630707,79.816455,Esri India Blood Bank Directory 2017 (MoHFW/data.gov.in),2026-08-19T17:39:10.719610+00:00,2017 (historical; not live availability)
official_793,Jaswant Rai Specialty Hospital Blood Bank,Meerut,Meerut,Uttar Pradesh,28.991297,77.72323,Esri India Blood Bank Directory 2017 (MoHFW/data.gov.in),2026-08-19T17:39:10.719610+00:00,2017 (historical; not live availability)
official_794,Shri Radheswami Blood Bank,Gwalior,Gwalior,Madhya Pradesh,26.195391,78.158556,Esri India Blood Bank Directory 2017 (MoHFW/data.gov.in),2026-08-19T17:39:10.719610+00:00,2017 (historical; not live availability)
official_795,District Hospital Blood Bank,Bareilly,Bareilly,Uttar Pradesh,28.361399,79.416409,Esri India Blood Bank Directory 2017 (MoHFW/data.gov.in),2026-08-19T17:39:10.719610+00:00,2017 (historical; not live availability)
official_796,Dr. M.C. Agrawal Hospital and Research Centre Private limited,Firozabad,Firozabad,Uttar Pradesh,27.159652,78.403521,Esri India Blood Bank Directory 2017 (MoHFW/data.gov.in),2026-08-19T17:39:10.719610+00:00,2017 (historical; not live availability)
official_797,Teerthankar Mahaveer Hospital and Research Centre,Moradabad,Moradabad,Uttar Pradesh,28.822812,78.65787,Esri India Blood Bank Directory 2017 (MoHFW/data.gov.in),2026-08-19T17:39:10.719610+00:00,2017 (historical; not live availability)
official_798,Dev Nandani Hospital Blood Bank,Hapur,Ghaziabad,Uttar Pradesh,28.728814,77.792219,Esri India Blood Bank Directory 2017 (MoHFW/data.gov.in),2026-08-19T17:39:10.719610+00:00,2017 (historical; not live availability)
official_799,SPS Government Hospital Blood Bank,Rishikesh,Dehradun,Uttarakhand,30.108705,78.295839,Esri India Blood Bank Directory 2017 (MoHFW/data.gov.in),2026-08-19T17:39:10.719610+00:00,2017 (historical; not live availability)
official_800,IMA Blood Bank (Run by Indian Medical Association),N/A,Moradabad,Uttar Pradesh,30.334183,78.017785,Esri India Blood Bank Directory 2017 (MoHFW/data.gov.in),2026-08-19T17:39:10.719610+00:00,2017 (historical; not live availability)
official_801,Jeevan Rekha Hospital Blood Bank,Kashipur,Udham Singh Nagar,Uttarakhand,29.238855,78.965199,Esri India Blood Bank Directory 2017 (MoHFW/data.gov.in),2026-08-19T17:39:10.719610+00:00,2017 (historical; not live availability)
official_802,Indian Red Cross Society (IRCS) Blood Bank,Dabra,Gwalior,Madhya Pradesh,25.531751,78.200319,Esri India Blood Bank Directory 2017 (MoHFW/data.gov.in),2026-08-19T17:39:10.719610+00:00,2017 (historical; not live availability)
official_803,Ruhelkhand Medical College and Hospital Blood Bank,Bareilly,Bareilly,Uttar Pradesh,28.380191,79.462087,Esri India Blood Bank Directory 2017 (MoHFW/data.gov.in),2026-08-19T17:39:10.719610+00:00,2017 (historical; not live availability)
official_804,BHEL Hospital Blood Bank ,Haridwar,Haridwar,Uttarakhand,29.94804,78.115461,Esri India Blood Bank Directory 2017 (MoHFW/data.gov.in),2026-08-19T17:39:10.719610+00:00,2017 (historical; not live availability)
official_805,Swami Vivekanand Charitable Blood Bank,Shahjahanpur,Shahjahanpur,Uttar Pradesh,27.874974,79.915468,Esri India Blood Bank Directory 2017 (MoHFW/data.gov.in),2026-08-19T17:39:10.719610+00:00,2017 (historical; not live availability)
official_806,Soban Singh Jeena Base Hospital (SSJ) Blood Bank,Haldwani,Nainital,Uttarakhand,29.215833,79.52931,Esri India Blood Bank Directory 2017 (MoHFW/data.gov.in),2026-08-19T17:39:10.719610+00:00,2017 (historical; not live availability)
official_807,"Malkhan Singh, District Hospital Blood Bank",Aligarh,Aligarh,Uttar Pradesh,27.889079,78.071255,Esri India Blood Bank Directory 2017 (MoHFW/data.gov.in),2026-08-19T17:39:10.719610+00:00,2017 (historical; not live availability)
official_808,G.R. Hospital and Research Centre Private limited,Agra,Agra,Uttar Pradesh,27.12969,78.052565,Esri India Blood Bank Directory 2017 (MoHFW/data.gov.in),2026-08-19T17:39:10.719610+00:00,2017 (historical; not live availability)
official_809,Dholpur Government Hospital,Dholpur,Dholpur,Rajasthan,26.690079,77.899636,Esri India Blood Bank Directory 2017 (MoHFW/data.gov.in),2026-08-19T17:39:10.719610+00:00,2017 (historical; not live availability)
official_810,Agra City Blood Bank,Agra,Agra,Uttar Pradesh,27.179146,78.002405,Esri India Blood Bank Directory 2017 (MoHFW/data.gov.in),2026-08-19T17:39:10.719610+00:00,2017 (historical; not live availability)
official_811,Chamunda Hospital Blood Bank ,Kashipur,Udham Singh Nagar,Uttarakhand,29.218723,78.96485,Esri India Blood Bank Directory 2017 (MoHFW/data.gov.in),2026-08-19T17:39:10.719610+00:00,2017 (historical; not live availability)
official_812,B.D. Pandey District Hospital Blood Bank,Pithoragarh,Pithoragarh,Uttarakhand,29.587434,80.211347,Esri India Blood Bank Directory 2017 (MoHFW/data.gov.in),2026-08-19T17:39:10.719610+00:00,2017 (historical; not live availability)
official_813,District Hospital ,Almora,Almora,Uttarakhand,29.59808,79.659042,Esri India Blood Bank Directory 2017 (MoHFW/data.gov.in),2026-08-19T17:39:10.719610+00:00,2017 (historical; not live availability)
official_814,Jawahar Lal Nehru District Hospital (JLN ) Blood Bank,Rudrapur,Udham Singh Nagar,Uttarakhand,28.970388,79.399832,Esri India Blood Bank Directory 2017 (MoHFW/data.gov.in),2026-08-19T17:39:10.719610+00:00,2017 (historical; not live availability)
official_815,Max Super Speciality Hospital Blood Bank,Dehradun,Dehradun,Uttarakhand,30.373737,78.074684,Esri India Blood Bank Directory 2017 (MoHFW/data.gov.in),2026-08-19T17:39:10.719610+00:00,2017 (historical; not live availability)
official_816,Military Hospital Blood Bank,Bareilly,Bareilly,Uttar Pradesh,28.332012,79.426081,Esri India Blood Bank Directory 2017 (MoHFW/data.gov.in),2026-08-19T17:39:10.719610+00:00,2017 (historical; not live availability)
official_817,"Cosmos Hospital, Multi Speciality and Trauma Centre",Moradabad,Moradabad,Uttar Pradesh,28.894018,78.729084,Esri India Blood Bank Directory 2017 (MoHFW/data.gov.in),2026-08-19T17:39:10.719610+00:00,2017 (historical; not live availability)
official_818,District Hospital Blood Bank,Pauri Garhwal,Pauri Garhwal,Uttarakhand,30.150844,78.773687,Esri India Blood Bank Directory 2017 (MoHFW/data.gov.in),2026-08-19T17:39:10.719610+00:00,2017 (historical; not live availability)
official_819,Sanjeevani Blood Bank,Meerut,Meerut,Uttar Pradesh,28.972402,77.687042,Esri India Blood Bank Directory 2017 (MoHFW/data.gov.in),2026-08-19T17:39:10.719610+00:00,2017 (historical; not live availability)
official_820,H.N. Bahuguna Government Base Hospital Blood Bank,Srinagar,Pauri Garhwal,Uttarakhand,30.222802,78.816142,Esri India Blood Bank Directory 2017 (MoHFW/data.gov.in),2026-08-19T17:39:10.719610+00:00,2017 (historical; not live availability)
official_821,Sri Ram Murti Samarak Institute of Medical Sciences Blood Bank,Bareilly,Bareilly,Uttar Pradesh,28.481101,79.443201,Esri India Blood Bank Directory 2017 (MoHFW/data.gov.in),2026-08-19T17:39:10.719610+00:00,2017 (historical; not live availability)
official_822,Govind Singh Mahra Government Hospital Blood Bank,Ranikhet,Almora,Uttarakhand,29.643481,79.438859,Esri India Blood Bank Directory 2017 (MoHFW/data.gov.in),2026-08-19T17:39:10.719610+00:00,2017 (historical; not live availability)
official_823,Government Combined Hospital Blood Bank,Kotdwar,Pauri Garhwal,Uttarakhand,29.751387,78.524142,Esri India Blood Bank Directory 2017 (MoHFW/data.gov.in),2026-08-19T17:39:10.719610+00:00,2017 (historical; not live availability)
official_824,B.S.D.B.A. Government Medical College and Hospital,Kannauj,Kannauj,Uttar Pradesh,26.963334,79.792236,Esri India Blood Bank Directory 2017 (MoHFW/data.gov.in),2026-08-19T17:39:10.719610+00:00,2017 (historical; not live availability)
official_825,District Hospital Blood Bank,Shahjahanpur,Shahjahanpur,Uttar Pradesh,27.871234,79.913853,Esri India Blood Bank Directory 2017 (MoHFW/data.gov.in),2026-08-19T17:39:10.719610+00:00,2017 (historical; not live availability)
official_826,P.L. Sharma Hospital Blood Bank,Meerut,Meerut,Uttar Pradesh,28.98213,77.699779,Esri India Blood Bank Directory 2017 (MoHFW/data.gov.in),2026-08-19T17:39:10.719610+00:00,2017 (historical; not live availability)
official_827,IMA Blood Bank,Bareilly,Bareilly,Uttar Pradesh,28.346917,79.424734,Esri India Blood Bank Directory 2017 (MoHFW/data.gov.in),2026-08-19T17:39:10.719610+00:00,2017 (historical; not live availability)
official_828,Pt. Deen Dayal Upadhaya Combined District Hospital,Moradabad,Moradabad,Uttar Pradesh,28.848179,78.765907,Esri India Blood Bank Directory 2017 (MoHFW/data.gov.in),2026-08-19T17:39:10.719610+00:00,2017 (historical; not live availability)
official_829,District Hospital Blood Bank,Agra,Agra,Uttar Pradesh,27.17064,78.010456,Esri India Blood Bank Directory 2017 (MoHFW/data.gov.in),2026-08-19T17:39:10.719610+00:00,2017 (historical; not live availability)
official_830,Muzaffarnagar Medical College and Hospital,Muzaffarnagar,Muzaffarnagar,Uttar Pradesh,29.372403,77.706668,Esri India Blood Bank Directory 2017 (MoHFW/data.gov.in),2026-08-19T17:39:10.719610+00:00,2017 (historical; not live availability)
official_831,IMA Blood Bank,Bareilly,Bareilly,Uttar Pradesh,28.346917,79.424735,Esri India Blood Bank Directory 2017 (MoHFW/data.gov.in),2026-08-19T17:39:10.719610+00:00,2017 (historical; not live availability)
official_832,Indian Red Cross Society (IRCS) Blood Bank,Gwalior,Gwalior,Madhya Pradesh,26.191826,78.159549,Esri India Blood Bank Directory 2017 (MoHFW/data.gov.in),2026-08-19T17:39:10.719610+00:00,2017 (historical; not live availability)
official_833,Sevarth Sansthan Blood Bank,Firozabad,Firozabad,Uttar Pradesh,27.23053,78.21226,Esri India Blood Bank Directory 2017 (MoHFW/data.gov.in),2026-08-19T17:39:10.719610+00:00,2017 (historical; not live availability)
official_834,District Hospital Blood Bank,Moradabad,Moradabad,Uttar Pradesh,28.84818,78.76591,Esri India Blood Bank Directory 2017 (MoHFW/data.gov.in),2026-08-19T17:39:10.719610+00:00,2017 (historical; not live availability)
official_835,Vinayaka Missions Medical College and Hospital Blood Bank,Karaikal,Puducherry,Puducherry,10.955396,79.847776,Esri India Blood Bank Directory 2017 (MoHFW/data.gov.in),2026-08-19T17:39:10.719610+00:00,2017 (historical; not live availability)
official_836,Government Hospital Blood Bank,Pudukkottai,Pudukkottai,Tamil Nadu,10.180049,79.000136,Esri India Blood Bank Directory 2017 (MoHFW/data.gov.in),2026-08-19T17:39:10.719610+00:00,2017 (historical; not live availability)
official_837,Lakshminarayana Blood Bank,Thanjavur,Thanjavur,Tamil Nadu,10.764582,79.134439,Esri India Blood Bank Directory 2017 (MoHFW/data.gov.in),2026-08-19T17:39:10.719610+00:00,2017 (historical; not live availability)
official_838,Government Head Quarters Hospital Blood Bank,Kallakurichi,Villupuram,Tamil Nadu,11.737301,78.959375,Esri India Blood Bank Directory 2017 (MoHFW/data.gov.in),2026-08-19T17:39:10.719610+00:00,2017 (historical; not live availability)
official_839,Mahatma Gandhi Medical College and Research Institute,Pillayarkuppam,Puducherry,Puducherry,11.811867,79.778314,Esri India Blood Bank Directory 2017 (MoHFW/data.gov.in),2026-08-19T17:39:10.719610+00:00,2017 (historical; not live availability)
official_840,GN Blood Bank,Villupuram,Villupuram,Tamil Nadu,11.939851,79.487355,Esri India Blood Bank Directory 2017 (MoHFW/data.gov.in),2026-08-19T17:39:10.719610+00:00,2017 (historical; not live availability)
official_841,KMC Speciality Hospitals Blood Bank ( Kaveri Hospitals),Trichy,Tiruchirappalli,Tamil Nadu,10.802301,78.680138,Esri India Blood Bank Directory 2017 (MoHFW/data.gov.in),2026-08-19T17:39:10.719610+00:00,2017 (historical; not live availability)
official_842,Bharath Blood Bank  ,Trichy,Tiruchirappalli,Tamil Nadu,10.819196,78.676748,Esri India Blood Bank Directory 2017 (MoHFW/data.gov.in),2026-08-19T17:39:10.719610+00:00,2017 (historical; not live availability)
official_843,Government Villupuram Medical College and Hospital Blood Bank,Villupuram,Villupuram,Tamil Nadu,11.992895,79.516782,Esri India Blood Bank Directory 2017 (MoHFW/data.gov.in),2026-08-19T17:39:10.719610+00:00,2017 (historical; not live availability)
official_844,Government Hospital Blood Bank,Pattukkottai,Thanjavur,Tamil Nadu,10.421081,79.317866,Esri India Blood Bank Directory 2017 (MoHFW/data.gov.in),2026-08-19T17:39:10.719610+00:00,2017 (historical; not live availability)
official_845,Government Hospital Blood Bank,Ulundupettai,Villupuram,Tamil Nadu,11.692762,79.285932,Esri India Blood Bank Directory 2017 (MoHFW/data.gov.in),2026-08-19T17:39:10.719610+00:00,2017 (historical; not live availability)
official_846,Chennai Medical College Hospital and Research Centre,Trichy,Tiruchirappalli,Tamil Nadu,10.954422,78.754891,Esri India Blood Bank Directory 2017 (MoHFW/data.gov.in),2026-08-19T17:39:10.719610+00:00,2017 (historical; not live availability)
official_847,Kamaraj Government Hospital Blood Bank,Chidambaram,Cuddalore,Tamil Nadu,11.394771,79.699614,Esri India Blood Bank Directory 2017 (MoHFW/data.gov.in),2026-08-19T17:39:10.719610+00:00,2017 (historical; not live availability)
official_848,Jawahar Institute of Post Graduate Medical Education & Research (JIPMER) Hospital Blood Bank,Puducherry,Puducherry,Puducherry,11.954602,79.797995,Esri India Blood Bank Directory 2017 (MoHFW/data.gov.in),2026-08-19T17:39:10.719610+00:00,2017 (historical; not live availability)
official_849,CLM Hospital and Blood Bank,Kanpur,Kanpur Nagar,Uttar Pradesh,26.463772,80.296612,Esri India Blood Bank Directory 2017 (MoHFW/data.gov.in),2026-08-19T17:39:10.719610+00:00,2017 (historical; not live availability)
official_850,Rajiv Gandhi Government Women and Child Hospital Blood Bank,Puducherry,Puducherry,Puducherry,11.93782,79.806917,Esri India Blood Bank Directory 2017 (MoHFW/data.gov.in),2026-08-19T17:39:10.719610+00:00,2017 (historical; not live availability)
official_851,Government Head Quarters Hospital Blood Bank,Sivagangai,Sivaganga,Tamil Nadu,10.063948,78.777174,Esri India Blood Bank Directory 2017 (MoHFW/data.gov.in),2026-08-19T17:39:10.719610+00:00,2017 (historical; not live availability)
official_852,Salem Steel Authority of India Salem Steel Plant,Salem,Salem,Tamil Nadu,11.654349,78.025247,Esri India Blood Bank Directory 2017 (MoHFW/data.gov.in),2026-08-19T17:39:10.719610+00:00,2017 (historical; not live availability)
official_853,Government Hospital Blood Bank,Mayiladuthurai,Nagapattinam,Tamil Nadu,11.10168,79.647377,Esri India Blood Bank Directory 2017 (MoHFW/data.gov.in),2026-08-19T17:39:10.719610+00:00,2017 (historical; not live availability)
official_854,Church of South India Mission General Hospital Blood Bank,Trichy,Tiruchirappalli,Tamil Nadu,10.830302,78.67675,Esri India Blood Bank Directory 2017 (MoHFW/data.gov.in),2026-08-19T17:39:10.719610+00:00,2017 (historical; not live availability)
official_855,Government Head Quarters Hospital Blood Bank,Pudukkottai,Pudukkottai,Tamil Nadu,10.378804,78.818264,Esri India Blood Bank Directory 2017 (MoHFW/data.gov.in),2026-08-19T17:39:10.719610+00:00,2017 (historical; not live availability)
official_856,East Coast Hospitals Blood Bank,Puducherry,Puducherry,Puducherry,11.930089,79.77957,Esri India Blood Bank Directory 2017 (MoHFW/data.gov.in),2026-08-19T17:39:10.719610+00:00,2017 (historical; not live availability)
official_857,Indian Red Cross Society Blood Bank,Thanjavur,Thanjavur,Tamil Nadu,10.776729,79.12912,Esri India Blood Bank Directory 2017 (MoHFW/data.gov.in),2026-08-19T17:39:10.719610+00:00,2017 (historical; not live availability)
official_858,Child Jesus Hospital Blood Bank,Trichy,Tiruchirappalli,Tamil Nadu,10.805162,78.686566,Esri India Blood Bank Directory 2017 (MoHFW/data.gov.in),2026-08-19T17:39:10.719610+00:00,2017 (historical; not live availability)
official_859,Meenakshi Hospital Blood Bank,Thanjavur,Thanjavur,Tamil Nadu,10.745435,79.111902,Esri India Blood Bank Directory 2017 (MoHFW/data.gov.in),2026-08-19T17:39:10.719610+00:00,2017 (historical; not live availability)
official_860,Government Head Quarters Hospital Blood Bank,Nagapattinam,Nagapattinam,Tamil Nadu,10.77284,79.843885,Esri India Blood Bank Directory 2017 (MoHFW/data.gov.in),2026-08-19T17:39:10.719610+00:00,2017 (historical; not live availability)
official_861,Southern Railway Hospital Blood Bank,Tirchy,Tiruchirappalli,Tamil Nadu,10.784568,78.725301,Esri India Blood Bank Directory 2017 (MoHFW/data.gov.in),2026-08-19T17:39:10.719610+00:00,2017 (historical; not live availability)
official_862,Government Head Quarters Hospital Blood Bank,Perambalur,Perambalur,Tamil Nadu,11.23657,78.860775,Esri India Blood Bank Directory 2017 (MoHFW/data.gov.in),2026-08-19T17:39:10.719610+00:00,2017 (historical; not live availability)
official_863,Aarupadai Veedu Medical College Blood Bank,Pondicherry,Puducherry,Puducherry,11.831098,79.783102,Esri India Blood Bank Directory 2017 (MoHFW/data.gov.in),2026-08-19T17:39:10.719610+00:00,2017 (historical; not live availability)
official_864,Government Hospital Blood Bank,Cuddalore,Cuddalore,Tamil Nadu,11.515577,79.316767,Esri India Blood Bank Directory 2017 (MoHFW/data.gov.in),2026-08-19T17:39:10.719610+00:00,2017 (historical; not live availability)
official_865,Neyveli Lignite Corporation,Neyveli,Cuddalore,Tamil Nadu,11.537043,79.467181,Esri India Blood Bank Directory 2017 (MoHFW/data.gov.in),2026-08-19T17:39:10.719610+00:00,2017 (historical; not live availability)
official_866,Sri Kaali Blood Bank,Thanjavur,Thanjavur,Tamil Nadu,10.785119,79.120603,Esri India Blood Bank Directory 2017 (MoHFW/data.gov.in),2026-08-19T17:39:10.719610+00:00,2017 (historical; not live availability)
official_867,Muthu Medical Center Blood Bank (Muthu Charitable Trust),Perambalur,Perambalur,Tamil Nadu,11.238114,78.864898,Esri India Blood Bank Directory 2017 (MoHFW/data.gov.in),2026-08-19T17:39:10.719610+00:00,2017 (historical; not live availability)
official_868,INDIRA GANDHI MEDICAL COLLEGE & RESEARCH INSTITUTE ( BLOOD BANK),Puducherry,Puducherry,Puducherry,11.939856,79.79624,Esri India Blood Bank Directory 2017 (MoHFW/data.gov.in),2026-08-19T17:39:10.719610+00:00,2017 (historical; not live availability)
official_869,Government Head Quarters Hospital Blood Bank,Kumbakonam,Thanjavur,Tamil Nadu,10.969246,79.385655,Esri India Blood Bank Directory 2017 (MoHFW/data.gov.in),2026-08-19T17:39:10.719610+00:00,2017 (historical; not live availability)
official_870,Government Head Quarters Hospital Blood Bank,Cuddalore,Cuddalore,Tamil Nadu,11.756684,79.759266,Esri India Blood Bank Directory 2017 (MoHFW/data.gov.in),2026-08-19T17:39:10.719610+00:00,2017 (historical; not live availability)
official_871,St. Joseph&#39;s Hospital (Cluny)  Blood Bank,Puducherry,Puducherry,Puducherry,11.930442,79.834177,Esri India Blood Bank Directory 2017 (MoHFW/data.gov.in),2026-08-19T17:39:10.719610+00:00,2017 (historical; not live availability)
official_872,Mahathma Gandhi Memorial Government Hospital Blood Bank,Trichy,Tiruchirappalli,Tamil Nadu,10.811588,78.677458,Esri India Blood Bank Directory 2017 (MoHFW/data.gov.in),2026-08-19T17:39:10.719610+00:00,2017 (historical; not live availability)
official_873,Government Medical College and Hospital Blood Bank,Tiruvarur,Thiruvarur,Tamil Nadu,10.779139,79.606921,Esri India Blood Bank Directory 2017 (MoHFW/data.gov.in),2026-08-19T17:39:10.719610+00:00,2017 (historical; not live availability)
official_874,Dhanalakshmi Srinivasan Medical College and Hospital Blood Bank,Siruvachur,Perambalur,Tamil Nadu,11.198683,78.872944,Esri India Blood Bank Directory 2017 (MoHFW/data.gov.in),2026-08-19T17:39:10.719610+00:00,2017 (historical; not live availability)
official_875,Sri Venkateshwara Medical College Hospital and Research Centre,Ariyur,Puducherry,Puducherry,11.903661,79.701071,Esri India Blood Bank Directory 2017 (MoHFW/data.gov.in),2026-08-19T17:39:10.719610+00:00,2017 (historical; not live availability)
official_876,Indhira Gandhi Goverment General Hospital Blood Bank ,Puducherry,Puducherry,Puducherry,11.931847,79.83303,Esri India Blood Bank Directory 2017 (MoHFW/data.gov.in),2026-08-19T17:39:10.719610+00:00,2017 (historical; not live availability)
official_877,Government Raja Mirasudar Hospital,Thanjavur,Thanjavur,Tamil Nadu,10.785541,79.1366,Esri India Blood Bank Directory 2017 (MoHFW/data.gov.in),2026-08-19T17:39:10.719610+00:00,2017 (historical; not live availability)
official_878,Rajah Muthiah Medical College and Hospital Blood Bank,Chidambaram,Cuddalore,Tamil Nadu,11.398477,79.718821,Esri India Blood Bank Directory 2017 (MoHFW/data.gov.in),2026-08-19T17:39:10.719610+00:00,2017 (historical; not live availability)
official_879,Government Head Quarters Hospital Blood Bank,Metturdam,Salem,Tamil Nadu,11.795825,77.798916,Esri India Blood Bank Directory 2017 (MoHFW/data.gov.in),2026-08-19T17:39:10.719610+00:00,2017 (historical; not live availability)
official_880,Sri Manakula Vinayagar Medical College Hospital Blood Bank,Kalitheerthalkuppam,Puducherry,Puducherry,11.921612,79.62821,Esri India Blood Bank Directory 2017 (MoHFW/data.gov.in),2026-08-19T17:39:10.719610+00:00,2017 (historical; not live availability)
official_881,Sri Lakshminarayana Institute of Medical Sciences Blood Bank,Puducherry,Puducherry,Puducherry,11.938014,79.737529,Esri India Blood Bank Directory 2017 (MoHFW/data.gov.in),2026-08-19T17:39:10.719610+00:00,2017 (historical; not live availability)
official_882,Karaikal Government General Hospital Blood Bank,Karaikal,Karaikal,Puducherry,10.917635,79.836804,Esri India Blood Bank Directory 2017 (MoHFW/data.gov.in),2026-08-19T17:39:10.719610+00:00,2017 (historical; not live availability)
official_883,Government Headquarters Hospital Blood Bank,Ramanathapuram,Ramanathapuram,Tamil Nadu,9.363747,78.831928,Esri India Blood Bank Directory 2017 (MoHFW/data.gov.in),2026-08-19T17:39:10.719610+00:00,2017 (historical; not live availability)
official_884,Sri Kaali Blood Bank,Kumbakonam,Thanjavur,Tamil Nadu,10.956521,79.37494,Esri India Blood Bank Directory 2017 (MoHFW/data.gov.in),2026-08-19T17:39:10.719610+00:00,2017 (historical; not live availability)
official_885,A.G. Padmavathi Hospital Blood Bank,Puducherry,Puducherry,Puducherry,11.92318,79.777662,Esri India Blood Bank Directory 2017 (MoHFW/data.gov.in),2026-08-19T17:39:10.719610+00:00,2017 (historical; not live availability)
official_886,Thanjavur Medical College Hospital Blood Bank,Thanjavur,Thanjavur,Tamil Nadu,10.758601,79.106601,Esri India Blood Bank Directory 2017 (MoHFW/data.gov.in),2026-08-19T17:39:10.719610+00:00,2017 (historical; not live availability)
official_887,Meenakshi Mission Hospital and Research Centre Blood Bank,Madurai,Madurai,Tamil Nadu,9.947597,78.162318,Esri India Blood Bank Directory 2017 (MoHFW/data.gov.in),2026-08-19T17:39:10.719610+00:00,2017 (historical; not live availability)
official_888,Lotus Blood Bank,Erode,Erode,Tamil Nadu,11.326009,77.730096,Esri India Blood Bank Directory 2017 (MoHFW/data.gov.in),2026-08-19T17:39:10.719610+00:00,2017 (historical; not live availability)
official_889,Kartheek Nursing Home Blood Bank,Tirunelveli,Tirunelveli,Tamil Nadu,8.704073,77.738605,Esri India Blood Bank Directory 2017 (MoHFW/data.gov.in),2026-08-19T17:39:10.719610+00:00,2017 (historical; not live availability)
official_890,Government Mohan Kumaramangalam Medical College Hospital Blood Bank,Salem,Salem,Tamil Nadu,11.656585,78.153948,Esri India Blood Bank Directory 2017 (MoHFW/data.gov.in),2026-08-19T17:39:10.719610+00:00,2017 (historical; not live availability)
official_891,Government Hospital Blood Bank,Dharapuram,Tiruppur,Tamil Nadu,10.732509,77.530473,Esri India Blood Bank Directory 2017 (MoHFW/data.gov.in),2026-08-19T17:39:10.719610+00:00,2017 (historical; not live availability)
official_892,Sudiksha Prabhu Hospital Blood Bank and Research Centre,Kovilpatti,Thoothukudi (Tuticorin),Tamil Nadu,9.172693,77.864944,Esri India Blood Bank Directory 2017 (MoHFW/data.gov.in),2026-08-19T17:39:10.719610+00:00,2017 (historical; not live availability)
official_893,Tuticorin Blood Bank,Tuticorin,Thoothukudi (Tuticorin),Tamil Nadu,8.808076,78.146747,Esri India Blood Bank Directory 2017 (MoHFW/data.gov.in),2026-08-19T17:39:10.719610+00:00,2017 (historical; not live availability)
official_894,Government Head Quarters Hospital Blood Bank,Madurai,Madurai,Tamil Nadu,9.962367,77.788596,Esri India Blood Bank Directory 2017 (MoHFW/data.gov.in),2026-08-19T17:39:10.719610+00:00,2017 (historical; not live availability)
official_895,Tirunelveli Medical College Hospital Blood Bank,Tirunelveli,Tirunelveli,Tamil Nadu,8.711749,77.75082,Esri India Blood Bank Directory 2017 (MoHFW/data.gov.in),2026-08-19T17:39:10.719610+00:00,2017 (historical; not live availability)
official_896,Velammal Medical College Hospital and Reserach Institute Blood Bank,Madurai,Madurai,Tamil Nadu,9.887094,78.150868,Esri India Blood Bank Directory 2017 (MoHFW/data.gov.in),2026-08-19T17:39:10.719610+00:00,2017 (historical; not live availability)
official_897,Government Hospital Blood Bank,Palani,Dindigul,Tamil Nadu,10.448498,77.516908,Esri India Blood Bank Directory 2017 (MoHFW/data.gov.in),2026-08-19T17:39:10.719610+00:00,2017 (historical; not live availability)
official_898,Christian Mission Hospital Blood Bank,Madurai,Madurai,Tamil Nadu,9.915951,78.125557,Esri India Blood Bank Directory 2017 (MoHFW/data.gov.in),2026-08-19T17:39:10.719610+00:00,2017 (historical; not live availability)
official_899,Government Hospital Blood Bank,Rasipuram,Namakkal,Tamil Nadu,11.461112,78.185127,Esri India Blood Bank Directory 2017 (MoHFW/data.gov.in),2026-08-19T17:39:10.719610+00:00,2017 (historical; not live availability)
official_900,Government Sivagangai Medical College Hospital Blood Bank,Sivagangai,Sivaganga,Tamil Nadu,9.838881,78.478259,Esri India Blood Bank Directory 2017 (MoHFW/data.gov.in),2026-08-19T17:39:10.719610+00:00,2017 (historical; not live availability)
official_901,Karur Blood Bank,Karur,Karur,Tamil Nadu,10.963696,78.069084,Esri India Blood Bank Directory 2017 (MoHFW/data.gov.in),2026-08-19T17:39:10.719610+00:00,2017 (historical; not live availability)
official_902,Sri Shellapha Hospital Blood Bank,Salem,Salem,Tamil Nadu,11.659832,78.154862,Esri India Blood Bank Directory 2017 (MoHFW/data.gov.in),2026-08-19T17:39:10.719610+00:00,2017 (historical; not live availability)
official_903,Aarthi Hospital Blood Bank,Kovilpatti,Thoothukudi (Tuticorin),Tamil Nadu,9.174494,77.866384,Esri India Blood Bank Directory 2017 (MoHFW/data.gov.in),2026-08-19T17:39:10.719610+00:00,2017 (historical; not live availability)
official_904,Sri Ram Blood Bank,Gobichettipalayam,Erode,Tamil Nadu,11.455893,77.42957,Esri India Blood Bank Directory 2017 (MoHFW/data.gov.in),2026-08-19T17:39:10.719610+00:00,2017 (historical; not live availability)
official_905,Maruti Blood Bank,Salem,Salem,Tamil Nadu,11.672426,78.136187,Esri India Blood Bank Directory 2017 (MoHFW/data.gov.in),2026-08-19T17:39:10.719610+00:00,2017 (historical; not live availability)
official_906,Aarthi Hospital and Diagnostic Centre Blood Bank,Tirunelveli,Tirunelveli,Tamil Nadu,8.716055,77.749882,Esri India Blood Bank Directory 2017 (MoHFW/data.gov.in),2026-08-19T17:39:10.719610+00:00,2017 (historical; not live availability)
official_907,Vadamalayan Hospital Blood Bank,Madurai,Madurai,Tamil Nadu,9.942846,78.130616,Esri India Blood Bank Directory 2017 (MoHFW/data.gov.in),2026-08-19T17:39:10.719610+00:00,2017 (historical; not live availability)
official_908,Vinayaga Mission Kirubananda Variar Medical College Hospital Blood Bank,Salem,Salem,Tamil Nadu,11.585415,78.06378,Esri India Blood Bank Directory 2017 (MoHFW/data.gov.in),2026-08-19T17:39:10.719610+00:00,2017 (historical; not live availability)
official_909,Bagla Combined District Hospital Blood Bank,Hathras,Hathras,Uttar Pradesh,27.599857,78.049858,Esri India Blood Bank Directory 2017 (MoHFW/data.gov.in),2026-08-19T17:39:10.719610+00:00,2017 (historical; not live availability)
official_910,Sivan Blood Bank Run by Lakshmiammal Memorial Trust,Madurai,Madurai,Tamil Nadu,9.923292,78.140268,Esri India Blood Bank Directory 2017 (MoHFW/data.gov.in),2026-08-19T17:39:10.719610+00:00,2017 (historical; not live availability)
official_911,Government Hospital Blood Bank,Gobichettipalayam,Erode,Tamil Nadu,11.456457,77.428786,Esri India Blood Bank Directory 2017 (MoHFW/data.gov.in),2026-08-19T17:39:10.719610+00:00,2017 (historical; not live availability)
official_912,Leonard Hospital Blood Bank,Dindigul,Dindigul,Tamil Nadu,10.165505,77.760672,Esri India Blood Bank Directory 2017 (MoHFW/data.gov.in),2026-08-19T17:39:10.719610+00:00,2017 (historical; not live availability)
official_913,KSM Blood Bank (Run by Maruti Charitable Trust),Salem,Salem,Tamil Nadu,11.666537,78.143476,Esri India Blood Bank Directory 2017 (MoHFW/data.gov.in),2026-08-19T17:39:10.719610+00:00,2017 (historical; not live availability)
official_914,Galaxy Hospital Blood Bank,Tirunelveli,Tirunelveli,Tamil Nadu,8.733836,77.723049,Esri India Blood Bank Directory 2017 (MoHFW/data.gov.in),2026-08-19T17:39:10.719610+00:00,2017 (historical; not live availability)
official_915,Government Hospital Blood Bank,Aruppukottai,Virudhunagar,Tamil Nadu,9.502673,78.097224,Esri India Blood Bank Directory 2017 (MoHFW/data.gov.in),2026-08-19T17:39:10.719610+00:00,2017 (historical; not live availability)
official_916,Government Head Quarters Hospital Blood Bank,Periyakulam,Theni,Tamil Nadu,10.123029,77.53294,Esri India Blood Bank Directory 2017 (MoHFW/data.gov.in),2026-08-19T17:39:10.719610+00:00,2017 (historical; not live availability)
official_917,Kongu Blood Bank,Erode,Erode,Tamil Nadu,11.340634,77.715943,Esri India Blood Bank Directory 2017 (MoHFW/data.gov.in),2026-08-19T17:39:10.719610+00:00,2017 (historical; not live availability)
official_918,Salem Blood Bank,Salem,Salem,Tamil Nadu,11.659085,78.168204,Esri India Blood Bank Directory 2017 (MoHFW/data.gov.in),2026-08-19T17:39:10.719610+00:00,2017 (historical; not live availability)
official_919,Government Thoothukudi Medical College Hospital Blood Bank,Thoothukudi,Thoothukudi (Tuticorin),Tamil Nadu,8.798061,78.136134,Esri India Blood Bank Directory 2017 (MoHFW/data.gov.in),2026-08-19T17:39:10.719610+00:00,2017 (historical; not live availability)
official_920,Sithi Vinayagar Blood Bank,Salem,Salem,Tamil Nadu,11.671281,78.151721,Esri India Blood Bank Directory 2017 (MoHFW/data.gov.in),2026-08-19T17:39:10.719610+00:00,2017 (historical; not live availability)
official_921,Government Headquarters Hospital Blood Bank,Trichy,Tiruchirappalli,Tamil Nadu,10.604228,78.437862,Esri India Blood Bank Directory 2017 (MoHFW/data.gov.in),2026-08-19T17:39:10.719610+00:00,2017 (historical; not live availability)
official_922,Life Line Blood Bank Component and Research Centre ,Tirunelveli,Tirunelveli,Tamil Nadu,8.729758,77.719592,Esri India Blood Bank Directory 2017 (MoHFW/data.gov.in),2026-08-19T17:39:10.719610+00:00,2017 (historical; not live availability)
official_923,Government Hospital Blood Bank,Sivakasi,Virudhunagar,Tamil Nadu,9.460615,77.786369,Esri India Blood Bank Directory 2017 (MoHFW/data.gov.in),2026-08-19T17:39:10.719610+00:00,2017 (historical; not live availability)
official_924,Government Theni Medical College Hospital Blood Bank,Theni,Theni,Tamil Nadu,10.006927,77.553185,Esri India Blood Bank Directory 2017 (MoHFW/data.gov.in),2026-08-19T17:39:10.719610+00:00,2017 (historical; not live availability)
official_925,Dindigul Blood Bank,Dindigul,Dindigul,Tamil Nadu,10.366656,77.977708,Esri India Blood Bank Directory 2017 (MoHFW/data.gov.in),2026-08-19T17:39:10.719610+00:00,2017 (historical; not live availability)
official_926,St.Joseph Hospital Blood Bank,Dindigul,Dindigul,Tamil Nadu,10.370257,77.980644,Esri India Blood Bank Directory 2017 (MoHFW/data.gov.in),2026-08-19T17:39:10.719610+00:00,2017 (historical; not live availability)
official_927,Annai Abirami Blood Bank,Madurai,Madurai,Tamil Nadu,9.915247,78.119525,Esri India Blood Bank Directory 2017 (MoHFW/data.gov.in),2026-08-19T17:39:10.719610+00:00,2017 (historical; not live availability)
official_928,Government Hospital Blood Bank,Sankarankovil,Tirunelveli,Tamil Nadu,9.167302,77.535764,Esri India Blood Bank Directory 2017 (MoHFW/data.gov.in),2026-08-19T17:39:10.719610+00:00,2017 (historical; not live availability)
official_929,Minu Labs and Blood Bank,Salem,Salem,Tamil Nadu,11.675357,78.131943,Esri India Blood Bank Directory 2017 (MoHFW/data.gov.in),2026-08-19T17:39:10.719610+00:00,2017 (historical; not live availability)
official_930,Government Head Quarters Hospital Blood Bank,Kovilpatti,Thoothukudi (Tuticorin),Tamil Nadu,9.175646,77.874168,Esri India Blood Bank Directory 2017 (MoHFW/data.gov.in),2026-08-19T17:39:10.719610+00:00,2017 (historical; not live availability)
official_931,Government Rajaji Hospital Blood Bank,Madurai,Madurai,Tamil Nadu,9.926986,78.131758,Esri India Blood Bank Directory 2017 (MoHFW/data.gov.in),2026-08-19T17:39:10.719610+00:00,2017 (historical; not live availability)
official_932,S Palaniyandi Mudaliar Memorial Hospital Blood Bank,Salem,Salem,Tamil Nadu,11.661224,78.192156,Esri India Blood Bank Directory 2017 (MoHFW/data.gov.in),2026-08-19T17:39:10.719610+00:00,2017 (historical; not live availability)
official_933,Government Head Quarters Hospital Blood Bank,Virudhunagar,Virudhunagar,Tamil Nadu,9.588385,77.961917,Esri India Blood Bank Directory 2017 (MoHFW/data.gov.in),2026-08-19T17:39:10.719610+00:00,2017 (historical; not live availability)
official_934,Erode Blood Bank and Clinical Laboratory,Erode,Erode,Tamil Nadu,11.336191,77.718506,Esri India Blood Bank Directory 2017 (MoHFW/data.gov.in),2026-08-19T17:39:10.719610+00:00,2017 (historical; not live availability)
official_935,Kurinji Hospital Blood Bank,Salem,Salem,Tamil Nadu,11.677233,78.135322,Esri India Blood Bank Directory 2017 (MoHFW/data.gov.in),2026-08-19T17:39:10.719610+00:00,2017 (historical; not live availability)
official_936,Government Head Quarters Hospital Blood Bank,Karur,Karur,Tamil Nadu,10.962277,78.080228,Esri India Blood Bank Directory 2017 (MoHFW/data.gov.in),2026-08-19T17:39:10.719610+00:00,2017 (historical; not live availability)
official_937,IRT Perunthurai Medical College Hospital Blood Bank,Erode,Erode,Tamil Nadu,11.280826,77.567496,Esri India Blood Bank Directory 2017 (MoHFW/data.gov.in),2026-08-19T17:39:10.719610+00:00,2017 (historical; not live availability)
official_938,Christian Community Health Center and Hospital Blood Bank,Ambilikai,Dindigul,Tamil Nadu,10.545977,77.725236,Esri India Blood Bank Directory 2017 (MoHFW/data.gov.in),2026-08-19T17:39:10.719610+00:00,2017 (historical; not live availability)
official_939,Shifa Hospitals Blood Bank,Thirunelveli,Tirunelveli,Tamil Nadu,8.728161,77.710143,Esri India Blood Bank Directory 2017 (MoHFW/data.gov.in),2026-08-19T17:39:10.719610+00:00,2017 (historical; not live availability)
official_940,Government Head Quarters Hospital Blood Bank,Namakkal,Namakkal,Tamil Nadu,11.216752,78.168939,Esri India Blood Bank Directory 2017 (MoHFW/data.gov.in),2026-08-19T17:39:10.719610+00:00,2017 (historical; not live availability)
official_941,The Apollo Speciality Hospital Blood Bank,Madurai,Madurai,Tamil Nadu,9.927966,78.148775,Esri India Blood Bank Directory 2017 (MoHFW/data.gov.in),2026-08-19T17:39:10.719610+00:00,2017 (historical; not live availability)
official_942,Christian Fellowship Hospital Blood Bank,Oddanchataram,Dindigul,Tamil Nadu,10.48803,77.751707,Esri India Blood Bank Directory 2017 (MoHFW/data.gov.in),2026-08-19T17:39:10.719610+00:00,2017 (historical; not live availability)
official_943,"Aswini Hospital Blood Bank, TTD",Tirumala,Chittoor,Andhra Pradesh,13.677292,79.3487,Esri India Blood Bank Directory 2017 (MoHFW/data.gov.in),2026-08-19T17:39:10.719610+00:00,2017 (historical; not live availability)
official_944,Government Head quarters Hospital Blood Bank,Dindigul,Dindigul,Tamil Nadu,10.363893,77.976364,Esri India Blood Bank Directory 2017 (MoHFW/data.gov.in),2026-08-19T17:39:10.719610+00:00,2017 (historical; not live availability)
official_945,Government Hospital Blood Bank,Rajapalayam,Virudhunagar,Tamil Nadu,9.41412,77.597374,Esri India Blood Bank Directory 2017 (MoHFW/data.gov.in),2026-08-19T17:39:10.719610+00:00,2017 (historical; not live availability)
official_946,Government Hospital Blood Bank,Attur,Salem,Tamil Nadu,11.59695,78.60139,Esri India Blood Bank Directory 2017 (MoHFW/data.gov.in),2026-08-19T17:39:10.719610+00:00,2017 (historical; not live availability)
official_947,Shharc Charity Blood Bank,Namakkal,Namakkal,Tamil Nadu,11.215701,78.168668,Esri India Blood Bank Directory 2017 (MoHFW/data.gov.in),2026-08-19T17:39:10.719610+00:00,2017 (historical; not live availability)
official_948,Government Aringnar Anna Memorial Cancer Hospital Blood Bank,Kanchipuram,Kanchipuram,Tamil Nadu,12.86981,79.715799,Esri India Blood Bank Directory 2017 (MoHFW/data.gov.in),2026-08-19T17:39:10.719610+00:00,2017 (historical; not live availability)
official_949,SVRRGGH - Model Blood Bank,Tirupati,Chittoor,Andhra Pradesh,13.644382,79.407003,Esri India Blood Bank Directory 2017 (MoHFW/data.gov.in),2026-08-19T17:39:10.719610+00:00,2017 (historical; not live availability)
official_950,Government Medical College Hospital Blood Bank,Adukamparai,Vellore,Tamil Nadu,12.845971,79.135775,Esri India Blood Bank Directory 2017 (MoHFW/data.gov.in),2026-08-19T17:39:10.719610+00:00,2017 (historical; not live availability)
official_951,District Headquarters Hospital (Repeated),Nellore,Spsr Nellore,Andhra Pradesh,14.435424,79.966831,Esri India Blood Bank Directory 2017 (MoHFW/data.gov.in),2026-08-19T17:39:10.719610+00:00,2017 (historical; not live availability)
official_952,Bethesda Hospital Blood Bank,Ambur,Vellore,Tamil Nadu,12.778149,78.720022,Esri India Blood Bank Directory 2017 (MoHFW/data.gov.in),2026-08-19T17:39:10.719610+00:00,2017 (historical; not live availability)
official_953,Indian Red Cross Society Blood Bank,Nellore,Spsr Nellore,Andhra Pradesh,14.426777,79.959008,Esri India Blood Bank Directory 2017 (MoHFW/data.gov.in),2026-08-19T17:39:10.719610+00:00,2017 (historical; not live availability)
official_954,St Joseph Hospital Blood Bank,Tindivanam,Villupuram,Tamil Nadu,12.219359,79.654492,Esri India Blood Bank Directory 2017 (MoHFW/data.gov.in),2026-08-19T17:39:10.719610+00:00,2017 (historical; not live availability)
official_955,Masonic Blood Bank,Vellore,Vellore,Tamil Nadu,12.930498,79.135092,Esri India Blood Bank Directory 2017 (MoHFW/data.gov.in),2026-08-19T17:39:10.719610+00:00,2017 (historical; not live availability)
official_956,Pondicherry Institute of Medical Sciences Blood Bank,Kalapet,Puducherry,Puducherry,12.046974,79.854738,Esri India Blood Bank Directory 2017 (MoHFW/data.gov.in),2026-08-19T17:39:10.719610+00:00,2017 (historical; not live availability)
official_957,"Indian Red Cross Society, Blood Bank",KADAPA,Y.S.R. (Kadapa),Andhra Pradesh,14.467354,78.824134,Esri India Blood Bank Directory 2017 (MoHFW/data.gov.in),2026-08-19T17:39:10.719610+00:00,2017 (historical; not live availability)
official_958,Government Hospital Blood Bank,Tindivanam,Villupuram,Tamil Nadu,12.241136,79.651734,Esri India Blood Bank Directory 2017 (MoHFW/data.gov.in),2026-08-19T17:39:10.719610+00:00,2017 (historical; not live availability)
official_959,Madurantakam Government Hospital Blood Bank,Madurantakam,Kanchipuram,Tamil Nadu,12.50908,79.890064,Esri India Blood Bank Directory 2017 (MoHFW/data.gov.in),2026-08-19T17:39:10.719610+00:00,2017 (historical; not live availability)
official_960,Melmaruvathur Adiparasakthi Institute of Medical Sciences and Research Blood Bank,Melmaruvathur,Villupuram,Tamil Nadu,12.434226,79.81321,Esri India Blood Bank Directory 2017 (MoHFW/data.gov.in),2026-08-19T17:39:10.719610+00:00,2017 (historical; not live availability)
official_961,Karpaga Vinayaga Institute of Medical Sciences Blood Bank,Maduranthagam,Kanchipuram,Tamil Nadu,12.592392,79.911956,Esri India Blood Bank Directory 2017 (MoHFW/data.gov.in),2026-08-19T17:39:10.719610+00:00,2017 (historical; not live availability)
official_962,Chengalpattu Medical College Hospital Blood Bank,Chengalpattu,Kanchipuram,Tamil Nadu,12.677617,79.98029,Esri India Blood Bank Directory 2017 (MoHFW/data.gov.in),2026-08-19T17:39:10.719610+00:00,2017 (historical; not live availability)
official_963,Government Medical College Hospital Blood Bank,Tiruvannamalai,Tiruvannamalai,Tamil Nadu,12.225476,79.064744,Esri India Blood Bank Directory 2017 (MoHFW/data.gov.in),2026-08-19T17:39:10.719610+00:00,2017 (historical; not live availability)
official_964,Sri Narayani Hospital and Research Centre Blood Bank,Vellore,Vellore,Tamil Nadu,12.870762,79.089846,Esri India Blood Bank Directory 2017 (MoHFW/data.gov.in),2026-08-19T17:39:10.719610+00:00,2017 (historical; not live availability)
official_965,Govt Maternity Hospital Blood Bank,Tirupati,Chittoor,Andhra Pradesh,13.639418,79.409372,Esri India Blood Bank Directory 2017 (MoHFW/data.gov.in),2026-08-19T17:39:10.719610+00:00,2017 (historical; not live availability)
official_966,Government Head Quarters Hospital Blood Bank,Kanchipuram,Kanchipuram,Tamil Nadu,12.832978,79.710277,Esri India Blood Bank Directory 2017 (MoHFW/data.gov.in),2026-08-19T17:39:10.719610+00:00,2017 (historical; not live availability)
official_967,M/s IRCS Blood Bank.,Chittoor,Chittoor,Andhra Pradesh,13.21698,79.100764,Esri India Blood Bank Directory 2017 (MoHFW/data.gov.in),2026-08-19T17:39:10.719610+00:00,2017 (historical; not live availability)
official_968,ST Thomas Hospital Blood Bank and Leprosy Centre,Tiruvannamalai,Tiruvannamalai,Tamil Nadu,12.466265,79.335994,Esri India Blood Bank Directory 2017 (MoHFW/data.gov.in),2026-08-19T17:39:10.719610+00:00,2017 (historical; not live availability)
official_969,Verma Union Hospital Blood Bank,Indore,Indore,Madhya Pradesh,22.71209,75.838098,Esri India Blood Bank Directory 2017 (MoHFW/data.gov.in),2026-08-19T17:39:10.719610+00:00,2017 (historical; not live availability)
official_970,Index Medical College Hospital and Research Centre Blood Bank,Indore,Indore,Madhya Pradesh,22.732016,75.888857,Esri India Blood Bank Directory 2017 (MoHFW/data.gov.in),2026-08-19T17:39:10.719610+00:00,2017 (historical; not live availability)
official_971,Vishnuprabha Charitable Trust Blood Bank,Dewas,Dewas,Madhya Pradesh,22.964817,76.046337,Esri India Blood Bank Directory 2017 (MoHFW/data.gov.in),2026-08-19T17:39:10.719610+00:00,2017 (historical; not live availability)
official_972,Greater Kailash Hospitals Private Limited Blood Bank,Indore,Indore,Madhya Pradesh,22.72527,75.889633,Esri India Blood Bank Directory 2017 (MoHFW/data.gov.in),2026-08-19T17:39:10.719610+00:00,2017 (historical; not live availability)
official_973,Bhagwan Mahavir Hospital Blood Bank,Sumerpur,Pali,Rajasthan,25.132911,73.11258,Esri India Blood Bank Directory 2017 (MoHFW/data.gov.in),2026-08-19T17:39:10.719610+00:00,2017 (historical; not live availability)
official_974,Aruvindo Blood Banks SAIMS Hospital,Indore,Indore,Madhya Pradesh,22.796953,75.845156,Esri India Blood Bank Directory 2017 (MoHFW/data.gov.in),2026-08-19T17:39:10.719610+00:00,2017 (historical; not live availability)
official_975,Area Hospital (Repeated),Tenali,Guntur,Andhra Pradesh,16.239531,80.64934,Esri India Blood Bank Directory 2017 (MoHFW/data.gov.in),2026-08-19T17:39:10.719610+00:00,2017 (historical; not live availability)
official_976,Late N.H. Ramani Memorial Voluntary Blood Bank and Navchetan Pathology Lab Modasa,Sabarkantha,Sabarkantha,Gujarat,23.459892,73.297569,Esri India Blood Bank Directory 2017 (MoHFW/data.gov.in),2026-08-19T17:39:10.719610+00:00,2017 (historical; not live availability)
official_977,Mahatma Gandhi Government Hospital Blood Bank,Banswara,Banswara,Rajasthan,23.553246,74.442491,Esri India Blood Bank Directory 2017 (MoHFW/data.gov.in),2026-08-19T17:39:10.719610+00:00,2017 (historical; not live availability)
official_978,District Hospital Blood Bank,Dewas,Dewas,Madhya Pradesh,22.962207,76.048075,Esri India Blood Bank Directory 2017 (MoHFW/data.gov.in),2026-08-19T17:39:10.719610+00:00,2017 (historical; not live availability)
official_979,GMERS Medical College Attach Sir Pratap General Hospital Blood Bank,Himmatnagar,Sabarkantha,Gujarat,23.595692,72.960688,Esri India Blood Bank Directory 2017 (MoHFW/data.gov.in),2026-08-19T17:39:10.719610+00:00,2017 (historical; not live availability)
official_980,Grassim Hospital and Blood Bank,Nagda,Ujjain,Madhya Pradesh,23.4465681,75.407488,Esri India Blood Bank Directory 2017 (MoHFW/data.gov.in),2026-08-19T17:39:10.719610+00:00,2017 (historical; not live availability)
official_981,Kota Blood Bank Society,Kota,Kota,Rajasthan,25.15205,75.835195,Esri India Blood Bank Directory 2017 (MoHFW/data.gov.in),2026-08-19T17:39:10.719610+00:00,2017 (historical; not live availability)
official_982,District Hospital Blood Bank,Ratlam,Ratlam,Madhya Pradesh,23.327397,75.038845,Esri India Blood Bank Directory 2017 (MoHFW/data.gov.in),2026-08-19T17:39:10.719610+00:00,2017 (historical; not live availability)
official_983,CR Gardi Hospital and RD Blood Bank,Ujjain,Ujjain,Madhya Pradesh,23.233015,75.811619,Esri India Blood Bank Directory 2017 (MoHFW/data.gov.in),2026-08-19T17:39:10.719610+00:00,2017 (historical; not live availability)
official_984,MY Hospital & MGM Medical College - State of ART Model Blood Bank ,Indore,Indore,Madhya Pradesh,22.714476,75.882875,Esri India Blood Bank Directory 2017 (MoHFW/data.gov.in),2026-08-19T17:39:10.719610+00:00,2017 (historical; not live availability)
official_985,Bhupal Singh Dhariwal Memorial Blood Bank ,Bhilwara,Bhilwara,Rajasthan,25.358359,74.645124,Esri India Blood Bank Directory 2017 (MoHFW/data.gov.in),2026-08-19T17:39:10.719610+00:00,2017 (historical; not live availability)
official_986,New Hospital  Medical College Blood Bank,Kota,Kota,Rajasthan,25.119971,75.831146,Esri India Blood Bank Directory 2017 (MoHFW/data.gov.in),2026-08-19T17:39:10.719610+00:00,2017 (historical; not live availability)
official_987,Ram Snehi Hospital Blood Bank ,Bhilwara,Bhilwara,Rajasthan,25.349758,74.643888,Esri India Blood Bank Directory 2017 (MoHFW/data.gov.in),2026-08-19T17:39:10.719610+00:00,2017 (historical; not live availability)
official_988,District Hospital Blood Bank,Mandsaur,Mandsaur,Madhya Pradesh,24.069241,75.071826,Esri India Blood Bank Directory 2017 (MoHFW/data.gov.in),2026-08-19T17:39:10.719610+00:00,2017 (historical; not live availability)
official_989,Gurjar Hospital and Endoscopy Centre Private Limited Blood Bank,Indore,Indore,Madhya Pradesh,22.691901,75.866108,Esri India Blood Bank Directory 2017 (MoHFW/data.gov.in),2026-08-19T17:39:10.719610+00:00,2017 (historical; not live availability)
official_990,Saral Blood Bank,Udaipur,Udaipur,Rajasthan,24.594033,73.698544,Esri India Blood Bank Directory 2017 (MoHFW/data.gov.in),2026-08-19T17:39:10.719610+00:00,2017 (historical; not live availability)
official_991,Raktdan Kendra Voluntary Blood Bank Godhra ,Godhra,Panchmahal ,Gujarat,22.762228,73.608892,Esri India Blood Bank Directory 2017 (MoHFW/data.gov.in),2026-08-19T17:39:10.719610+00:00,2017 (historical; not live availability)
official_992,Shri Ram Blood Bank,Kota,Kota,Rajasthan,25.144698,75.837722,Esri India Blood Bank Directory 2017 (MoHFW/data.gov.in),2026-08-19T17:39:10.719610+00:00,2017 (historical; not live availability)
official_993,Sawai Madhopur Government General Hospital Blood Bank,Sawai Madhopur,Sawai Madhopur,Rajasthan,25.217543,75.837287,Esri India Blood Bank Directory 2017 (MoHFW/data.gov.in),2026-08-19T17:39:10.719610+00:00,2017 (historical; not live availability)
official_994,Rajasthan Atomic Power Station (R.A.P.S) Hospital Blood Bank ,Rawatbhata,Chittorgarh,Rajasthan,24.873676,75.617899,Esri India Blood Bank Directory 2017 (MoHFW/data.gov.in),2026-08-19T17:39:10.719610+00:00,2017 (historical; not live availability)
official_995,GBH American Hospital Blood bank,Udaipur,Udaipur,Rajasthan,24.593634,73.696364,Esri India Blood Bank Directory 2017 (MoHFW/data.gov.in),2026-08-19T17:39:10.719610+00:00,2017 (historical; not live availability)
official_996,Arihant Hospital and Research Centre Blood Bank,Indore,Indore,Madhya Pradesh,22.701662,75.829585,Esri India Blood Bank Directory 2017 (MoHFW/data.gov.in),2026-08-19T17:39:10.719610+00:00,2017 (historical; not live availability)
official_997,Muljibhai Patel Urological Hospital Blood Bank,Nadiad,Kheda,Gujarat,22.683058,72.872039,Esri India Blood Bank Directory 2017 (MoHFW/data.gov.in),2026-08-19T17:39:10.719610+00:00,2017 (historical; not live availability)
official_998,Maharao Bhimsingh Hospital Blood Bank,Kota,Kota,Rajasthan,25.198998,75.856664,Esri India Blood Bank Directory 2017 (MoHFW/data.gov.in),2026-08-19T17:39:10.719610+00:00,2017 (historical; not live availability)
official_999,Sanghvi Blood Bank,Indore,Indore,Madhya Pradesh,22.7166872,75.8739793,Esri India Blood Bank Directory 2017 (MoHFW/data.gov.in),2026-08-19T17:39:10.719610+00:00,2017 (historical; not live availability)
official_1000,Sudha Blood Bank,Kota,Kota,Rajasthan,25.150517,75.852151,Esri India Blood Bank Directory 2017 (MoHFW/data.gov.in),2026-08-19T17:39:10.719610+00:00,2017 (historical; not live availability)
official_1001,Gujarat Methodist Church Cardiac Care and Research Society Blood Bank,Nadiad,Kheda,Gujarat,22.701204,72.844443,Esri India Blood Bank Directory 2017 (MoHFW/data.gov.in),2026-08-19T17:39:10.719610+00:00,2017 (historical; not live availability)
official_1002,Shri Haridev Joshi General Hospital Blood bank,Dungarpur,Dungarpur,Rajasthan,23.858847,73.71089,Esri India Blood Bank Directory 2017 (MoHFW/data.gov.in),2026-08-19T17:39:10.719610+00:00,2017 (historical; not live availability)
official_1003,Lokmitra Blood Bank and Thalassemia Research Centre,Udaipur,Udaipur,Rajasthan,24.581121,73.712858,Esri India Blood Bank Directory 2017 (MoHFW/data.gov.in),2026-08-19T17:39:10.719610+00:00,2017 (historical; not live availability)
official_1004,Government Bangar Hospital Blood Bank,Pali,Pali,Rajasthan,25.776368,73.332182,Esri India Blood Bank Directory 2017 (MoHFW/data.gov.in),2026-08-19T17:39:10.719610+00:00,2017 (historical; not live availability)
official_1005,P.B.S.S.General Hospital Blood Bank,Bundi,Bundi,Rajasthan,25.441477,75.644144,Esri India Blood Bank Directory 2017 (MoHFW/data.gov.in),2026-08-19T17:39:10.719610+00:00,2017 (historical; not live availability)
official_1006,Bombay Hospital Trust Blood Bank,Indore,Indore,Madhya Pradesh,22.71957,75.857726,Esri India Blood Bank Directory 2017 (MoHFW/data.gov.in),2026-08-19T17:39:10.719610+00:00,2017 (historical; not live availability)
official_1007,Jhalawar Hospital and Medical College Blood Bank,Jhalawar,Jhalawar,Rajasthan,24.586774,76.160622,Esri India Blood Bank Directory 2017 (MoHFW/data.gov.in),2026-08-19T17:39:10.719610+00:00,2017 (historical; not live availability)
official_1008,Samarth Raktdan Kendra                                                             ,Dahod,Dahod,Gujarat,22.949278,73.630239,Esri India Blood Bank Directory 2017 (MoHFW/data.gov.in),2026-08-19T17:39:10.719610+00:00,2017 (historical; not live availability)
official_1009,Patel Voluntary Blood Bank Modasa,Sabarkantha,Sabarkantha,Gujarat,23.467375,73.297689,Esri India Blood Bank Directory 2017 (MoHFW/data.gov.in),2026-08-19T17:39:10.719610+00:00,2017 (historical; not live availability)
official_1010,District Hospital,Jhabua,Jhabua,Madhya Pradesh,22.773068,74.591422,Esri India Blood Bank Directory 2017 (MoHFW/data.gov.in),2026-08-19T17:39:10.719610+00:00,2017 (historical; not live availability)
official_1011,Rotary International Global Hospital Blood Bank,Sirohi,Sirohi,Rajasthan,24.538286,72.801958,Esri India Blood Bank Directory 2017 (MoHFW/data.gov.in),2026-08-19T17:39:10.719610+00:00,2017 (historical; not live availability)
official_1012,Krishna Rotary Blood Bank,Kota,Kota,Rajasthan,25.153422,75.851833,Esri India Blood Bank Directory 2017 (MoHFW/data.gov.in),2026-08-19T17:39:10.719610+00:00,2017 (historical; not live availability)
official_1013,Puspha Mission Hospital and Maternity Home Blood Bank,Ujjain,Ujjain,Madhya Pradesh,23.168295,75.795961,Esri India Blood Bank Directory 2017 (MoHFW/data.gov.in),2026-08-19T17:39:10.719610+00:00,2017 (historical; not live availability)
official_1014,Deep Blood Bank,Khandwa,East Nimar,Madhya Pradesh,22.8740505,74.7337069,Esri India Blood Bank Directory 2017 (MoHFW/data.gov.in),2026-08-19T17:39:10.719610+00:00,2017 (historical; not live availability)
official_1015,Manav Seva Samiti Blood Bank,Ratlam,Ratlam,Madhya Pradesh,23.3266577,75.039959,Esri India Blood Bank Directory 2017 (MoHFW/data.gov.in),2026-08-19T17:39:10.719610+00:00,2017 (historical; not live availability)
official_1016,"General Hospital Blood Bank Godhra, ",Godhra,Panchmahal ,Gujarat,22.771958,73.620689,Esri India Blood Bank Directory 2017 (MoHFW/data.gov.in),2026-08-19T17:39:10.719610+00:00,2017 (historical; not live availability)
official_1017,Pacific Medical College and Hospital Blood Bank,Udaipur,Udaipur,Rajasthan,24.668857,73.70231,Esri India Blood Bank Directory 2017 (MoHFW/data.gov.in),2026-08-19T17:39:10.719610+00:00,2017 (historical; not live availability)
official_1018,Vishesh Hospital Blood Bank,Indore,Indore,Madhya Pradesh,22.7187135,75.8882735,Esri India Blood Bank Directory 2017 (MoHFW/data.gov.in),2026-08-19T17:39:10.719610+00:00,2017 (historical; not live availability)
official_1019,Government General Hospital Blood Bank,Sirohi,Sirohi,Rajasthan,24.88629,72.859424,Esri India Blood Bank Directory 2017 (MoHFW/data.gov.in),2026-08-19T17:39:10.719610+00:00,2017 (historical; not live availability)
official_1020,SNG Hospital Blood Bank,Indore,Indore,Madhya Pradesh,22.720246,75.8817,Esri India Blood Bank Directory 2017 (MoHFW/data.gov.in),2026-08-19T17:39:10.719610+00:00,2017 (historical; not live availability)
official_1021,Maharana Bhupal Government Hospital Blood Bank,Udaipur,Udaipur,Rajasthan,24.589107,73.692338,Esri India Blood Bank Directory 2017 (MoHFW/data.gov.in),2026-08-19T17:39:10.719610+00:00,2017 (historical; not live availability)
official_1022,Kiran Voluntary Blood Bank                                                                       ,Dahod,Dahod,Gujarat,22.839956,74.254361,Esri India Blood Bank Directory 2017 (MoHFW/data.gov.in),2026-08-19T17:39:10.719610+00:00,2017 (historical; not live availability)
official_1023,Mahatma Gandhi Hospital Blood Bank,Bhilwara,Bhilwara,Rajasthan,25.347562,74.641874,Esri India Blood Bank Directory 2017 (MoHFW/data.gov.in),2026-08-19T17:39:10.719610+00:00,2017 (historical; not live availability)
official_1024,Ujjain Charitable Trust Blood Bank,Ujjain,Ujjain,Madhya Pradesh,23.192897,75.776423,Esri India Blood Bank Directory 2017 (MoHFW/data.gov.in),2026-08-19T17:39:10.719610+00:00,2017 (historical; not live availability)
official_1025,Indian Red Cross Society (IRCS) Blood Bank,Neemuch,Neemuch,Madhya Pradesh,24.460273,74.874825,Esri India Blood Bank Directory 2017 (MoHFW/data.gov.in),2026-08-19T17:39:10.719610+00:00,2017 (historical; not live availability)
official_1026, Indian Red Cross Society Blood Bank ,Dahod,Dahod,Gujarat,22.838831,74.254139,Esri India Blood Bank Directory 2017 (MoHFW/data.gov.in),2026-08-19T17:39:10.719610+00:00,2017 (historical; not live availability)
official_1027,Indira Diagnostic and Blood Bank Limited,Lucknow,Lucknow,Uttar Pradesh,26.870091,80.971582,Esri India Blood Bank Directory 2017 (MoHFW/data.gov.in),2026-08-19T17:39:10.719610+00:00,2017 (historical; not live availability)
official_1028,District Hospital Blood Bank,Ujjain,Ujjain,Madhya Pradesh,23.105277,75.463821,Esri India Blood Bank Directory 2017 (MoHFW/data.gov.in),2026-08-19T17:39:10.719610+00:00,2017 (historical; not live availability)
official_1029,Bharat Vikas Parishad Chikitshalya Blood Bank,Kota,Kota,Rajasthan,25.16239,75.831475,Esri India Blood Bank Directory 2017 (MoHFW/data.gov.in),2026-08-19T17:39:10.719610+00:00,2017 (historical; not live availability)
official_1030,Shree Sanwaliyaji Government Hospital Blood Bank,Chittorgarh,Chittorgarh,Rajasthan,24.619153,74.681808,Esri India Blood Bank Directory 2017 (MoHFW/data.gov.in),2026-08-19T17:39:10.719610+00:00,2017 (historical; not live availability)
official_1031,Geetanjali Medical College and Hospital Blood Bank,Udaipur,Udaipur,Rajasthan,24.553352,73.731888,Esri India Blood Bank Directory 2017 (MoHFW/data.gov.in),2026-08-19T17:39:10.719610+00:00,2017 (historical; not live availability)
official_1032,R.K. District Hospital Blood Bank,Rajsamand,Rajsamand,Rajasthan,25.024193,73.883611,Esri India Blood Bank Directory 2017 (MoHFW/data.gov.in),2026-08-19T17:39:10.719610+00:00,2017 (historical; not live availability)
official_1033,L. G. Hospital Blood Bank,Ahmedabad,Ahmedabad,Gujarat,22.999464,72.60458,Esri India Blood Bank Directory 2017 (MoHFW/data.gov.in),2026-08-19T17:39:10.719610+00:00,2017 (historical; not live availability)
official_1034,GUJARAT CANCER MEDICAL COLLEGE,Ahmedabad,Ahmedabad,Gujarat,23.038706,72.610334,Esri India Blood Bank Directory 2017 (MoHFW/data.gov.in),2026-08-19T17:39:10.719610+00:00,2017 (historical; not live availability)
official_1035,Maha Gujarat Blood Bank,Ahmedabad,Ahmedabad,Gujarat,22.997578,72.603054,Esri India Blood Bank Directory 2017 (MoHFW/data.gov.in),2026-08-19T17:39:10.719610+00:00,2017 (historical; not live availability)
official_1036,Institute of Kidney Disease and Research Centre ,Ahmedabad,Ahmedabad,Gujarat,23.051439,72.605577,Esri India Blood Bank Directory 2017 (MoHFW/data.gov.in),2026-08-19T17:39:10.719610+00:00,2017 (historical; not live availability)
official_1037,General Hospital Blood Bank Morbi,Rajkot,Rajkot,Gujarat,22.815814,70.831473,Esri India Blood Bank Directory 2017 (MoHFW/data.gov.in),2026-08-19T17:39:10.719610+00:00,2017 (historical; not live availability)
official_1038,District Hospital Blood Bank Dharwad,Dharwad,Dharwad,Karnataka,15.46473,75.010366,Esri India Blood Bank Directory 2017 (MoHFW/data.gov.in),2026-08-19T17:39:10.719610+00:00,2017 (historical; not live availability)
official_1039,Bhoomi Voluntary Blood Bank Palanpur,Banaskantha,Banaskantha,Gujarat,24.162436,72.414225,Esri India Blood Bank Directory 2017 (MoHFW/data.gov.in),2026-08-19T17:39:10.719610+00:00,2017 (historical; not live availability)
official_1040,Gandhi Lincon Hospital Blood Bank,Banaskantha,Banaskantha,Gujarat,24.256318,72.184372,Esri India Blood Bank Directory 2017 (MoHFW/data.gov.in),2026-08-19T17:39:10.719610+00:00,2017 (historical; not live availability)
official_1041,General Hospital Blood Bank Mehsana,Mehsana,Mehsana,Gujarat,23.608546,72.391231,Esri India Blood Bank Directory 2017 (MoHFW/data.gov.in),2026-08-19T17:39:10.719610+00:00,2017 (historical; not live availability)
official_1042,Prathama Blood Centre,Ahmedabad,Ahmedabad,Gujarat,23.006225,72.541921,Esri India Blood Bank Directory 2017 (MoHFW/data.gov.in),2026-08-19T17:39:10.719610+00:00,2017 (historical; not live availability)
official_1043,The Gujarat Cancer & Research Institute Blood Bank,Ahmedabad,Ahmedabad,Gujarat,23.039061,72.610263,Esri India Blood Bank Directory 2017 (MoHFW/data.gov.in),2026-08-19T17:39:10.719610+00:00,2017 (historical; not live availability)
official_1044,Dharti Voluntary Blood Bank,Banaskantha,Banaskantha,Gujarat,24.499781,72.020131,Esri India Blood Bank Directory 2017 (MoHFW/data.gov.in),2026-08-19T17:39:10.719610+00:00,2017 (historical; not live availability)
official_1045,White Cross Blood Bank ,Ahmedabad,Ahmedabad,Gujarat,23.06573,72.636791,Esri India Blood Bank Directory 2017 (MoHFW/data.gov.in),2026-08-19T17:39:10.719610+00:00,2017 (historical; not live availability)
official_1046,Ami Pathology Laboratory and Blood Bank,Ahmedabad,Ahmedabad,Gujarat,23.08705,72.592226,Esri India Blood Bank Directory 2017 (MoHFW/data.gov.in),2026-08-19T17:39:10.719610+00:00,2017 (historical; not live availability)
official_1047,General Hospital Surendranagar Blood Bank,Surendranagar,Surendranagar,Gujarat,22.7226,71.649165,Esri India Blood Bank Directory 2017 (MoHFW/data.gov.in),2026-08-19T17:39:10.719610+00:00,2017 (historical; not live availability)
official_1048,General Hospital Blood Bank Siddhpur,Siddhpur,Patan,Gujarat,23.916169,72.372983,Esri India Blood Bank Directory 2017 (MoHFW/data.gov.in),2026-08-19T17:39:10.719610+00:00,2017 (historical; not live availability)
official_1049,Saraswati Voluntary Blood Bank,Banaskantha,Banaskantha,Gujarat,24.499588,72.032557,Esri India Blood Bank Directory 2017 (MoHFW/data.gov.in),2026-08-19T17:39:10.719610+00:00,2017 (historical; not live availability)
official_1050,Balrampur Hospital Blood Bank,Lucknow,Lucknow,Uttar Pradesh,26.856601,80.926431,Esri India Blood Bank Directory 2017 (MoHFW/data.gov.in),2026-08-19T17:39:10.719610+00:00,2017 (historical; not live availability)
official_1051,Barmer Government Hospital Blood Bank,Barmer,Barmer,Rajasthan,25.7505,71.396354,Esri India Blood Bank Directory 2017 (MoHFW/data.gov.in),2026-08-19T17:39:10.719610+00:00,2017 (historical; not live availability)
official_1052,Smt. Shardaben Hospital Blood Bank,Ahmedabad,Ahmedabad,Gujarat,23.035285,72.617719,Esri India Blood Bank Directory 2017 (MoHFW/data.gov.in),2026-08-19T17:39:10.719610+00:00,2017 (historical; not live availability)
official_1053,Gujarat Blood Bank Paldi,Ahmedabad,Ahmedabad,Gujarat,23.016405,72.566328,Esri India Blood Bank Directory 2017 (MoHFW/data.gov.in),2026-08-19T17:39:10.719610+00:00,2017 (historical; not live availability)
official_1054,Help Voluntary Blood Bank  ,Ahmedabad,Ahmedabad,Gujarat,23.000103,72.604863,Esri India Blood Bank Directory 2017 (MoHFW/data.gov.in),2026-08-19T17:39:10.719610+00:00,2017 (historical; not live availability)
official_1055,Sterling Hospital,Ahmedabad,Ahmedabad,Gujarat,23.048798,72.531309,Esri India Blood Bank Directory 2017 (MoHFW/data.gov.in),2026-08-19T17:39:10.719610+00:00,2017 (historical; not live availability)
official_1056,Dr. Jivraj Mehta  Smarak Health Foundation Blood Bank,Ahmedabad,Ahmedabad,Gujarat,23.008319,72.543367,Esri India Blood Bank Directory 2017 (MoHFW/data.gov.in),2026-08-19T17:39:10.719610+00:00,2017 (historical; not live availability)
official_1057,Sharddha Voluntary Blood Bank and Pathology Laboratory Dhangadhra,Surendranagar,Surendranagar,Gujarat,22.990836,71.47162,Esri India Blood Bank Directory 2017 (MoHFW/data.gov.in),2026-08-19T17:39:10.719610+00:00,2017 (historical; not live availability)
official_1058,Supratech Voluntary Blood Bank,Ahmedabad,Ahmedabad,Gujarat,23.067721,72.512046,Esri India Blood Bank Directory 2017 (MoHFW/data.gov.in),2026-08-19T17:39:10.719610+00:00,2017 (historical; not live availability)
official_1059,Visnagar Voluntary Blood Bank,Visnagar,Mehsana,Gujarat,23.701586,72.541897,Esri India Blood Bank Directory 2017 (MoHFW/data.gov.in),2026-08-19T17:39:10.719610+00:00,2017 (historical; not live availability)
official_1060, Apollo Hospital International Limited Blood Bank,Gandhinagar,Gandhinagar,Gujarat,23.109635,72.625835,Esri India Blood Bank Directory 2017 (MoHFW/data.gov.in),2026-08-19T17:39:10.719610+00:00,2017 (historical; not live availability)
official_1061,V. S. Hospital Blood Bank,Ahmedabad,Ahmedabad,Gujarat,23.020595,72.571659,Esri India Blood Bank Directory 2017 (MoHFW/data.gov.in),2026-08-19T17:39:10.719610+00:00,2017 (historical; not live availability)
official_1062,Mayur Voluntary Blood Bank   Mandvi,Kutch,Kachchh,Gujarat,22.833302,69.354198,Esri India Blood Bank Directory 2017 (MoHFW/data.gov.in),2026-08-19T17:39:10.719610+00:00,2017 (historical; not live availability)
official_1063,"Sardar Seva Trust, Unjha Nagrik Sahkari Voluntary Blood Bank",Unjha,Mehsana,Gujarat,23.804024,72.389713,Esri India Blood Bank Directory 2017 (MoHFW/data.gov.in),2026-08-19T17:39:10.719610+00:00,2017 (historical; not live availability)
official_1064,Bagalkot Blood Bank,Bagalkot,Bagalkot,Karnataka,16.186132,75.70653,Esri India Blood Bank Directory 2017 (MoHFW/data.gov.in),2026-08-19T17:39:10.719610+00:00,2017 (historical; not live availability)
official_1065,"Bahansali Trust Raktdan Kendra, Radhanpur ",Patan,Patan,Gujarat,23.823539,71.616139,Esri India Blood Bank Directory 2017 (MoHFW/data.gov.in),2026-08-19T17:39:10.719610+00:00,2017 (historical; not live availability)
official_1066,Adarsh Pathology Laboratory and Blood Bank,Ahmedabad,Ahmedabad,Gujarat,23.033177,72.628422,Esri India Blood Bank Directory 2017 (MoHFW/data.gov.in),2026-08-19T17:39:10.719610+00:00,2017 (historical; not live availability)
official_1067,"GMERS MEDICL COLLEGE ATTACHED GENERAL HOSPITAL, GANDHINAGAR",GANDHINAGAR,Gandhinagar,Gujarat,23.218597,72.641585,Esri India Blood Bank Directory 2017 (MoHFW/data.gov.in),2026-08-19T17:39:10.719610+00:00,2017 (historical; not live availability)
official_1068,GMERS Medical College and Hospital Blood Bank Dharpur ,Patan,Patan,Gujarat,23.84643,72.191676,Esri India Blood Bank Directory 2017 (MoHFW/data.gov.in),2026-08-19T17:39:10.719610+00:00,2017 (historical; not live availability)
official_1069,District Hospital Blood Bank ,Mapusa,North Goa,Goa,15.597585,73.820198,Esri India Blood Bank Directory 2017 (MoHFW/data.gov.in),2026-08-19T17:39:10.719610+00:00,2017 (historical; not live availability)
official_1070,"M. U. Pethani Voluntary Blood Bank, Palanpur",Banaskantha,Banaskantha,Gujarat,24.170367,72.435186,Esri India Blood Bank Directory 2017 (MoHFW/data.gov.in),2026-08-19T17:39:10.719610+00:00,2017 (historical; not live availability)
official_1071,Adarsh Voluntary Blood Bank ,Tharad,Banaskantha,Gujarat,24.396283,71.638042,Esri India Blood Bank Directory 2017 (MoHFW/data.gov.in),2026-08-19T17:39:10.719610+00:00,2017 (historical; not live availability)
official_1072,Civil Hospital Blood Bank,Ahmedabad,Ahmedabad,Gujarat,23.051227,72.6055,Esri India Blood Bank Directory 2017 (MoHFW/data.gov.in),2026-08-19T17:39:10.719610+00:00,2017 (historical; not live availability)
official_1073,C. U. Shah Medical College and Hospital Blood Bank,Surendranagar,Surendranagar,Gujarat,22.741751,71.622137,Esri India Blood Bank Directory 2017 (MoHFW/data.gov.in),2026-08-19T17:39:10.719610+00:00,2017 (historical; not live availability)
official_1074,Shiv Voluntary Blood Bank Morbi,Rajkot,Rajkot,Gujarat,22.811453,70.828261,Esri India Blood Bank Directory 2017 (MoHFW/data.gov.in),2026-08-19T17:39:10.719610+00:00,2017 (historical; not live availability)
official_1075,Gujarat Blood Bank Naranpura,Ahmedabad,Ahmedabad,Gujarat,23.055467,72.560224,Esri India Blood Bank Directory 2017 (MoHFW/data.gov.in),2026-08-19T17:39:10.719610+00:00,2017 (historical; not live availability)
official_1076,General Hospital Blood Bank ,Ahmedabad,Ahmedabad,Gujarat,23.028114,72.623869,Esri India Blood Bank Directory 2017 (MoHFW/data.gov.in),2026-08-19T17:39:10.719610+00:00,2017 (historical; not live availability)
official_1077,Indian Red Cross Society Blood Bank,Ahmedabad,Ahmedabad,Gujarat,23.012718,72.55774,Esri India Blood Bank Directory 2017 (MoHFW/data.gov.in),2026-08-19T17:39:10.719610+00:00,2017 (historical; not live availability)
official_1078,Cross World Voluntary Blood Bank ,Ahmedabad,Ahmedabad,Gujarat,23.056322,72.570237,Esri India Blood Bank Directory 2017 (MoHFW/data.gov.in),2026-08-19T17:39:10.719610+00:00,2017 (historical; not live availability)
official_1079,Jivan Jyot Blood Bank  ,Kutch,Kachchh,Gujarat,23.241748,69.67181,Esri India Blood Bank Directory 2017 (MoHFW/data.gov.in),2026-08-19T17:39:10.719610+00:00,2017 (historical; not live availability)
official_1080,Charak Hospital and Research Center Blood Bank,Lucknow,Lucknow,Uttar Pradesh,26.872555,80.871172,Esri India Blood Bank Directory 2017 (MoHFW/data.gov.in),2026-08-19T17:39:10.719610+00:00,2017 (historical; not live availability)
official_1081,District Hospital Blood Bank,Belgaum,Belgaum,Karnataka,15.86908,74.510438,Esri India Blood Bank Directory 2017 (MoHFW/data.gov.in),2026-08-19T17:39:10.719610+00:00,2017 (historical; not live availability)
official_1082,Gayatri Pathology Laboratory and Voluntary Blood Bank,Banaskantha,Banaskantha,Gujarat,24.266228,72.183973,Esri India Blood Bank Directory 2017 (MoHFW/data.gov.in),2026-08-19T17:39:10.719610+00:00,2017 (historical; not live availability)
official_1083,"Matrushri Meghbai Pramji Jetha Hospital and Research Centre, Bhuj ",Kutch,Kachchh,Gujarat,23.242291,69.666889,Esri India Blood Bank Directory 2017 (MoHFW/data.gov.in),2026-08-19T17:39:10.719610+00:00,2017 (historical; not live availability)
official_1084,Shraddhadeep Pathology Lab and Blood Bank,Gandhinagar,Gandhinagar,Gujarat,23.226929,72.646557,Esri India Blood Bank Directory 2017 (MoHFW/data.gov.in),2026-08-19T17:39:10.719610+00:00,2017 (historical; not live availability)
official_1085,Indian Medical Association (IMA) Blood Bank,Mansa,Gandhinagar,Gujarat,23.420056,72.653181,Esri India Blood Bank Directory 2017 (MoHFW/data.gov.in),2026-08-19T17:39:10.719610+00:00,2017 (historical; not live availability)
official_1086,General Hospital Blood Bank Palanpur ,Banaskantha,Banaskantha,Gujarat,24.175017,72.434692,Esri India Blood Bank Directory 2017 (MoHFW/data.gov.in),2026-08-19T17:39:10.719610+00:00,2017 (historical; not live availability)
official_1087,Gayatri Voluntary Blood Bank,Banaskantha,Banaskantha,Gujarat,24.263756,72.162408,Esri India Blood Bank Directory 2017 (MoHFW/data.gov.in),2026-08-19T17:39:10.719610+00:00,2017 (historical; not live availability)
official_1088,Karnavati Blood Bank and Pathology Lab,Ahmedabad,Ahmedabad,Gujarat,23.057858,72.552974,Esri India Blood Bank Directory 2017 (MoHFW/data.gov.in),2026-08-19T17:39:10.719610+00:00,2017 (historical; not live availability)
official_1089,Mehsana Jaycees Charitable Trust Blood Bank,Mehsana,Mehsana,Gujarat,23.607589,72.384975,Esri India Blood Bank Directory 2017 (MoHFW/data.gov.in),2026-08-19T17:39:10.719610+00:00,2017 (historical; not live availability)
official_1090,Seventilal Kantilal Blood Bank,Patan,Patan,Gujarat,23.848226,72.112104,Esri India Blood Bank Directory 2017 (MoHFW/data.gov.in),2026-08-19T17:39:10.719610+00:00,2017 (historical; not live availability)
official_1091,Indian Red Cross Society Blood Bank Himmatnagar,Himmatnagar,Sabarkantha,Gujarat,23.056733,72.573372,Esri India Blood Bank Directory 2017 (MoHFW/data.gov.in),2026-08-19T17:39:10.719610+00:00,2017 (historical; not live availability)
official_1092,Vikas Voluntary Blood Bank,Banaskantha,Banaskantha,Gujarat,24.264792,72.183378,Esri India Blood Bank Directory 2017 (MoHFW/data.gov.in),2026-08-19T17:39:10.719610+00:00,2017 (historical; not live availability)
official_1093,Jalore Government General Hospital Blood Bank,Jalore,Jalore,Rajasthan,25.235099,72.504023,Esri India Blood Bank Directory 2017 (MoHFW/data.gov.in),2026-08-19T17:39:10.719610+00:00,2017 (historical; not live availability)
official_1094,General Hospital Blood Bank Sola,Ahmedabad,Ahmedabad,Gujarat,23.082702,72.525858,Esri India Blood Bank Directory 2017 (MoHFW/data.gov.in),2026-08-19T17:39:10.719610+00:00,2017 (historical; not live availability)
official_1095,Goa Medical College Blood Bank,Panaji,North Goa,Goa,15.463768,73.858813,Esri India Blood Bank Directory 2017 (MoHFW/data.gov.in),2026-08-19T17:39:10.719610+00:00,2017 (historical; not live availability)
official_1096,Medical College Hospital Blood Bank,Bellary,Bellary,Karnataka,15.154334,76.896594,Esri India Blood Bank Directory 2017 (MoHFW/data.gov.in),2026-08-19T17:39:10.719610+00:00,2017 (historical; not live availability)
official_1097,SDM College of Medical Sciences and Hospital Blood Bank,Dharwad,Dharwad,Karnataka,15.417904,75.050162,Esri India Blood Bank Directory 2017 (MoHFW/data.gov.in),2026-08-19T17:39:10.719610+00:00,2017 (historical; not live availability)
official_1098,District Hospital Blood Bank Bagalkot,Bagalkot,Bagalkot,Karnataka,16.165011,75.660812,Esri India Blood Bank Directory 2017 (MoHFW/data.gov.in),2026-08-19T17:39:10.719610+00:00,2017 (historical; not live availability)
official_1099,M. R. Diagnostic Research Centre and Blood Bank,Hubli,Dharwad,Karnataka,15.364705,75.123954,Esri India Blood Bank Directory 2017 (MoHFW/data.gov.in),2026-08-19T17:39:10.719610+00:00,2017 (historical; not live availability)
official_1100,Annasaheb Galatge Lions Blood Bank,Kolhapur,Kolhapur,Maharashtra,16.186455,74.372559,Esri India Blood Bank Directory 2017 (MoHFW/data.gov.in),2026-08-19T17:39:10.719610+00:00,2017 (historical; not live availability)
official_1101,Belgaum Blood Bank and Diagnostic Laboratory,Belgaum,Belgaum,Karnataka,15.860356,74.512478,Esri India Blood Bank Directory 2017 (MoHFW/data.gov.in),2026-08-19T17:39:10.719610+00:00,2017 (historical; not live availability)
official_1102,Navodaya Medical College Hospital and Research Centre Blood Bank,Raichur,Raichur,Karnataka,16.184331,77.368042,Esri India Blood Bank Directory 2017 (MoHFW/data.gov.in),2026-08-19T17:39:10.719610+00:00,2017 (historical; not live availability)
official_1103,Shree Mahaveer Blood Bank,Belgaum,Belgaum,Karnataka,15.854367,74.511233,Esri India Blood Bank Directory 2017 (MoHFW/data.gov.in),2026-08-19T17:39:10.719610+00:00,2017 (historical; not live availability)
official_1104,"Cottage Hospital Blood Bank, Sawantwadi",Sindhudurga,Sindhudurg,Maharashtra,15.902781,73.823544,Esri India Blood Bank Directory 2017 (MoHFW/data.gov.in),2026-08-19T17:39:10.719610+00:00,2017 (historical; not live availability)
official_1105,Ramanagoudar Hospital Blood Bank,Mudhol,Bagalkot,Karnataka,15.364709,75.123955,Esri India Blood Bank Directory 2017 (MoHFW/data.gov.in),2026-08-19T17:39:10.719610+00:00,2017 (historical; not live availability)
official_1106,District Hospital Blood Bank,Sant Kabir Nagar,Sant Kabir Nagar,Uttar Pradesh,26.732839,83.139134,Esri India Blood Bank Directory 2017 (MoHFW/data.gov.in),2026-08-19T17:39:10.719610+00:00,2017 (historical; not live availability)
official_1107,Civil Surgeon - General Hospital Blood Bank,Sindhudurga,Sindhudurg,Maharashtra,16.12019,73.689563,Esri India Blood Bank Directory 2017 (MoHFW/data.gov.in),2026-08-19T17:39:10.719610+00:00,2017 (historical; not live availability)
official_1108,Indian Red Cross Koppal District Branch Blood Bank,Koppal,Koppal,Karnataka,15.419164,76.138152,Esri India Blood Bank Directory 2017 (MoHFW/data.gov.in),2026-08-19T17:39:10.719610+00:00,2017 (historical; not live availability)
official_1109,Air Force Hospital Blood Bank,Gorakhpur,Gorakhpur,Uttar Pradesh,26.759066,83.420833,Esri India Blood Bank Directory 2017 (MoHFW/data.gov.in),2026-08-19T17:39:10.719610+00:00,2017 (historical; not live availability)
official_1110,M/s. Suchirayu Healthcare Limited Blood Bank,Hubli,Dharwad,Karnataka,15.3526453,75.1155103,Esri India Blood Bank Directory 2017 (MoHFW/data.gov.in),2026-08-19T17:39:10.719610+00:00,2017 (historical; not live availability)
official_1111,M/s. Indian Red Cross Society Blood Bank,Kurnool,Kurnool,Andhra Pradesh,15.816357,78.040317,Esri India Blood Bank Directory 2017 (MoHFW/data.gov.in),2026-08-19T17:39:10.719610+00:00,2017 (historical; not live availability)
official_1112,IMA Blood Bank,Gadag,Gadag,Karnataka,15.436162,75.637616,Esri India Blood Bank Directory 2017 (MoHFW/data.gov.in),2026-08-19T17:39:10.719610+00:00,2017 (historical; not live availability)
official_1113,Indian Red Cross Society Blood Bank,Mahabubnagar,Mahbubnagar,Telangana,16.0,78.0011525,Esri India Blood Bank Directory 2017 (MoHFW/data.gov.in),2026-08-19T17:39:10.719610+00:00,2017 (historical; not live availability)
official_1114,Sri Shakti Blood Bank,Sindhanur,Raichur,Karnataka,15.7687772,76.7638445,Esri India Blood Bank Directory 2017 (MoHFW/data.gov.in),2026-08-19T17:39:10.719610+00:00,2017 (historical; not live availability)
official_1115,Karnataka Medical College Hospital Blood Bank,Hubli,Dharwad,Karnataka,15.3669,75.128266,Esri India Blood Bank Directory 2017 (MoHFW/data.gov.in),2026-08-19T17:39:10.719610+00:00,2017 (historical; not live availability)
official_1116,The Karnataka Cancer Therapy and Research Institute Smt. Valbai N. Dharamsey Blood Bank,Hubli,Dharwad,Karnataka,15.36472,75.123954,Esri India Blood Bank Directory 2017 (MoHFW/data.gov.in),2026-08-19T17:39:10.719610+00:00,2017 (historical; not live availability)
official_1117,Sha Damji Jadavji Chheda Memorial Rashtrotthana Blood Bank,Hubli,Dharwad,Karnataka,15.3534025,75.1348707,Esri India Blood Bank Directory 2017 (MoHFW/data.gov.in),2026-08-19T17:39:10.719610+00:00,2017 (historical; not live availability)
official_1118,"RCH -II Blood Bank, Area Hospital, Adoni",Adoni,Kurnool,Andhra Pradesh,15.632223,77.272837,Esri India Blood Bank Directory 2017 (MoHFW/data.gov.in),2026-08-19T17:39:10.719610+00:00,2017 (historical; not live availability)
official_1119,Raichur Institute of Medical Sciences Teaching Hospital (RIMS) Blood Bank,Raichur,Raichur,Karnataka,16.229892,77.35936,Esri India Blood Bank Directory 2017 (MoHFW/data.gov.in),2026-08-19T17:39:10.719610+00:00,2017 (historical; not live availability)
official_1120,Jeevanavar Blood Bank,Hubli,Dharwad,Karnataka,15.353643,75.130587,Esri India Blood Bank Directory 2017 (MoHFW/data.gov.in),2026-08-19T17:39:10.719610+00:00,2017 (historical; not live availability)
official_1121,Indian Red Cross Society ,Gadwal,Mahbubnagar,Telangana,16.233659,77.808136,Esri India Blood Bank Directory 2017 (MoHFW/data.gov.in),2026-08-19T17:39:10.719610+00:00,2017 (historical; not live availability)
official_1122,B. V. V. Sanghas HSK Hospital Blood Bank,Bagalkot,Bagalkot,Karnataka,16.165075,75.675072,Esri India Blood Bank Directory 2017 (MoHFW/data.gov.in),2026-08-19T17:39:10.719610+00:00,2017 (historical; not live availability)
official_1123,M/s. Sri Sai Blood Bank,Belgaum,Belgaum,Karnataka,15.833587,74.526571,Esri India Blood Bank Directory 2017 (MoHFW/data.gov.in),2026-08-19T17:39:10.719610+00:00,2017 (historical; not live availability)
official_1124,South Central Railway Hospital Blood Bank,Guntakal,Anantapur,Andhra Pradesh,15.172889,77.366103,Esri India Blood Bank Directory 2017 (MoHFW/data.gov.in),2026-08-19T17:39:10.719610+00:00,2017 (historical; not live availability)
official_1125,M/s. Indian Red Cross Society Blood Bank RCH 2,Adoni,Kurnool,Andhra Pradesh,15.632223,77.272837,Esri India Blood Bank Directory 2017 (MoHFW/data.gov.in),2026-08-19T17:39:10.719610+00:00,2017 (historical; not live availability)
official_1126,District Hospital Blood Bank,Basti,Basti,Uttar Pradesh,26.800773,82.759197,Esri India Blood Bank Directory 2017 (MoHFW/data.gov.in),2026-08-19T17:39:10.719610+00:00,2017 (historical; not live availability)
official_1127,Gadag Institute of Medical Sciences & District Hospital Blood Bank,Gadag,Gadag,Karnataka,15.380961,75.600802,Esri India Blood Bank Directory 2017 (MoHFW/data.gov.in),2026-08-19T17:39:10.719610+00:00,2017 (historical; not live availability)
official_1128,Rotary Club Dharwad Mid Town Charitable Trust - Rotary Blood Bank,Dharwad,Dharwad,Karnataka,15.46373,74.969829,Esri India Blood Bank Directory 2017 (MoHFW/data.gov.in),2026-08-19T17:39:10.719610+00:00,2017 (historical; not live availability)
official_1129,Hubli Lions Blood Bank,Hubli,Dharwad,Karnataka,15.354562,75.135566,Esri India Blood Bank Directory 2017 (MoHFW/data.gov.in),2026-08-19T17:39:10.719610+00:00,2017 (historical; not live availability)
official_1130,K.L.E.Society & Medical Research Centre Blood Bank,Belgaum,Belgaum,Karnataka,15.887919,74.519593,Esri India Blood Bank Directory 2017 (MoHFW/data.gov.in),2026-08-19T17:39:10.719610+00:00,2017 (historical; not live availability)
official_1131,Rotary Charitable Trust Blood Bank,Chikkodi,Belgaum,Karnataka,16.160173,74.812128,Esri India Blood Bank Directory 2017 (MoHFW/data.gov.in),2026-08-19T17:39:10.719610+00:00,2017 (historical; not live availability)
official_1132,Hospicio Hospital Blood Bank,Margao,South Goa,Goa,15.27947,73.960567,Esri India Blood Bank Directory 2017 (MoHFW/data.gov.in),2026-08-19T17:39:10.719610+00:00,2017 (historical; not live availability)
official_1133,M/s. Government General Hospital Blood Bank,Kurnool,Kurnool,Andhra Pradesh,15.820654,78.038088,Esri India Blood Bank Directory 2017 (MoHFW/data.gov.in),2026-08-19T17:39:10.719610+00:00,2017 (historical; not live availability)
official_1134,SMRC&#39;s V. M. Salgaocar Hospital Blood Bank,Vasco,South Goa,Goa,15.395075,73.837127,Esri India Blood Bank Directory 2017 (MoHFW/data.gov.in),2026-08-19T17:39:10.719610+00:00,2017 (historical; not live availability)
official_1135,Rotary Seva Sangh Blood Bank,Gokak,Belgaum,Karnataka,16.160405,74.81216,Esri India Blood Bank Directory 2017 (MoHFW/data.gov.in),2026-08-19T17:39:10.719610+00:00,2017 (historical; not live availability)
official_1136,Gopi Blood Bank,Koppal,Koppal,Karnataka,15.4345687,76.5018267,Esri India Blood Bank Directory 2017 (MoHFW/data.gov.in),2026-08-19T17:39:10.719610+00:00,2017 (historical; not live availability)
official_1137,Apollo Victor Hospital Blood Bank,Margao,South Goa,Goa,15.268835,73.965605,Esri India Blood Bank Directory 2017 (MoHFW/data.gov.in),2026-08-19T17:39:10.719610+00:00,2017 (historical; not live availability)
official_1138,Life Line 24x7 Blood Bank,Hubli,Dharwad,Karnataka,15.35144,75.117758,Esri India Blood Bank Directory 2017 (MoHFW/data.gov.in),2026-08-19T17:39:10.719610+00:00,2017 (historical; not live availability)
official_1139,M/s. R.R. Hospital Blood Bank,Kurnool,Kurnool,Andhra Pradesh,15.82872,78.035743,Esri India Blood Bank Directory 2017 (MoHFW/data.gov.in),2026-08-19T17:39:10.719610+00:00,2017 (historical; not live availability)
official_1140,Hutti Gold Hospital Blood Bank,Hutti,Raichur,Karnataka,16.196412,76.653027,Esri India Blood Bank Directory 2017 (MoHFW/data.gov.in),2026-08-19T17:39:10.719610+00:00,2017 (historical; not live availability)
official_1141,Sarvodaya Jankalyan Samati,Bijnor,Bijnor,Uttar Pradesh,26.005074,81.044749,Esri India Blood Bank Directory 2017 (MoHFW/data.gov.in),2026-08-19T17:39:10.719610+00:00,2017 (historical; not live availability)
official_1142,BCM Hospital Blood Bank,Sitapur,Sitapur,Uttar Pradesh,27.530523,80.745172,Esri India Blood Bank Directory 2017 (MoHFW/data.gov.in),2026-08-19T17:39:10.719610+00:00,2017 (historical; not live availability)
official_1143,Nehru Hospital and B.R.D. Medical College,Gorakhpur,Gorakhpur,Uttar Pradesh,26.813424,83.400296,Esri India Blood Bank Directory 2017 (MoHFW/data.gov.in),2026-08-19T17:39:10.719610+00:00,2017 (historical; not live availability)
official_1144,District Hospital,Sitapur,Sitapur,Uttar Pradesh,27.571025,80.676905,Esri India Blood Bank Directory 2017 (MoHFW/data.gov.in),2026-08-19T17:39:10.719610+00:00,2017 (historical; not live availability)
official_1145,Dr. Shyama Prasad Mukharjee Civil Hospital,Lucknow,Lucknow,Uttar Pradesh,26.844593,80.948999,Esri India Blood Bank Directory 2017 (MoHFW/data.gov.in),2026-08-19T17:39:10.719610+00:00,2017 (historical; not live availability)
official_1146,Sahara Hospital Blood Bank,Lucknow,Lucknow,Uttar Pradesh,26.850106,81.023867,Esri India Blood Bank Directory 2017 (MoHFW/data.gov.in),2026-08-19T17:39:10.719610+00:00,2017 (historical; not live availability)
official_1147,Fatima Hospital Blood bank,Lucknow,Lucknow,Uttar Pradesh,26.871551,80.952133,Esri India Blood Bank Directory 2017 (MoHFW/data.gov.in),2026-08-19T17:39:10.719610+00:00,2017 (historical; not live availability)
official_1148,Savitri Blood Bank and Component Centre,Gorakhpur,Gorakhpur,Uttar Pradesh,26.758493,83.364814,Esri India Blood Bank Directory 2017 (MoHFW/data.gov.in),2026-08-19T17:39:10.719610+00:00,2017 (historical; not live availability)
official_1149,District Hospital Blood Bank,Faizabad,Faizabad,Uttar Pradesh,26.777679,82.141614,Esri India Blood Bank Directory 2017 (MoHFW/data.gov.in),2026-08-19T17:39:10.719610+00:00,2017 (historical; not live availability)
official_1150,District Hospital Blood Bank,Fatehpur,Fatehpur,Uttar Pradesh,25.936333,80.813799,Esri India Blood Bank Directory 2017 (MoHFW/data.gov.in),2026-08-19T17:39:10.719610+00:00,2017 (historical; not live availability)
official_1151,OPEC Hospital Blood Bank,Basti,Basti,Uttar Pradesh,26.779101,82.762356,Esri India Blood Bank Directory 2017 (MoHFW/data.gov.in),2026-08-19T17:39:10.719610+00:00,2017 (historical; not live availability)
official_1152,Chandan Diagnostics Center and Blood Bank,Faizabad,Faizabad,Uttar Pradesh,26.774399,82.143734,Esri India Blood Bank Directory 2017 (MoHFW/data.gov.in),2026-08-19T17:39:10.719610+00:00,2017 (historical; not live availability)
official_1153,Hind Institute of Medical Sciences,Barabanki,Barabanki,Uttar Pradesh,26.906812,81.122637,Esri India Blood Bank Directory 2017 (MoHFW/data.gov.in),2026-08-19T17:39:10.719610+00:00,2017 (historical; not live availability)
official_1154,Dr O P Choudhery Hospital Blood Bank,Lucknow,Lucknow,Uttar Pradesh,26.785201,80.973148,Esri India Blood Bank Directory 2017 (MoHFW/data.gov.in),2026-08-19T17:39:10.719610+00:00,2017 (historical; not live availability)
official_1155,Vivekanand Polyclinic and Institute of Medical Sciences,Lucknow,Lucknow,Uttar Pradesh,26.875283,80.942804,Esri India Blood Bank Directory 2017 (MoHFW/data.gov.in),2026-08-19T17:39:10.719610+00:00,2017 (historical; not live availability)
official_1156,Nova Hospital Limited,Lucknow,Lucknow,Uttar Pradesh,26.850001,80.983334,Esri India Blood Bank Directory 2017 (MoHFW/data.gov.in),2026-08-19T17:39:10.719610+00:00,2017 (historical; not live availability)
official_1157,Guru Shri Gorakhnath Chikitsalaya Blood Bank,Gorakhpur,Gorakhpur,Uttar Pradesh,26.776322,83.357794,Esri India Blood Bank Directory 2017 (MoHFW/data.gov.in),2026-08-19T17:39:10.719610+00:00,2017 (historical; not live availability)
official_1158,District Hospital Blood Bank,Raebareli,Raebareli,Uttar Pradesh,26.222751,81.23944,Esri India Blood Bank Directory 2017 (MoHFW/data.gov.in),2026-08-19T17:39:10.719610+00:00,2017 (historical; not live availability)
official_1159,Fehmina Hospital and Blood Bank,Lucknow,Lucknow,Uttar Pradesh,26.854943,80.90488,Esri India Blood Bank Directory 2017 (MoHFW/data.gov.in),2026-08-19T17:39:10.719610+00:00,2017 (historical; not live availability)
official_1160,F.H. Hospital Blood Bank,Firozabad,Firozabad,Uttar Pradesh,27.230412,78.212065,Esri India Blood Bank Directory 2017 (MoHFW/data.gov.in),2026-08-19T17:39:10.719610+00:00,2017 (historical; not live availability)
official_1161,B.N.K. Hospital Blood Bank,Lucknow,Lucknow,Uttar Pradesh,26.879585,80.932757,Esri India Blood Bank Directory 2017 (MoHFW/data.gov.in),2026-08-19T17:39:10.719610+00:00,2017 (historical; not live availability)
official_1162,Kohli Blood Bank and Components Private limited,Lucknow,Lucknow,Uttar Pradesh,26.865274,80.911431,Esri India Blood Bank Directory 2017 (MoHFW/data.gov.in),2026-08-19T17:39:10.719610+00:00,2017 (historical; not live availability)
official_1163,St. Joseph Hospital Blood Bank,Lucknow,Lucknow,Uttar Pradesh,26.854293,80.991967,Esri India Blood Bank Directory 2017 (MoHFW/data.gov.in),2026-08-19T17:39:10.719610+00:00,2017 (historical; not live availability)
official_1164,Eras Medical College and Hospital Blood Bank,Lucknow,Lucknow,Uttar Pradesh,26.878389,80.872448,Esri India Blood Bank Directory 2017 (MoHFW/data.gov.in),2026-08-19T17:39:10.719610+00:00,2017 (historical; not live availability)
official_1165,District Hospital,Lakhimpur Khiri,Lakhimpur Kheri,Uttar Pradesh,27.945898,80.784474,Esri India Blood Bank Directory 2017 (MoHFW/data.gov.in),2026-08-19T17:39:10.719610+00:00,2017 (historical; not live availability)
official_1166,Sanjay Gandhi Post-Graduate Institute (SGPGI),Lucknow,Lucknow,Uttar Pradesh,26.742135,80.945981,Esri India Blood Bank Directory 2017 (MoHFW/data.gov.in),2026-08-19T17:39:10.719610+00:00,2017 (historical; not live availability)
official_1167,Lucknow Nursing Home Association Blood Bank,Lucknow,Lucknow,Uttar Pradesh,26.878474,80.938496,Esri India Blood Bank Directory 2017 (MoHFW/data.gov.in),2026-08-19T17:39:10.719610+00:00,2017 (historical; not live availability)
official_1168,Mahamaya Rajkiya Allopathic Medical College,Ambedkar Nagar,Ambedkar Nagar,Uttar Pradesh,26.509125,82.6139,Esri India Blood Bank Directory 2017 (MoHFW/data.gov.in),2026-08-19T17:39:10.719610+00:00,2017 (historical; not live availability)
official_1169,Government District Hospital Blood Bank,Pratapgarh,Pratapgarh,Rajasthan,25.6835288,81.9984388,Esri India Blood Bank Directory 2017 (MoHFW/data.gov.in),2026-08-19T17:39:10.719610+00:00,2017 (historical; not live availability)
official_1170,District Hospital Blood Bank,Sultanpur,Sultanpur,Uttar Pradesh,26.262708,82.069909,Esri India Blood Bank Directory 2017 (MoHFW/data.gov.in),2026-08-19T17:39:10.719610+00:00,2017 (historical; not live availability)
official_1171,Career Institute of Medical Sciences and Hospital Blood Bank ,Ghailla,Lucknow,Uttar Pradesh,26.91543,80.909715,Esri India Blood Bank Directory 2017 (MoHFW/data.gov.in),2026-08-19T17:39:10.719610+00:00,2017 (historical; not live availability)
official_1172,Command Hospital Blood Bank,Lucknow,Lucknow,Uttar Pradesh,26.81745,80.940818,Esri India Blood Bank Directory 2017 (MoHFW/data.gov.in),2026-08-19T17:39:10.719610+00:00,2017 (historical; not live availability)
official_1173,Mayo Institute of Medical Sciences Blood Bank,Barabanki,Barabanki,Uttar Pradesh,26.909607,81.141778,Esri India Blood Bank Directory 2017 (MoHFW/data.gov.in),2026-08-19T17:39:10.719610+00:00,2017 (historical; not live availability)
official_1174,Combined District Hospital Blood Bank,Balrampur,Balrampur,Uttar Pradesh,27.409812,82.192775,Esri India Blood Bank Directory 2017 (MoHFW/data.gov.in),2026-08-19T17:39:10.719610+00:00,2017 (historical; not live availability)
official_1175,Dr Ram Manohar Lohia Institute of Medical Sciences,Lucknow,Lucknow,Uttar Pradesh,26.86889,80.999691,Esri India Blood Bank Directory 2017 (MoHFW/data.gov.in),2026-08-19T17:39:10.719610+00:00,2017 (historical; not live availability)
official_1176,Hind Institute of Medical Sciences Blood Bank, Atariya,Sitapur,Uttar Pradesh,27.188717,80.85432,Esri India Blood Bank Directory 2017 (MoHFW/data.gov.in),2026-08-19T17:39:10.719610+00:00,2017 (historical; not live availability)
official_1177,GCRG Memorial Hospital & Charitable Blood Bank,Lucknow,Lucknow,Uttar Pradesh,26.842776,80.949164,Esri India Blood Bank Directory 2017 (MoHFW/data.gov.in),2026-08-19T17:39:10.719610+00:00,2017 (historical; not live availability)
official_1178,Shekhar Hospital Private Limited Blood Bank,Lucknow,Lucknow,Uttar Pradesh,26.876188,80.985528,Esri India Blood Bank Directory 2017 (MoHFW/data.gov.in),2026-08-19T17:39:10.719610+00:00,2017 (historical; not live availability)
official_1179,Medison Hospital Private Limited Blood Bank,Lucknow,Lucknow,Uttar Pradesh,26.90491,80.959052,Esri India Blood Bank Directory 2017 (MoHFW/data.gov.in),2026-08-19T17:39:10.719610+00:00,2017 (historical; not live availability)
official_1180,Divine Heart Hospital and Research Centre Blood Bank,Lucknow,Lucknow,Uttar Pradesh,26.859198,81.023215,Esri India Blood Bank Directory 2017 (MoHFW/data.gov.in),2026-08-19T17:39:10.719610+00:00,2017 (historical; not live availability)
official_1181,Integral Institute of Medical Sciences and Research Blood Bank,Lucknow,Lucknow,Uttar Pradesh,26.957942,81.002588,Esri India Blood Bank Directory 2017 (MoHFW/data.gov.in),2026-08-19T17:39:10.719610+00:00,2017 (historical; not live availability)
official_1182,Sh. Chattrapati Shivaji Maharaj Chikitsalaya University,Lucknow,Lucknow,Uttar Pradesh,26.813839,80.904558,Esri India Blood Bank Directory 2017 (MoHFW/data.gov.in),2026-08-19T17:39:10.719610+00:00,2017 (historical; not live availability)
official_1183,District Hospital Blood Bank,Jaunpur,Jaunpur,Uttar Pradesh,25.759674,82.696747,Esri India Blood Bank Directory 2017 (MoHFW/data.gov.in),2026-08-19T17:39:10.719610+00:00,2017 (historical; not live availability)
official_1184,District Hospital Blood Bank,Bahraich,Bahraich,Uttar Pradesh,27.572408,81.605903,Esri India Blood Bank Directory 2017 (MoHFW/data.gov.in),2026-08-19T17:39:10.719610+00:00,2017 (historical; not live availability)
official_1185,City Blood Bank,Gorakhpur,Gorakhpur,Uttar Pradesh,26.753844,83.364532,Esri India Blood Bank Directory 2017 (MoHFW/data.gov.in),2026-08-19T17:39:10.719610+00:00,2017 (historical; not live availability)
official_1186,Shyam Nursing Home and Blood Bank,Fatehpur,Fatehpur,Uttar Pradesh,25.930647,80.800955,Esri India Blood Bank Directory 2017 (MoHFW/data.gov.in),2026-08-19T17:39:10.719610+00:00,2017 (historical; not live availability)
official_1187,Nidan Diagnostic Centre and Blood Bank,Lucknow,Lucknow,Uttar Pradesh,26.854084,80.995132,Esri India Blood Bank Directory 2017 (MoHFW/data.gov.in),2026-08-19T17:39:10.719610+00:00,2017 (historical; not live availability)
official_1188,M/s Sewa Blood Bank,Basti,Basti,Uttar Pradesh,26.7800781,82.76441135,Esri India Blood Bank Directory 2017 (MoHFW/data.gov.in),2026-08-19T17:39:10.719610+00:00,2017 (historical; not live availability)
official_1189,Sanjay Gandhi Hospital Blood Bank,Amethi,Sultanpur,Uttar Pradesh,26.210663,81.807126,Esri India Blood Bank Directory 2017 (MoHFW/data.gov.in),2026-08-19T17:39:10.719610+00:00,2017 (historical; not live availability)
official_1190,Fatima Hospital Blood Bank,Gorakhpur,Gorakhpur,Uttar Pradesh,26.787217,83.400142,Esri India Blood Bank Directory 2017 (MoHFW/data.gov.in),2026-08-19T17:39:10.719610+00:00,2017 (historical; not live availability)
official_1191,"UHM, District Hospital",Kanpur,Kanpur Nagar,Uttar Pradesh,26.474045,80.346099,Esri India Blood Bank Directory 2017 (MoHFW/data.gov.in),2026-08-19T17:39:10.719610+00:00,2017 (historical; not live availability)
official_1192,SPM Hospital Research and Trauma Centre Blood Bank,Kanpur Nagar,Kanpur Nagar,Uttar Pradesh,26.501131,80.257486,Esri India Blood Bank Directory 2017 (MoHFW/data.gov.in),2026-08-19T17:39:10.719610+00:00,2017 (historical; not live availability)
official_1193,Dev Hospital Blood Bank,Aligarh,Aligarh,Uttar Pradesh,27.616404,78.055196,Esri India Blood Bank Directory 2017 (MoHFW/data.gov.in),2026-08-19T17:39:10.719610+00:00,2017 (historical; not live availability)
official_1194,Agrawal Life Line Hospital and Trauma Centre Blood Bank,Aurangabad,Mathura,Uttar Pradesh,27.435244,77.701066,Esri India Blood Bank Directory 2017 (MoHFW/data.gov.in),2026-08-19T17:39:10.719610+00:00,2017 (historical; not live availability)
official_1195,Sai Blood Bank,Kanpur,Kanpur Nagar,Uttar Pradesh,26.433311,80.322243,Esri India Blood Bank Directory 2017 (MoHFW/data.gov.in),2026-08-19T17:39:10.719610+00:00,2017 (historical; not live availability)
official_1196,Rama Medical College Hospital and Research Centre,Kanpur,Kanpur Nagar,Uttar Pradesh,26.567295,80.220837,Esri India Blood Bank Directory 2017 (MoHFW/data.gov.in),2026-08-19T17:39:10.719610+00:00,2017 (historical; not live availability)
official_1197, Lokhitam Blood Bank,Agra,Agra,Uttar Pradesh,27.215043,78.02117,Esri India Blood Bank Directory 2017 (MoHFW/data.gov.in),2026-08-19T17:39:10.719610+00:00,2017 (historical; not live availability)
official_1198,Mariampur Hospital and Blood Bank,Kanpur,Kanpur Nagar,Uttar Pradesh,26.465207,80.305556,Esri India Blood Bank Directory 2017 (MoHFW/data.gov.in),2026-08-19T17:39:10.719610+00:00,2017 (historical; not live availability)
official_1199,"Rotary Blood Bank, Rotary Point",Mathura,Mathura,Uttar Pradesh,27.5117922,77.654894,Esri India Blood Bank Directory 2017 (MoHFW/data.gov.in),2026-08-19T17:39:10.719610+00:00,2017 (historical; not live availability)
official_1200,District Hospital Blood Bank,Datia,Datia,Madhya Pradesh,25.687237,78.442216,Esri India Blood Bank Directory 2017 (MoHFW/data.gov.in),2026-08-19T17:39:10.719610+00:00,2017 (historical; not live availability)
official_1201,Emergency Blood Bank,Gwalior,Gwalior,Madhya Pradesh,26.191025,78.155889,Esri India Blood Bank Directory 2017 (MoHFW/data.gov.in),2026-08-19T17:39:10.719610+00:00,2017 (historical; not live availability)
official_1202,Military Hospital,Agra,Agra,Uttar Pradesh,27.152822,77.999201,Esri India Blood Bank Directory 2017 (MoHFW/data.gov.in),2026-08-19T17:39:10.719610+00:00,2017 (historical; not live availability)
official_1203,Sri Jagdamba Charitable Blood Bank and Component,Agra,Agra,Uttar Pradesh,27.203435,78.046861,Esri India Blood Bank Directory 2017 (MoHFW/data.gov.in),2026-08-19T17:39:10.719610+00:00,2017 (historical; not live availability)
official_1204,Government Medical College and Hospital Blood Bank,Orai,Jalaun,Uttar Pradesh,25.999845,79.473401,Esri India Blood Bank Directory 2017 (MoHFW/data.gov.in),2026-08-19T17:39:10.719610+00:00,2017 (historical; not live availability)
official_1205, Blood Bank (Component & Apheresis Unit) G.R.Medical College,Gwalior,Gwalior,Madhya Pradesh,26.192166,78.164638,Esri India Blood Bank Directory 2017 (MoHFW/data.gov.in),2026-08-19T17:39:10.719610+00:00,2017 (historical; not live availability)
official_1206,Krishna Super Speciality Hospital ,Kanpur,Kanpur Nagar,Uttar Pradesh,26.448475,80.344084,Esri India Blood Bank Directory 2017 (MoHFW/data.gov.in),2026-08-19T17:39:10.719610+00:00,2017 (historical; not live availability)
official_1207,District Hospital Blood Bank,Banda,Banda,Uttar Pradesh,25.48931,80.334888,Esri India Blood Bank Directory 2017 (MoHFW/data.gov.in),2026-08-19T17:39:10.719610+00:00,2017 (historical; not live availability)
official_1208,District Hospital Blood Bank,Unnao,Unnao,Uttar Pradesh,26.537805,80.478884,Esri India Blood Bank Directory 2017 (MoHFW/data.gov.in),2026-08-19T17:39:10.719610+00:00,2017 (historical; not live availability)
official_1209,GSVM Medical College Blood Bank,Kanpur,Kanpur Nagar,Uttar Pradesh,26.481102,80.307684,Esri India Blood Bank Directory 2017 (MoHFW/data.gov.in),2026-08-19T17:39:10.719610+00:00,2017 (historical; not live availability)
official_1210,Tulsi Hospital Limited,Kanpur,Kanpur Nagar,Uttar Pradesh,26.479826,80.344033,Esri India Blood Bank Directory 2017 (MoHFW/data.gov.in),2026-08-19T17:39:10.719610+00:00,2017 (historical; not live availability)
official_1211,Sneh Pathology X-ray and Blood Bank,Kanpur,Kanpur Nagar,Uttar Pradesh,26.439394,80.33679,Esri India Blood Bank Directory 2017 (MoHFW/data.gov.in),2026-08-19T17:39:10.719610+00:00,2017 (historical; not live availability)
official_1212,District Hospital Blood Bank,Hardoi,Hardoi,Uttar Pradesh,27.395757,80.134659,Esri India Blood Bank Directory 2017 (MoHFW/data.gov.in),2026-08-19T17:39:10.719610+00:00,2017 (historical; not live availability)
official_1213,J.N. Medical College Blood Bank,Aligarh,Aligarh,Uttar Pradesh,27.918377,78.088725,Esri India Blood Bank Directory 2017 (MoHFW/data.gov.in),2026-08-19T17:39:10.719610+00:00,2017 (historical; not live availability)
official_1214,Jindal Blood Bank,Morena,Morena,Madhya Pradesh,26.7048053,78.2265252,Esri India Blood Bank Directory 2017 (MoHFW/data.gov.in),2026-08-19T17:39:10.719610+00:00,2017 (historical; not live availability)
official_1215,Pushpanjali Hospital and Research Centre Private limited,Agra,Agra,Uttar Pradesh,27.198608,77.995402,Esri India Blood Bank Directory 2017 (MoHFW/data.gov.in),2026-08-19T17:39:10.719610+00:00,2017 (historical; not live availability)
official_1216,District Hospital Blood Bank,Wokha,Wokha,Nagaland,26.079008,94.259206,Esri India Blood Bank Directory 2017 (MoHFW/data.gov.in),2026-08-19T17:39:10.719610+00:00,2017 (historical; not live availability)
official_1217,Pushpa Maa Samaj Charitable Blood bank,Agra,Agra,Uttar Pradesh,27.21103,77.989507,Esri India Blood Bank Directory 2017 (MoHFW/data.gov.in),2026-08-19T17:39:10.719610+00:00,2017 (historical; not live availability)
official_1218,Dr. Bhimrao Ambedkar Combined Hospital (District Hospital),Etawah,Etawah,Uttar Pradesh,26.787903,79.005523,Esri India Blood Bank Directory 2017 (MoHFW/data.gov.in),2026-08-19T17:39:10.719610+00:00,2017 (historical; not live availability)
official_1219,Life Line Blood Bank,Kanpur,Kanpur Nagar,Uttar Pradesh,26.479559,80.299895,Esri India Blood Bank Directory 2017 (MoHFW/data.gov.in),2026-08-19T17:39:10.719610+00:00,2017 (historical; not live availability)
official_1220,Samarpan Blood Bank,Agra,Agra,Uttar Pradesh,27.19704,77.997713,Esri India Blood Bank Directory 2017 (MoHFW/data.gov.in),2026-08-19T17:39:10.719610+00:00,2017 (historical; not live availability)
official_1221,S.N. Medical College,Agra,Agra,Uttar Pradesh,27.188073,78.006357,Esri India Blood Bank Directory 2017 (MoHFW/data.gov.in),2026-08-19T17:39:10.719610+00:00,2017 (historical; not live availability)
official_1222,"SNM, District Hospital Blood Bank",Firozabad,Firozabad,Uttar Pradesh,27.157627,78.389439,Esri India Blood Bank Directory 2017 (MoHFW/data.gov.in),2026-08-19T17:39:10.719610+00:00,2017 (historical; not live availability)
official_1223,District Hospital Blood Bank,Morena,Morena,Madhya Pradesh,26.496004,77.998665,Esri India Blood Bank Directory 2017 (MoHFW/data.gov.in),2026-08-19T17:39:10.719610+00:00,2017 (historical; not live availability)
official_1224,Sanjeevani Blood Bank,Kanpur,Kanpur Nagar,Uttar Pradesh,26.486118,80.290276,Esri India Blood Bank Directory 2017 (MoHFW/data.gov.in),2026-08-19T17:39:10.719610+00:00,2017 (historical; not live availability)
official_1225,District Hospital Blood Bank,Gwalior,Gwalior,Madhya Pradesh,26.225961,78.222716,Esri India Blood Bank Directory 2017 (MoHFW/data.gov.in),2026-08-19T17:39:10.719610+00:00,2017 (historical; not live availability)
official_1226,Combined District Hospital Blood Bank,Kannauj,Kannauj,Uttar Pradesh,27.118091,79.712484,Esri India Blood Bank Directory 2017 (MoHFW/data.gov.in),2026-08-19T17:39:10.719610+00:00,2017 (historical; not live availability)
official_1227,Ramakrishna Mission Sevashrama ,Vrindaban,Mathura,Uttar Pradesh,27.571999,77.694371,Esri India Blood Bank Directory 2017 (MoHFW/data.gov.in),2026-08-19T17:39:10.719610+00:00,2017 (historical; not live availability)
official_1228,Regency Hospital Limited,Kanpur,Kanpur Nagar,Uttar Pradesh,26.479223,80.316263,Esri India Blood Bank Directory 2017 (MoHFW/data.gov.in),2026-08-19T17:39:10.719610+00:00,2017 (historical; not live availability)
official_1229,Air Force Hospital,Kanpur,Kanpur Nagar,Uttar Pradesh,26.446739,80.375727,Esri India Blood Bank Directory 2017 (MoHFW/data.gov.in),2026-08-19T17:39:10.719610+00:00,2017 (historical; not live availability)
official_1230,District Hospital Blood Bank,Bhind,Bhind,Madhya Pradesh,26.566008,78.782684,Esri India Blood Bank Directory 2017 (MoHFW/data.gov.in),2026-08-19T17:39:10.719610+00:00,2017 (historical; not live availability)
official_1231,Bangalore Baptist Hospital Blood Bank,Bengaluru,Bengaluru Urban,Karnataka,13.035289,77.589935,Esri India Blood Bank Directory 2017 (MoHFW/data.gov.in),2026-08-19T17:39:10.719610+00:00,2017 (historical; not live availability)
official_1232,K. C. General Hospital Blood Bank,Bengaluru,Bengaluru Urban,Karnataka,12.996389,77.56931,Esri India Blood Bank Directory 2017 (MoHFW/data.gov.in),2026-08-19T17:39:10.719610+00:00,2017 (historical; not live availability)
official_1233,Dharmapuri Medical College Hospital Blood Bank,Dharmapuri,Dharmapuri,Tamil Nadu,12.122192,78.156738,Esri India Blood Bank Directory 2017 (MoHFW/data.gov.in),2026-08-19T17:39:10.719610+00:00,2017 (historical; not live availability)
official_1234,Transfusion Medicine Centre Blood Bank,Bengaluru,Bengaluru Urban,Karnataka,12.94039,77.59883,Esri India Blood Bank Directory 2017 (MoHFW/data.gov.in),2026-08-19T17:39:10.719610+00:00,2017 (historical; not live availability)
official_1235,Swamy Vivekananda Voluntary Blood Bank,Bangalore,Bengaluru Urban,Karnataka,12.9649846,77.589012,Esri India Blood Bank Directory 2017 (MoHFW/data.gov.in),2026-08-19T17:39:10.719610+00:00,2017 (historical; not live availability)
official_1236,BEML Medical Centre Bharat Earth Movers Limited Blood Bank,Kolar,Kolar,Karnataka,12.983949,78.237201,Esri India Blood Bank Directory 2017 (MoHFW/data.gov.in),2026-08-19T17:39:10.719610+00:00,2017 (historical; not live availability)
official_1237,Indian Red Cross Society Blood bank RCH -II KADIRI,Kadiri,Anantapur,Andhra Pradesh,14.113089,78.157366,Esri India Blood Bank Directory 2017 (MoHFW/data.gov.in),2026-08-19T17:39:10.719610+00:00,2017 (historical; not live availability)
official_1238,Sakra World Hospital Blood Bank,Bengaluru,Bengaluru Urban,Karnataka,12.932125,77.685263,Esri India Blood Bank Directory 2017 (MoHFW/data.gov.in),2026-08-19T17:39:10.719610+00:00,2017 (historical; not live availability)
official_1239,Dr. B. R.Ambedkar Medical College Hospital Blood Bank,Bengaluru,Bengaluru Urban,Karnataka,13.025275,77.614217,Esri India Blood Bank Directory 2017 (MoHFW/data.gov.in),2026-08-19T17:39:10.719610+00:00,2017 (historical; not live availability)
official_1240,Sri Vinayaka Charitable Trust  Jeeva Voluntary Blood Bank,Bengaluru,Bengaluru Urban,Karnataka,12.961633,77.571067,Esri India Blood Bank Directory 2017 (MoHFW/data.gov.in),2026-08-19T17:39:10.719610+00:00,2017 (historical; not live availability)
official_1241,Command Hospital Blood Bank Air Force,Bengaluru,Bengaluru Urban,Karnataka,12.963321,77.62882,Esri India Blood Bank Directory 2017 (MoHFW/data.gov.in),2026-08-19T17:39:10.719610+00:00,2017 (historical; not live availability)
official_1242,MVJ Medical College and Research Hospital Blood Bank,Hosakote,Bengaluru Rural,Karnataka,13.077457,77.811502,Esri India Blood Bank Directory 2017 (MoHFW/data.gov.in),2026-08-19T17:39:10.719610+00:00,2017 (historical; not live availability)
official_1243,Akshay Voluntary Blood Bank,Bengaluru,Bengaluru Urban,Karnataka,12.989853,77.552805,Esri India Blood Bank Directory 2017 (MoHFW/data.gov.in),2026-08-19T17:39:10.719610+00:00,2017 (historical; not live availability)
official_1244,Yashomathi Medicare and Research Centre Private Limited Blood Bank,Bengaluru,Bengaluru Urban,Karnataka,12.955719,77.711256,Esri India Blood Bank Directory 2017 (MoHFW/data.gov.in),2026-08-19T17:39:10.719610+00:00,2017 (historical; not live availability)
official_1245,S.N.R. District Hospital Blood Bank,Kolar,Kolar,Karnataka,13.129255,78.13435,Esri India Blood Bank Directory 2017 (MoHFW/data.gov.in),2026-08-19T17:39:10.719610+00:00,2017 (historical; not live availability)
official_1246,Bengaluru Rotary TTK Medical Service Trust Blood Bank,Bengaluru,Bengaluru Urban,Karnataka,12.99807,77.580434,Esri India Blood Bank Directory 2017 (MoHFW/data.gov.in),2026-08-19T17:39:10.719610+00:00,2017 (historical; not live availability)
official_1247,Sapthagiri Hospital Blood Bank,Bengaluru,Bengaluru Urban,Karnataka,13.070573,77.50228,Esri India Blood Bank Directory 2017 (MoHFW/data.gov.in),2026-08-19T17:39:10.719610+00:00,2017 (historical; not live availability)
official_1248,Sagar Hospital Blood Bank,Bengaluru,Bengaluru Urban,Karnataka,12.928003,77.599598,Esri India Blood Bank Directory 2017 (MoHFW/data.gov.in),2026-08-19T17:39:10.719610+00:00,2017 (historical; not live availability)
official_1249,Government Head Quarters Hospital Blood Bank,Tirupattur,Vellore,Tamil Nadu,12.49646,78.565713,Esri India Blood Bank Directory 2017 (MoHFW/data.gov.in),2026-08-19T17:39:10.719610+00:00,2017 (historical; not live availability)
official_1250,Government General Hospital Blood Bank,Ananthapur,Anantapur,Andhra Pradesh,14.671459,77.596684,Esri India Blood Bank Directory 2017 (MoHFW/data.gov.in),2026-08-19T17:39:10.719610+00:00,2017 (historical; not live availability)
official_1251,Sanjeevini Trust Jayanagar Voluntary Blood Bank,Bengaluru,Bengaluru Urban,Karnataka,12.9157415,77.5909561,Esri India Blood Bank Directory 2017 (MoHFW/data.gov.in),2026-08-19T17:39:10.719610+00:00,2017 (historical; not live availability)
official_1252,Government Haji Sir Ismail Sait Gosha Hospital Blood Bank,Bangalore,Bengaluru Urban,Karnataka,12.987532,77.604913,Esri India Blood Bank Directory 2017 (MoHFW/data.gov.in),2026-08-19T17:39:10.719610+00:00,2017 (historical; not live availability)
official_1253,M/S TCR Blood Bank ( Run by TCR hospital & Charitable Trust), Krishnagiri,Krishnagiri,Tamil Nadu,12.5186,78.2137,Esri India Blood Bank Directory 2017 (MoHFW/data.gov.in),2026-08-19T17:39:10.719610+00:00,2017 (historical; not live availability)
official_1254,Indian Red Cross Society Blood Bank Chikkaballapur,Chikkaballapur,Chikkaballapur,Karnataka,13.438043,77.72929,Esri India Blood Bank Directory 2017 (MoHFW/data.gov.in),2026-08-19T17:39:10.719610+00:00,2017 (historical; not live availability)
official_1255,Sri Shankara Cancer Hospital and Research Centre Blood Bank,Bengaluru,Bengaluru Urban,Karnataka,12.954575,77.571128,Esri India Blood Bank Directory 2017 (MoHFW/data.gov.in),2026-08-19T17:39:10.719610+00:00,2017 (historical; not live availability)
official_1256,Fortis Hospital Private Limited Blood Bank,Bengaluru,Bengaluru Urban,Karnataka,12.988216,77.594232,Esri India Blood Bank Directory 2017 (MoHFW/data.gov.in),2026-08-19T17:39:10.719610+00:00,2017 (historical; not live availability)
official_1257,Narayana Hrudayalaya Blood Bank,Anekal Taluk,Bengaluru Urban,Karnataka,12.80927,77.695173,Esri India Blood Bank Directory 2017 (MoHFW/data.gov.in),2026-08-19T17:39:10.719610+00:00,2017 (historical; not live availability)
official_1258,Dr.Rajkumar (Appaji) Blood Bank,Bengaluru,Bengaluru Urban,Karnataka,12.967558,77.589363,Esri India Blood Bank Directory 2017 (MoHFW/data.gov.in),2026-08-19T17:39:10.719610+00:00,2017 (historical; not live availability)
official_1259,Sambrama Institute of Medical Sciences & Research Hospital Blood Bank,K. G. F.,Kolar,Karnataka,12.996519,78.240449,Esri India Blood Bank Directory 2017 (MoHFW/data.gov.in),2026-08-19T17:39:10.719610+00:00,2017 (historical; not live availability)
official_1260,Kempegowda Medical Service Trust - Millennium Blood Bank,Bengaluru,Bengaluru Urban,Karnataka,13.019584,77.557981,Esri India Blood Bank Directory 2017 (MoHFW/data.gov.in),2026-08-19T17:39:10.719610+00:00,2017 (historical; not live availability)
official_1261,"Indian Red Cross Society Blood Bank, District Branch",Anantapur,Anantapur,Andhra Pradesh,14.654936,77.609915,Esri India Blood Bank Directory 2017 (MoHFW/data.gov.in),2026-08-19T17:39:10.719610+00:00,2017 (historical; not live availability)
official_1262,Indian Red Cross Society,Ananthapur,Anantapur,Andhra Pradesh,14.681888,77.600591,Esri India Blood Bank Directory 2017 (MoHFW/data.gov.in),2026-08-19T17:39:10.719610+00:00,2017 (historical; not live availability)
official_1263,Mar Baselius Medical Mission Hospital Blood Bank,Kothamangalam,Ernakulam,Kerala,10.064487,76.622272,Esri India Blood Bank Directory 2017 (MoHFW/data.gov.in),2026-08-19T17:39:10.719610+00:00,2017 (historical; not live availability)
official_1264,Hindustan Aeronautics Limited - HAL Hospital Blood Bank ,Bengaluru,Bengaluru Urban,Karnataka,12.962447,77.665284,Esri India Blood Bank Directory 2017 (MoHFW/data.gov.in),2026-08-19T17:39:10.719610+00:00,2017 (historical; not live availability)
official_1265,KIMS Hospital Blood Bank,Bengaluru,Bengaluru Urban,Karnataka,12.956353,77.574114,Esri India Blood Bank Directory 2017 (MoHFW/data.gov.in),2026-08-19T17:39:10.719610+00:00,2017 (historical; not live availability)
official_1266,Indira Gandhi Child Institute of Health Blood Bank,Bengaluru,Bengaluru Urban,Karnataka,12.937319,77.592016,Esri India Blood Bank Directory 2017 (MoHFW/data.gov.in),2026-08-19T17:39:10.719610+00:00,2017 (historical; not live availability)
official_1267,Rajarajeshwari Medical College Hospital Blood Bank,Bengaluru,Bengaluru Urban,Karnataka,12.896508,77.46166,Esri India Blood Bank Directory 2017 (MoHFW/data.gov.in),2026-08-19T17:39:10.719610+00:00,2017 (historical; not live availability)
official_1268,S.S.S.I.H.M.S. Blood Bank,Puttaparthy,Anantapur,Andhra Pradesh,14.151889,77.77685,Esri India Blood Bank Directory 2017 (MoHFW/data.gov.in),2026-08-19T17:39:10.719610+00:00,2017 (historical; not live availability)
official_1269,St. John&#39;s Medical College Blood Bank,Bengaluru,Bengaluru Urban,Karnataka,12.929482,77.620182,Esri India Blood Bank Directory 2017 (MoHFW/data.gov.in),2026-08-19T17:39:10.719610+00:00,2017 (historical; not live availability)
official_1270,Indian Red Cross Society Blood Bank,Hindupur,Anantapur,Andhra Pradesh,13.832533,77.492214,Esri India Blood Bank Directory 2017 (MoHFW/data.gov.in),2026-08-19T17:39:10.719610+00:00,2017 (historical; not live availability)
official_1271,Bangalore Lions Service Trust - Lions Blood Bank,Bengaluru,Bengaluru Urban,Karnataka,12.989645,77.592754,Esri India Blood Bank Directory 2017 (MoHFW/data.gov.in),2026-08-19T17:39:10.719610+00:00,2017 (historical; not live availability)
official_1272,Ashok Blood Bank and Clinical Laboratory,Dharmapuri,Dharmapuri,Tamil Nadu,12.132581,78.161182,Esri India Blood Bank Directory 2017 (MoHFW/data.gov.in),2026-08-19T17:39:10.719610+00:00,2017 (historical; not live availability)
official_1273,Mallya Hospital Blood Bank,Bengaluru,Bengaluru Urban,Karnataka,12.968063,77.595068,Esri India Blood Bank Directory 2017 (MoHFW/data.gov.in),2026-08-19T17:39:10.719610+00:00,2017 (historical; not live availability)
official_1274,M/s PESIMSR Blood Bank.,Kuppam,Chittoor,Andhra Pradesh,12.791223,78.363897,Esri India Blood Bank Directory 2017 (MoHFW/data.gov.in),2026-08-19T17:39:10.719610+00:00,2017 (historical; not live availability)
official_1275,General Hospital Robertson Peth Blood Bank,Kolar,Kolar,Karnataka,12.953386,78.271285,Esri India Blood Bank Directory 2017 (MoHFW/data.gov.in),2026-08-19T17:39:10.719610+00:00,2017 (historical; not live availability)
official_1276,Government Hospital Blood Bank,Vaniyambadi,Vellore,Tamil Nadu,12.676583,78.615933,Esri India Blood Bank Directory 2017 (MoHFW/data.gov.in),2026-08-19T17:39:10.719610+00:00,2017 (historical; not live availability)
official_1277,DSK Hospital Blood Bank,Tiruppur,Tiruppur,Tamil Nadu,11.103261,77.369155,Esri India Blood Bank Directory 2017 (MoHFW/data.gov.in),2026-08-19T17:39:10.719610+00:00,2017 (historical; not live availability)
official_1278,S. K. Voluntary Blood Bank,Bengaluru,Bengaluru Urban,Karnataka,12.974445,77.549288,Esri India Blood Bank Directory 2017 (MoHFW/data.gov.in),2026-08-19T17:39:10.719610+00:00,2017 (historical; not live availability)
official_1279,Rashtrotthana Blood Bank,Bengaluru,Bengaluru Urban,Karnataka,12.954814,77.565362,Esri India Blood Bank Directory 2017 (MoHFW/data.gov.in),2026-08-19T17:39:10.719610+00:00,2017 (historical; not live availability)
official_1280,Bengaluru Blood Bank and Diagnostic Laboratory,Bengaluru,Bengaluru Urban,Karnataka,12.998074,77.571614,Esri India Blood Bank Directory 2017 (MoHFW/data.gov.in),2026-08-19T17:39:10.719610+00:00,2017 (historical; not live availability)
official_1281,Government Hospital Blood Bank,Hosur,Krishnagiri,Tamil Nadu,12.72911,77.825456,Esri India Blood Bank Directory 2017 (MoHFW/data.gov.in),2026-08-19T17:39:10.719610+00:00,2017 (historical; not live availability)
official_1282,R. L. Jalappa Hospital and Research Centre Blood Bank,Kolar,Kolar,Karnataka,13.131674,78.173061,Esri India Blood Bank Directory 2017 (MoHFW/data.gov.in),2026-08-19T17:39:10.719610+00:00,2017 (historical; not live availability)
official_1283,Indian Medical Association Blood Bank,Raichur,Raichur,Karnataka,12.960041,77.57296,Esri India Blood Bank Directory 2017 (MoHFW/data.gov.in),2026-08-19T17:39:10.719610+00:00,2017 (historical; not live availability)
official_1284,Manipal Hospital Transfusion Services Blood Bank,Bengaluru,Bengaluru Urban,Karnataka,12.958758,77.6491,Esri India Blood Bank Directory 2017 (MoHFW/data.gov.in),2026-08-19T17:39:10.719610+00:00,2017 (historical; not live availability)
official_1285,Hosmat Hospital Unit of Phisicare Services Private Limited Blood Bank,Bengaluru,Bengaluru Urban,Karnataka,12.969035,77.61346,Esri India Blood Bank Directory 2017 (MoHFW/data.gov.in),2026-08-19T17:39:10.719610+00:00,2017 (historical; not live availability)
official_1286,M/s. Aster CMI Hospital Blood Bank,Bangalore,Bengaluru Urban,Karnataka,13.054677,77.592504,Esri India Blood Bank Directory 2017 (MoHFW/data.gov.in),2026-08-19T17:39:10.719610+00:00,2017 (historical; not live availability)
official_1287,M/s. East Point Hospital Blood Bank Virgonagar,Bangalore,Bengaluru Urban,Karnataka,13.053662,77.717912,Esri India Blood Bank Directory 2017 (MoHFW/data.gov.in),2026-08-19T17:39:10.719610+00:00,2017 (historical; not live availability)
official_1288,A.P. Vaidyavidhanaparishad Area Hospital - IRCS Blood Bank ,Pulivendula,Y.S.R. (Kadapa),Andhra Pradesh,14.422232,78.226339,Esri India Blood Bank Directory 2017 (MoHFW/data.gov.in),2026-08-19T17:39:10.719610+00:00,2017 (historical; not live availability)
official_1289,Marian Medical Centre Blood Bank,Palai,Kottayam,Kerala,9.706013,76.662387,Esri India Blood Bank Directory 2017 (MoHFW/data.gov.in),2026-08-19T17:39:10.719610+00:00,2017 (historical; not live availability)
official_1290,Bowring and Lady Curzon Hospitals Blood Bank,Bengaluru,Bengaluru Urban,Karnataka,12.982165,77.604276,Esri India Blood Bank Directory 2017 (MoHFW/data.gov.in),2026-08-19T17:39:10.719610+00:00,2017 (historical; not live availability)
official_1291,Columbia Asia Referral Hospital Blood Bank,Bengaluru,Bengaluru Urban,Karnataka,13.014167,77.556035,Esri India Blood Bank Directory 2017 (MoHFW/data.gov.in),2026-08-19T17:39:10.719610+00:00,2017 (historical; not live availability)
official_1292,Indian Red Cross Society - Karnataka Red Cross Blood Bank,Bengaluru,Bengaluru Urban,Karnataka,12.984218,77.578831,Esri India Blood Bank Directory 2017 (MoHFW/data.gov.in),2026-08-19T17:39:10.719610+00:00,2017 (historical; not live availability)
official_1293,Mediscope Blood Bank,Bengaluru,Bengaluru Urban,Karnataka,12.999478,77.616872,Esri India Blood Bank Directory 2017 (MoHFW/data.gov.in),2026-08-19T17:39:10.719610+00:00,2017 (historical; not live availability)
official_1294,Unique Blood Bank & Diagnostic Centre,Bangalore,Bengaluru Urban,Karnataka,12.965837,77.576262,Esri India Blood Bank Directory 2017 (MoHFW/data.gov.in),2026-08-19T17:39:10.719610+00:00,2017 (historical; not live availability)
official_1295,Kidwai Memorial Institute of Oncology Blood Bank,Bengaluru,Bengaluru Urban,Karnataka,12.93759,77.598537,Esri India Blood Bank Directory 2017 (MoHFW/data.gov.in),2026-08-19T17:39:10.719610+00:00,2017 (historical; not live availability)
official_1296,Bangalore Institute of Oncology Blood Bank,Bengaluru,Bengaluru Urban,Karnataka,12.964273,77.589629,Esri India Blood Bank Directory 2017 (MoHFW/data.gov.in),2026-08-19T17:39:10.719610+00:00,2017 (historical; not live availability)
official_1297,Apollo Hospitals (Imperial Cancer Hospital and Research Centre) Blood Bank,Bengaluru,Bengaluru Urban,Karnataka,12.89643,77.598015,Esri India Blood Bank Directory 2017 (MoHFW/data.gov.in),2026-08-19T17:39:10.719610+00:00,2017 (historical; not live availability)
official_1298,Navarang Blood Bank,Bengaluru,Bengaluru Urban,Karnataka,12.9982,77.551623,Esri India Blood Bank Directory 2017 (MoHFW/data.gov.in),2026-08-19T17:39:10.719610+00:00,2017 (historical; not live availability)
official_1299,Sri Sathya Sai Institute of Higher Medical Sciences Blood Bank,Bengaluru,Bengaluru Urban,Karnataka,12.981135,77.729224,Esri India Blood Bank Directory 2017 (MoHFW/data.gov.in),2026-08-19T17:39:10.719610+00:00,2017 (historical; not live availability)
official_1300,Arogya Blood Bank (A Unit of Arogya Seva Hospitals Private Limited),Hosur,Krishnagiri,Tamil Nadu,12.728397,77.824389,Esri India Blood Bank Directory 2017 (MoHFW/data.gov.in),2026-08-19T17:39:10.719610+00:00,2017 (historical; not live availability)
official_1301,The Oxford Medical College Hospital Blood Bank and Research Centre,Bengaluru,Bengaluru Urban,Karnataka,12.787186,77.756942,Esri India Blood Bank Directory 2017 (MoHFW/data.gov.in),2026-08-19T17:39:10.719610+00:00,2017 (historical; not live availability)
official_1302,BGS Global Hospitals Blood Bank,Kengeri,Bengaluru Rural,Karnataka,12.911276,77.486216,Esri India Blood Bank Directory 2017 (MoHFW/data.gov.in),2026-08-19T17:39:10.719610+00:00,2017 (historical; not live availability)
official_1303,Om Sakthi Blood Bank,Dharmapuri,Dharmapuri,Tamil Nadu,12.132676,78.161652,Esri India Blood Bank Directory 2017 (MoHFW/data.gov.in),2026-08-19T17:39:10.719610+00:00,2017 (historical; not live availability)
official_1304,Veerayoga Institute of Medical Sciences Speciality Hospitals Blood Bank,Bengaluru,Bengaluru Urban,Karnataka,12.948331,77.699554,Esri India Blood Bank Directory 2017 (MoHFW/data.gov.in),2026-08-19T17:39:10.719610+00:00,2017 (historical; not live availability)
official_1305,Vydehi Institute of Medical Science Hospital Blood Bank,Bengaluru,Bengaluru Urban,Karnataka,12.975378,77.72927,Esri India Blood Bank Directory 2017 (MoHFW/data.gov.in),2026-08-19T17:39:10.719610+00:00,2017 (historical; not live availability)
official_1306,Ocean Blood Bank,Bengaluru,Bengaluru Urban,Karnataka,12.982018,77.604484,Esri India Blood Bank Directory 2017 (MoHFW/data.gov.in),2026-08-19T17:39:10.719610+00:00,2017 (historical; not live availability)
official_1307,Sri Jayadeva Institute of Cardiology Blood Bank,Bengaluru,Bengaluru Urban,Karnataka,12.917957,77.599329,Esri India Blood Bank Directory 2017 (MoHFW/data.gov.in),2026-08-19T17:39:10.719610+00:00,2017 (historical; not live availability)
official_1308,Saint Philomena Blood Bank,Bengaluru,Bengaluru Urban,Karnataka,12.965428,77.610476,Esri India Blood Bank Directory 2017 (MoHFW/data.gov.in),2026-08-19T17:39:10.719610+00:00,2017 (historical; not live availability)
official_1309,Victoria Hospital Blood Bank,Bengaluru,Bengaluru Urban,Karnataka,12.963399,77.573818,Esri India Blood Bank Directory 2017 (MoHFW/data.gov.in),2026-08-19T17:39:10.719610+00:00,2017 (historical; not live availability)
official_1310,Sanjaya Gandhi Accident Hospital and Research Institute Blood Bank,Bengaluru,Bengaluru Urban,Karnataka,12.935769,77.593859,Esri India Blood Bank Directory 2017 (MoHFW/data.gov.in),2026-08-19T17:39:10.719610+00:00,2017 (historical; not live availability)
official_1311,Government Head Quarters Hospital Blood Bank,Krishnagiri,Krishnagiri,Tamil Nadu,12.524837,78.220022,Esri India Blood Bank Directory 2017 (MoHFW/data.gov.in),2026-08-19T17:39:10.719610+00:00,2017 (historical; not live availability)
official_1312,E.S.I.Hospital Blood Bank,Bengaluru,Bengaluru Urban,Karnataka,12.990775,77.553498,Esri India Blood Bank Directory 2017 (MoHFW/data.gov.in),2026-08-19T17:39:10.719610+00:00,2017 (historical; not live availability)
official_1313,Sagar Hospital Blood Bank,Bengaluru,Bengaluru Urban,Karnataka,12.907709,77.565114,Esri India Blood Bank Directory 2017 (MoHFW/data.gov.in),2026-08-19T17:39:10.719610+00:00,2017 (historical; not live availability)
official_1314,Life Care Voluntary Blood Bank,Bengaluru,Bengaluru Urban,Karnataka,12.92837,77.581654,Esri India Blood Bank Directory 2017 (MoHFW/data.gov.in),2026-08-19T17:39:10.719610+00:00,2017 (historical; not live availability)
official_1315,Fortis Hospital Private Limited Blood Bank,Bengaluru,Bengaluru Urban,Karnataka,12.89453,77.598902,Esri India Blood Bank Directory 2017 (MoHFW/data.gov.in),2026-08-19T17:39:10.719610+00:00,2017 (historical; not live availability)
official_1316,Rural Development Trust Hospital Blood Bank,Bathalapalli,Anantapur,Andhra Pradesh,14.652907,77.618826,Esri India Blood Bank Directory 2017 (MoHFW/data.gov.in),2026-08-19T17:39:10.719610+00:00,2017 (historical; not live availability)
official_1317,Vijayanagar Hospital Blood Bank,Bengaluru,Bengaluru Urban,Karnataka,12.969227,77.536519,Esri India Blood Bank Directory 2017 (MoHFW/data.gov.in),2026-08-19T17:39:10.719610+00:00,2017 (historical; not live availability)
official_1318,Grace Blood Bank and Laboratory,Bengaluru,Bengaluru Urban,Karnataka,13.026155,77.588859,Esri India Blood Bank Directory 2017 (MoHFW/data.gov.in),2026-08-19T17:39:10.719610+00:00,2017 (historical; not live availability)
official_1319,Rotary K. R. Hospital Blood Bank,Bengaluru,Bengaluru Urban,Karnataka,12.941937,77.553588,Esri India Blood Bank Directory 2017 (MoHFW/data.gov.in),2026-08-19T17:39:10.719610+00:00,2017 (historical; not live availability)
official_1320,M. S. Ramaiah Medical Teaching Hospital Blood Bank,Bengaluru,Bengaluru Urban,Karnataka,13.030487,77.566648,Esri India Blood Bank Directory 2017 (MoHFW/data.gov.in),2026-08-19T17:39:10.719610+00:00,2017 (historical; not live availability)
official_1321,Saint Martha&#39;s Hospital Blood Bank,Bengaluru,Bengaluru Urban,Karnataka,12.970679,77.586085,Esri India Blood Bank Directory 2017 (MoHFW/data.gov.in),2026-08-19T17:39:10.719610+00:00,2017 (historical; not live availability)
official_1322,SHUSHRUTHA VOLUNTARY BLOOD BANK,Bangalore,Bengaluru Urban,Karnataka,12.9978842,77.5411603,Esri India Blood Bank Directory 2017 (MoHFW/data.gov.in),2026-08-19T17:39:10.719610+00:00,2017 (historical; not live availability)
official_1323,Kovai Medical Centre and Hospital Blood Bank,Coimbatore,Coimbatore,Tamil Nadu,11.042085,77.040324,Esri India Blood Bank Directory 2017 (MoHFW/data.gov.in),2026-08-19T17:39:10.719610+00:00,2017 (historical; not live availability)
official_1324,M/s. Sri Siddartha Medical College Hospital Blood Bank,Bangalore,Bengaluru Rural,Karnataka,13.160791,77.323405,Esri India Blood Bank Directory 2017 (MoHFW/data.gov.in),2026-08-19T17:39:10.719610+00:00,2017 (historical; not live availability)
official_1325,Golvalkar Guruji Blood Bank,Nanded,Nanded,Maharashtra,19.168646,77.326553,Esri India Blood Bank Directory 2017 (MoHFW/data.gov.in),2026-08-19T17:39:10.719610+00:00,2017 (historical; not live availability)
official_1326,Ramakrishna Hospital Blood Bank,Coimbatore,Coimbatore,Tamil Nadu,11.023686,76.976713,Esri India Blood Bank Directory 2017 (MoHFW/data.gov.in),2026-08-19T17:39:10.719610+00:00,2017 (historical; not live availability)
official_1327,Shanthi Social Services Medical Centre Blood Bank,Coimbatore,Coimbatore,Tamil Nadu,11.003734,77.038048,Esri India Blood Bank Directory 2017 (MoHFW/data.gov.in),2026-08-19T17:39:10.719610+00:00,2017 (historical; not live availability)
official_1328,Lions Club of Coimbatore Legend Blood Bank Research Centre,Coimbatore,Coimbatore,Tamil Nadu,11.005808,76.951074,Esri India Blood Bank Directory 2017 (MoHFW/data.gov.in),2026-08-19T17:39:10.719610+00:00,2017 (historical; not live availability)
official_1329,District Hospital Blood Bank Chamarajanagar,Chamarajanagar,Chamarajanagar,Karnataka,11.926773,76.941473,Esri India Blood Bank Directory 2017 (MoHFW/data.gov.in),2026-08-19T17:39:10.719610+00:00,2017 (historical; not live availability)
official_1330,Rotary Tumkur Central Belli Blood Bank,Tumkur,Tumakuru,Karnataka,13.3415593,77.1031786,Esri India Blood Bank Directory 2017 (MoHFW/data.gov.in),2026-08-19T17:39:10.719610+00:00,2017 (historical; not live availability)
official_1331,Coimbatore Medical College Hospital Blood Bank,Coimbatore,Coimbatore,Tamil Nadu,10.994861,76.969577,Esri India Blood Bank Directory 2017 (MoHFW/data.gov.in),2026-08-19T17:39:10.719610+00:00,2017 (historical; not live availability)
official_1332,ESI Hospital Blood Bank, Varadharajapuram,Coimbatore,Tamil Nadu,11.009114,77.023704,Esri India Blood Bank Directory 2017 (MoHFW/data.gov.in),2026-08-19T17:39:10.719610+00:00,2017 (historical; not live availability)
official_1333,IMA Rotary Midtown Mahaveer Blood Bank,Coimbatore,Coimbatore,Tamil Nadu,11.005732,76.960893,Esri India Blood Bank Directory 2017 (MoHFW/data.gov.in),2026-08-19T17:39:10.719610+00:00,2017 (historical; not live availability)
official_1334,Military Hospital Blood Bank,Wellington,The Nilgiris,Tamil Nadu,11.367257,76.782632,Esri India Blood Bank Directory 2017 (MoHFW/data.gov.in),2026-08-19T17:39:10.719610+00:00,2017 (historical; not live availability)
official_1335,Ramana Gounder Medical Trust Hospital Blood Bank,Coimbatore,Coimbatore,Tamil Nadu,11.07054,76.942457,Esri India Blood Bank Directory 2017 (MoHFW/data.gov.in),2026-08-19T17:39:10.719610+00:00,2017 (historical; not live availability)
official_1336,G. Kuppusamy Naidu Memorial Hospital Blood Bank,Coimbatore,Coimbatore,Tamil Nadu,11.01277,76.980509,Esri India Blood Bank Directory 2017 (MoHFW/data.gov.in),2026-08-19T17:39:10.719610+00:00,2017 (historical; not live availability)
official_1337,Kanyakumari Medical Mission CSI Hospital Blood Bank,Neyoor,Kanyakumari,Tamil Nadu,8.211518,77.302952,Esri India Blood Bank Directory 2017 (MoHFW/data.gov.in),2026-08-19T17:39:10.719610+00:00,2017 (historical; not live availability)
official_1338,District Hospital Blood Bank Mandya,Mandya,Mandya,Karnataka,12.4279555,76.7010341,Esri India Blood Bank Directory 2017 (MoHFW/data.gov.in),2026-08-19T17:39:10.719610+00:00,2017 (historical; not live availability)
official_1339,District Hospital Blood Bank Tumkur,Tumkur,Tumakuru,Karnataka,13.339661,77.098414,Esri India Blood Bank Directory 2017 (MoHFW/data.gov.in),2026-08-19T17:39:10.719610+00:00,2017 (historical; not live availability)
official_1340,KG Hospital Blood Bank,Coimbatore,Coimbatore,Tamil Nadu,11.000435,76.971556,Esri India Blood Bank Directory 2017 (MoHFW/data.gov.in),2026-08-19T17:39:10.719610+00:00,2017 (historical; not live availability)
official_1341,Narayana Hrudayalaya - Surgical Hospital Private Limited Blood Bank,Mysore,Mysore,Karnataka,12.345086,76.673031,Esri India Blood Bank Directory 2017 (MoHFW/data.gov.in),2026-08-19T17:39:10.719610+00:00,2017 (historical; not live availability)
official_1342,Sri Shridevi Charitable Trust - Sreedevi Institute of Medical Sciences & Research Hospital Blood Bank,Tumkur,Tumakuru,Karnataka,13.376281,77.096987,Esri India Blood Bank Directory 2017 (MoHFW/data.gov.in),2026-08-19T17:39:10.719610+00:00,2017 (historical; not live availability)
official_1343,Government Hospital Blood Bank,Coimbatore,Coimbatore,Tamil Nadu,11.304849,76.937118,Esri India Blood Bank Directory 2017 (MoHFW/data.gov.in),2026-08-19T17:39:10.719610+00:00,2017 (historical; not live availability)
official_1344,J.C. Voluntary Blood Bank,Tumkur,Tumakuru,Karnataka,13.337779,77.11681,Esri India Blood Bank Directory 2017 (MoHFW/data.gov.in),2026-08-19T17:39:10.719610+00:00,2017 (historical; not live availability)
official_1345,MDC Voluntary Blood Bank,Mandya,Mandya,Karnataka,12.52027,76.899169,Esri India Blood Bank Directory 2017 (MoHFW/data.gov.in),2026-08-19T17:39:10.719610+00:00,2017 (historical; not live availability)
official_1346,Sri Sidhartha Medical College Blood Bank,Tumkur,Tumakuru,Karnataka,13.346024,77.057009,Esri India Blood Bank Directory 2017 (MoHFW/data.gov.in),2026-08-19T17:39:10.719610+00:00,2017 (historical; not live availability)
official_1347,PSG Hospital Blood Bank,Coimbatore,Coimbatore,Tamil Nadu,11.018766,77.007145,Esri India Blood Bank Directory 2017 (MoHFW/data.gov.in),2026-08-19T17:39:10.719610+00:00,2017 (historical; not live availability)
official_1348,The Coimbatore Bio Medical Services Blood Bank,Coimbatore,Coimbatore,Tamil Nadu,11.014581,76.953349,Esri India Blood Bank Directory 2017 (MoHFW/data.gov.in),2026-08-19T17:39:10.719610+00:00,2017 (historical; not live availability)
official_1349,Kongu Nadu Hospital Private Limited Blood Bank,Coimbatore,Coimbatore,Tamil Nadu,11.018134,76.960595,Esri India Blood Bank Directory 2017 (MoHFW/data.gov.in),2026-08-19T17:39:10.719610+00:00,2017 (historical; not live availability)
official_1350,M/S Indian Red Cross Society,Ramanagar,Ramanagara,Karnataka,12.5418511,77.3404064,Esri India Blood Bank Directory 2017 (MoHFW/data.gov.in),2026-08-19T17:39:10.719610+00:00,2017 (historical; not live availability)
official_1351,Government Head Quarters Hospital Blood Bank,Tiruppur,Tiruppur,Tamil Nadu,11.076008,77.36898,Esri India Blood Bank Directory 2017 (MoHFW/data.gov.in),2026-08-19T17:39:10.719610+00:00,2017 (historical; not live availability)
official_1352,Vijaya Hospital Blood Bank,Tumkur,Tumakuru,Karnataka,13.332531,77.096051,Esri India Blood Bank Directory 2017 (MoHFW/data.gov.in),2026-08-19T17:39:10.719610+00:00,2017 (historical; not live availability)
official_1353,Ganga Hospital Blood Bank,Coimbatore,Coimbatore,Tamil Nadu,11.025162,76.952501,Esri India Blood Bank Directory 2017 (MoHFW/data.gov.in),2026-08-19T17:39:10.719610+00:00,2017 (historical; not live availability)
official_1354,Swaasam Blood Bank (Run by Any time Blood Voluntary Association),Coimbatore,Coimbatore,Tamil Nadu,11.024262,76.984656,Esri India Blood Bank Directory 2017 (MoHFW/data.gov.in),2026-08-19T17:39:10.719610+00:00,2017 (historical; not live availability)
official_1355,Government Lawley Hospital Blood Bank,Coonoor,The Nilgiris,Tamil Nadu,11.347494,76.792608,Esri India Blood Bank Directory 2017 (MoHFW/data.gov.in),2026-08-19T17:39:10.719610+00:00,2017 (historical; not live availability)
official_1356,District Hospital Blood Bank,Kollam,Kollam,Kerala,8.885954,76.585798,Esri India Blood Bank Directory 2017 (MoHFW/data.gov.in),2026-08-19T17:39:10.719610+00:00,2017 (historical; not live availability)
official_1357,MUM Hospital Blood Bank,Monippally,Kottayam,Kerala,9.810623,76.576836,Esri India Blood Bank Directory 2017 (MoHFW/data.gov.in),2026-08-19T17:39:10.719610+00:00,2017 (historical; not live availability)
official_1358,Revathy Medical Centre Blood Bank,Thiruppur,Tiruppur,Tamil Nadu,11.120178,77.32933,Esri India Blood Bank Directory 2017 (MoHFW/data.gov.in),2026-08-19T17:39:10.719610+00:00,2017 (historical; not live availability)
official_1359,Harsha Hospital Blood Bank,Nelamangala,Bengaluru Rural,Karnataka,13.097983,77.38581,Esri India Blood Bank Directory 2017 (MoHFW/data.gov.in),2026-08-19T17:39:10.719610+00:00,2017 (historical; not live availability)
official_1360,RVS Hospital Blood Bank,Coimbatore,Coimbatore,Tamil Nadu,11.028425,77.134135,Esri India Blood Bank Directory 2017 (MoHFW/data.gov.in),2026-08-19T17:39:10.719610+00:00,2017 (historical; not live availability)
official_1361,Holy Cross Hospital Blood Bank,Kollegal,Chamarajanagar,Karnataka,12.12938,77.233586,Esri India Blood Bank Directory 2017 (MoHFW/data.gov.in),2026-08-19T17:39:10.719610+00:00,2017 (historical; not live availability)
official_1362, Kuriji Hospital Blood Bank (A Unit of Vangal Amman Health Service Limited),Coimbatore,Coimbatore,Tamil Nadu,11.019604,76.994964,Esri India Blood Bank Directory 2017 (MoHFW/data.gov.in),2026-08-19T17:39:10.719610+00:00,2017 (historical; not live availability)
official_1363,Karpagam Hospital Blood Bank,Coimbatore,Coimbatore,Tamil Nadu,10.885007,77.008223,Esri India Blood Bank Directory 2017 (MoHFW/data.gov.in),2026-08-19T17:39:10.719610+00:00,2017 (historical; not live availability)
official_1364,Sheela Hospitals Blood Bank,Coimbatore,Coimbatore,Tamil Nadu,11.018303,76.960319,Esri India Blood Bank Directory 2017 (MoHFW/data.gov.in),2026-08-19T17:39:10.719610+00:00,2017 (historical; not live availability)
official_1365,Sree Abirami Hospital Private Limited Blood Bank,Coimbatore,Coimbatore,Tamil Nadu,10.952537,76.973216,Esri India Blood Bank Directory 2017 (MoHFW/data.gov.in),2026-08-19T17:39:10.719610+00:00,2017 (historical; not live availability)
official_1366,Adichunchanagiri Hospital and Research Centre Blood Bank,Mandya,Mandya,Karnataka,12.966319,76.721027,Esri India Blood Bank Directory 2017 (MoHFW/data.gov.in),2026-08-19T17:39:10.719610+00:00,2017 (historical; not live availability)
official_1367,Government Head quarters Hospital,Udagamandalam,The Nilgiris,Tamil Nadu,11.407951,76.700279,Esri India Blood Bank Directory 2017 (MoHFW/data.gov.in),2026-08-19T17:39:10.719610+00:00,2017 (historical; not live availability)
official_1368,Holy Cross Hospital Blood Bank,Kottiyam,Kollam,Kerala,8.861805,76.673304,Esri India Blood Bank Directory 2017 (MoHFW/data.gov.in),2026-08-19T17:39:10.719610+00:00,2017 (historical; not live availability)
official_1369,V. S. M. Hospital Blood Bank,Mavelikkara,Alappuzha,Kerala,9.247819,76.521093,Esri India Blood Bank Directory 2017 (MoHFW/data.gov.in),2026-08-19T17:39:10.719610+00:00,2017 (historical; not live availability)
official_1370,Sivagiri SreeNarayana Medical Mission Blood Bank,ThiruvAnanthapuram,Thiruvananthapuram,Kerala,8.729608,76.733554,Esri India Blood Bank Directory 2017 (MoHFW/data.gov.in),2026-08-19T17:39:10.719610+00:00,2017 (historical; not live availability)
official_1371,J. S. S. Hospital Blood Bank,Mysore,Mysore,Karnataka,12.29521,76.65607,Esri India Blood Bank Directory 2017 (MoHFW/data.gov.in),2026-08-19T17:39:10.719610+00:00,2017 (historical; not live availability)
official_1372,Sanjoe Hospital Blood Bank,Perumbavoor,Ernakulam,Kerala,10.114174,76.472666,Esri India Blood Bank Directory 2017 (MoHFW/data.gov.in),2026-08-19T17:39:10.719610+00:00,2017 (historical; not live availability)
official_1373,Fellowship Mission Hospital Blood Bank,Kumbanad,Pathanamthitta,Kerala,9.371495,76.655618,Esri India Blood Bank Directory 2017 (MoHFW/data.gov.in),2026-08-19T17:39:10.719610+00:00,2017 (historical; not live availability)
official_1374,Kamakshi Hospital Blood Bank,Mysore,Mysore,Karnataka,12.299739,76.623762,Esri India Blood Bank Directory 2017 (MoHFW/data.gov.in),2026-08-19T17:39:10.719610+00:00,2017 (historical; not live availability)
official_1375,Mar Gregorious Diocese Memorial Muthoot Hospital Blood Bank,Devagiri,Kozhikode,Kerala,9.3258,76.539421,Esri India Blood Bank Directory 2017 (MoHFW/data.gov.in),2026-08-19T17:39:10.719610+00:00,2017 (historical; not live availability)
official_1376,District Hospital,Palakkad,Palakkad,Kerala,10.769198,76.658382,Esri India Blood Bank Directory 2017 (MoHFW/data.gov.in),2026-08-19T17:39:10.719610+00:00,2017 (historical; not live availability)
official_1377,Rotary Mysore Chandrakala Hospital Blood Bank,Mysore,Mysore,Karnataka,12.325868,76.619519,Esri India Blood Bank Directory 2017 (MoHFW/data.gov.in),2026-08-19T17:39:10.719610+00:00,2017 (historical; not live availability)
official_1378,Malankara Orthodox Syrian Church Medical Mission Hospital Blood Bank,Thrissur,Thrissur,Kerala,9.983303,76.474382,Esri India Blood Bank Directory 2017 (MoHFW/data.gov.in),2026-08-19T17:39:10.719610+00:00,2017 (historical; not live availability)
official_1379,I.M.A.Blood Bank,Kollam,Kollam,Kerala,8.895879,76.593227,Esri India Blood Bank Directory 2017 (MoHFW/data.gov.in),2026-08-19T17:39:10.719610+00:00,2017 (historical; not live availability)
official_1380,Velankanni Matha Hospital Private Limited Blood Bank,Thellakam,Kottayam,Kerala,9.64845,76.549562,Esri India Blood Bank Directory 2017 (MoHFW/data.gov.in),2026-08-19T17:39:10.719610+00:00,2017 (historical; not live availability)
official_1381,B. G. S. Apollo Hospital Blood Bank,Mysore,Mysore,Karnataka,12.29573,76.632061,Esri India Blood Bank Directory 2017 (MoHFW/data.gov.in),2026-08-19T17:39:10.719610+00:00,2017 (historical; not live availability)
official_1382,Palakkad Blood Bank,Palakkad,Palakkad,Kerala,10.761629,76.655046,Esri India Blood Bank Directory 2017 (MoHFW/data.gov.in),2026-08-19T17:39:10.719610+00:00,2017 (historical; not live availability)
official_1383,K. R. Hospital Blood Bank,Mysore,Mysore,Karnataka,12.313101,76.649573,Esri India Blood Bank Directory 2017 (MoHFW/data.gov.in),2026-08-19T17:39:10.719610+00:00,2017 (historical; not live availability)
official_1384,Jeevadhara Voluntary Blood Bank ,Mysore,Mysore,Karnataka,12.315731,76.65103,Esri India Blood Bank Directory 2017 (MoHFW/data.gov.in),2026-08-19T17:39:10.719610+00:00,2017 (historical; not live availability)
official_1385,Century Hospital Blood Bank,Chenganoor,Alappuzha,Kerala,9.304895,76.63545,Esri India Blood Bank Directory 2017 (MoHFW/data.gov.in),2026-08-19T17:39:10.719610+00:00,2017 (historical; not live availability)
official_1386,M/s. Sanjivani Multispeciality Hospital Blood Bank,Chengannur,Alappuzha,Kerala,9.259447,76.596252,Esri India Blood Bank Directory 2017 (MoHFW/data.gov.in),2026-08-19T17:39:10.719610+00:00,2017 (historical; not live availability)
official_1387,Padmavathy Medical Foundation Blood Bank,Manakkara,Kollam,Kerala,9.053305,76.633027,Esri India Blood Bank Directory 2017 (MoHFW/data.gov.in),2026-08-19T17:39:10.719610+00:00,2017 (historical; not live availability)
official_1388,Pushpagiri Hospital Blood Bank,Thiruvalla,Pathanamthitta,Kerala,9.380994,76.580962,Esri India Blood Bank Directory 2017 (MoHFW/data.gov.in),2026-08-19T17:39:10.719610+00:00,2017 (historical; not live availability)
official_1389,Quilon Medical Trust Blood Bank Kollam,Mylapore,Kollam,Kerala,8.875477,76.64364,Esri India Blood Bank Directory 2017 (MoHFW/data.gov.in),2026-08-19T17:39:10.719610+00:00,2017 (historical; not live availability)
official_1390,Railway Hospital Blood Bank,Yadavagiri,Mysore,Karnataka,12.325712,76.635623,Esri India Blood Bank Directory 2017 (MoHFW/data.gov.in),2026-08-19T17:39:10.719610+00:00,2017 (historical; not live availability)
official_1391,Gudalur Adivasi Hospital Blood Bank (Previously named as Ashwini hospital & under Ashwini trust),Gudalur,The Nilgiris,Tamil Nadu,11.50223,76.498838,Esri India Blood Bank Directory 2017 (MoHFW/data.gov.in),2026-08-19T17:39:10.719610+00:00,2017 (historical; not live availability)
official_1392,Malankara Orthodox Syrian Church Medical Mission Hospital Blood Bank,Ernakulam,Ernakulam,Kerala,9.983305,76.474382,Esri India Blood Bank Directory 2017 (MoHFW/data.gov.in),2026-08-19T17:39:10.719610+00:00,2017 (historical; not live availability)
official_1393,Upasana Hospital Blood Bank,Kollam,Kollam,Kerala,8.891151,76.600269,Esri India Blood Bank Directory 2017 (MoHFW/data.gov.in),2026-08-19T17:39:10.719610+00:00,2017 (historical; not live availability)
official_1394,Devamatha Hospital Blood Bank,Koothattukulam,Ernakulam,Kerala,9.866189,76.594952,Esri India Blood Bank Directory 2017 (MoHFW/data.gov.in),2026-08-19T17:39:10.719610+00:00,2017 (historical; not live availability)
official_1395,Holdsworth Memorial Mission Hospital Blood Bank,Mysore,Mysore,Karnataka,12.316416,76.650574,Esri India Blood Bank Directory 2017 (MoHFW/data.gov.in),2026-08-19T17:39:10.719610+00:00,2017 (historical; not live availability)
official_1396,Thiruvalla Medical Mission Hospital Blood Bank,Thiruvalla,Pathanamthitta,Kerala,9.393924,76.578423,Esri India Blood Bank Directory 2017 (MoHFW/data.gov.in),2026-08-19T17:39:10.719610+00:00,2017 (historical; not live availability)
official_1397,Bassappa Memorial Hospital Blood Bank,Mysore,Mysore,Karnataka,12.320811,76.62005,Esri India Blood Bank Directory 2017 (MoHFW/data.gov.in),2026-08-19T17:39:10.719610+00:00,2017 (historical; not live availability)
official_1398,Rotary Blood Bank,,Kottayam,Kerala,9.593201,76.521811,Esri India Blood Bank Directory 2017 (MoHFW/data.gov.in),2026-08-19T17:39:10.719610+00:00,2017 (historical; not live availability)
official_1399,Cauvery Hospital Blood Bank,Mysore,Mysore,Karnataka,12.30509,76.695813,Esri India Blood Bank Directory 2017 (MoHFW/data.gov.in),2026-08-19T17:39:10.719610+00:00,2017 (historical; not live availability)
official_1400,Vikram Hospital and Heart Centre Blood Bank,Mysore,Mysore,Karnataka,12.32354,76.638119,Esri India Blood Bank Directory 2017 (MoHFW/data.gov.in),2026-08-19T17:39:10.719610+00:00,2017 (historical; not live availability)
official_1401,S. H. Medical Centre Blood Bank,Nagampadam,Kottayam,Kerala,9.594305,76.529494,Esri India Blood Bank Directory 2017 (MoHFW/data.gov.in),2026-08-19T17:39:10.719610+00:00,2017 (historical; not live availability)
official_1402,Holy Ghost Mission Hospital Blood Bank,Muttuchira,Kottayam,Kerala,9.757246,76.499785,Esri India Blood Bank Directory 2017 (MoHFW/data.gov.in),2026-08-19T17:39:10.719610+00:00,2017 (historical; not live availability)
official_1403,Medical College Hospital Blood Bank,Kottayam,Kottayam,Kerala,9.631991,76.5188,Esri India Blood Bank Directory 2017 (MoHFW/data.gov.in),2026-08-19T17:39:10.719610+00:00,2017 (historical; not live availability)
official_1404,S.N.Trust Medical Mission Sankar Memorial Hospital Blood Bank,Kollam,Kollam,Kerala,8.889845,76.598524,Esri India Blood Bank Directory 2017 (MoHFW/data.gov.in),2026-08-19T17:39:10.719610+00:00,2017 (historical; not live availability)
official_1405,Little Lourde Mission Hospital Blood Bank,Kidangoor,Kottayam,Kerala,9.683538,76.612118,Esri India Blood Bank Directory 2017 (MoHFW/data.gov.in),2026-08-19T17:39:10.719610+00:00,2017 (historical; not live availability)
official_1406,Caritas Hospital Blood Bank,Thellakom,Kottayam,Kerala,9.645257,76.549907,Esri India Blood Bank Directory 2017 (MoHFW/data.gov.in),2026-08-19T17:39:10.719610+00:00,2017 (historical; not live availability)
official_1407,Believers Church Medical College Hospital Blood Bank,Pathanamthitta,Kottayam,Kerala,9.416683,76.575292,Esri India Blood Bank Directory 2017 (MoHFW/data.gov.in),2026-08-19T17:39:10.719610+00:00,2017 (historical; not live availability)
official_1408,Nuveen Medical Relief and research Foundation Blood Bank,Mysore,Mysore,Karnataka,12.3410708,76.6531589,Esri India Blood Bank Directory 2017 (MoHFW/data.gov.in),2026-08-19T17:39:10.719610+00:00,2017 (historical; not live availability)
official_1409,District Hospital Blood Bank,Kottayam,Kottayam,Kerala,9.590064,76.526019,Esri India Blood Bank Directory 2017 (MoHFW/data.gov.in),2026-08-19T17:39:10.719610+00:00,2017 (historical; not live availability)
official_1410,Nirmala Medical Center Blood Bank,Moovattupuzha,Ernakulam,Kerala,9.982197,76.585123,Esri India Blood Bank Directory 2017 (MoHFW/data.gov.in),2026-08-19T17:39:10.719610+00:00,2017 (historical; not live availability)
official_1411,M/s. Bharath Charitable Hospital Society Blood Bank,Kottayam,Kottayam,Kerala,9.589306,76.519311,Esri India Blood Bank Directory 2017 (MoHFW/data.gov.in),2026-08-19T17:39:10.719610+00:00,2017 (historical; not live availability)
official_1412,Cosmopolitan Hospitals Private Hospital Blood Bank,Thiruvananthapuram,Thiruvananthapuram,Kerala,8.515748,76.935768,Esri India Blood Bank Directory 2017 (MoHFW/data.gov.in),2026-08-19T17:39:10.719610+00:00,2017 (historical; not live availability)
official_1413,Menathottam Hospital Blood Bank,Ranni,Pathanamthitta,Kerala,9.381963,76.77424,Esri India Blood Bank Directory 2017 (MoHFW/data.gov.in),2026-08-19T17:39:10.719610+00:00,2017 (historical; not live availability)
official_1414,Government Hospital Blood Bank,Udumalpet,Tiruppur,Tamil Nadu,10.583823,77.247247,Esri India Blood Bank Directory 2017 (MoHFW/data.gov.in),2026-08-19T17:39:10.719610+00:00,2017 (historical; not live availability)
official_1415,Government Hospital Blood Bank,Pollachi,Coimbatore,Tamil Nadu,10.658046,77.009584,Esri India Blood Bank Directory 2017 (MoHFW/data.gov.in),2026-08-19T17:39:10.719610+00:00,2017 (historical; not live availability)
official_1416,I. M. A. Blood Bank Society,Thodupuzha,Idukki,Kerala,9.894113,76.708945,Esri India Blood Bank Directory 2017 (MoHFW/data.gov.in),2026-08-19T17:39:10.719610+00:00,2017 (historical; not live availability)
official_1417,Bensam Hospital Blood Bank,Nagercoil,Kanyakumari,Tamil Nadu,8.189676,77.412207,Esri India Blood Bank Directory 2017 (MoHFW/data.gov.in),2026-08-19T17:39:10.719610+00:00,2017 (historical; not live availability)
official_1418,Dr. Somervel CSI Mission Hospital Blood Bank,Karakkonam,Thiruvananthapuram,Kerala,8.391475,77.173573,Esri India Blood Bank Directory 2017 (MoHFW/data.gov.in),2026-08-19T17:39:10.719610+00:00,2017 (historical; not live availability)
official_1419,Sri Chitra Thirunal Institute of Medical Science and Technology Blood Bank,ThiruvAnanthapuram,Thiruvananthapuram,Kerala,8.521055,76.926493,Esri India Blood Bank Directory 2017 (MoHFW/data.gov.in),2026-08-19T17:39:10.719610+00:00,2017 (historical; not live availability)
official_1420,Sree Gokulam Medical College and Research Foundation Blood Bank,Venjaramoodu,Thiruvananthapuram,Kerala,8.692755,76.914675,Esri India Blood Bank Directory 2017 (MoHFW/data.gov.in),2026-08-19T17:39:10.719610+00:00,2017 (historical; not live availability)
official_1421,Regional Cancer Centre Blood Bank,ThiruvAnanthapuram,Thiruvananthapuram,Kerala,8.520478,76.924243,Esri India Blood Bank Directory 2017 (MoHFW/data.gov.in),2026-08-19T17:39:10.719610+00:00,2017 (historical; not live availability)
official_1422,Poyanil Hospital Blood Bank,Kozhencherry,Pathanamthitta,Kerala,9.336697,76.707947,Esri India Blood Bank Directory 2017 (MoHFW/data.gov.in),2026-08-19T17:39:10.719610+00:00,2017 (historical; not live availability)
official_1423,Kanya Blood Bank,Nagercoil,Kanyakumari,Tamil Nadu,8.17554,77.429731,Esri India Blood Bank Directory 2017 (MoHFW/data.gov.in),2026-08-19T17:39:10.719610+00:00,2017 (historical; not live availability)
official_1424,Holy Family Hospital Blood Bank,Thodupuzha,Idukki,Kerala,9.912319,76.733924,Esri India Blood Bank Directory 2017 (MoHFW/data.gov.in),2026-08-19T17:39:10.719610+00:00,2017 (historical; not live availability)
official_1425,Udumalpet Indian Medical Association Rotary Blood Bank,Udumalpet,Tiruppur,Tamil Nadu,10.586364,77.255039,Esri India Blood Bank Directory 2017 (MoHFW/data.gov.in),2026-08-19T17:39:10.719610+00:00,2017 (historical; not live availability)
official_1426,Morning Star Medical Centre Blood Bank,Adimali,Idukki,Kerala,10.011876,76.958497,Esri India Blood Bank Directory 2017 (MoHFW/data.gov.in),2026-08-19T17:39:10.719610+00:00,2017 (historical; not live availability)
official_1427,Saint Joseph Hospital Blood Bank,Pathanapuram,Kollam,Kerala,8.950688,76.917924,Esri India Blood Bank Directory 2017 (MoHFW/data.gov.in),2026-08-19T17:39:10.719610+00:00,2017 (historical; not live availability)
official_1428,M/s. Employee&#39;s State Insurance Corporation (ESIC) Blood Bank,Paripally,Kollam,Kerala,8.81078,76.749075,Esri India Blood Bank Directory 2017 (MoHFW/data.gov.in),2026-08-19T17:39:10.719610+00:00,2017 (historical; not live availability)
official_1429,Mundakkayam Medical Trust (M.M.T.) Hospital Blood Bank ,Mundakayam,Idukki,Kerala,9.535157,76.908953,Esri India Blood Bank Directory 2017 (MoHFW/data.gov.in),2026-08-19T17:39:10.719610+00:00,2017 (historical; not live availability)
official_1430,Holy Cross Hospital Blood Bank,Adoor,Pathanamthitta,Kerala,9.161659,76.724452,Esri India Blood Bank Directory 2017 (MoHFW/data.gov.in),2026-08-19T17:39:10.719610+00:00,2017 (historical; not live availability)
official_1431,Azeezia Medical College Blood Bank,Meeyannoor,Kollam,Kerala,8.889894,76.739784,Esri India Blood Bank Directory 2017 (MoHFW/data.gov.in),2026-08-19T17:39:10.719610+00:00,2017 (historical; not live availability)
official_1432,Karuna Medical College Hospital Blood Bank,Alathur,Palakkad,Kerala,10.680366,76.775773,Esri India Blood Bank Directory 2017 (MoHFW/data.gov.in),2026-08-19T17:39:10.719610+00:00,2017 (historical; not live availability)
official_1433,Saint Joseph Hospital Blood Bank,Anchal,Kollam,Kerala,8.929263,76.91794,Esri India Blood Bank Directory 2017 (MoHFW/data.gov.in),2026-08-19T17:39:10.719610+00:00,2017 (historical; not live availability)
official_1434,Mary Queens Mission Hospital Blood Bank,Kanjirappally,Kottayam,Kerala,9.558106,76.813888,Esri India Blood Bank Directory 2017 (MoHFW/data.gov.in),2026-08-19T17:39:10.719610+00:00,2017 (historical; not live availability)
official_1435,Sree Mookambika Institute Medical Science Blood Bank,Kanyakumari,Kanyakumari,Tamil Nadu,8.361102,77.292365,Esri India Blood Bank Directory 2017 (MoHFW/data.gov.in),2026-08-19T17:39:10.719610+00:00,2017 (historical; not live availability)
official_1436,Pollachi Blood Bank Services,Pollachi,Coimbatore,Tamil Nadu,10.665479,77.007079,Esri India Blood Bank Directory 2017 (MoHFW/data.gov.in),2026-08-19T17:39:10.719610+00:00,2017 (historical; not live availability)
official_1437,Women and Children Hospital Blood Bank,ThiruvAnanthapuram,Thiruvananthapuram,Kerala,8.487383,76.956904,Esri India Blood Bank Directory 2017 (MoHFW/data.gov.in),2026-08-19T17:39:10.719610+00:00,2017 (historical; not live availability)
official_1438,Kerala Institute of Medical Sciences Blood Bank,ThiruvAnanthapuram,Thiruvananthapuram,Kerala,8.513628,76.909544,Esri India Blood Bank Directory 2017 (MoHFW/data.gov.in),2026-08-19T17:39:10.719610+00:00,2017 (historical; not live availability)
official_1439,Taluk Head Quarter Hospital Blood Bank,Chiryinkil,Thiruvananthapuram,Kerala,8.661363,76.786533,Esri India Blood Bank Directory 2017 (MoHFW/data.gov.in),2026-08-19T17:39:10.719610+00:00,2017 (historical; not live availability)
official_1440,Superior Blood Bank,Thiruvananthapuram,Thiruvananthapuram,Kerala,8.4935113,76.9474123,Esri India Blood Bank Directory 2017 (MoHFW/data.gov.in),2026-08-19T17:39:10.719610+00:00,2017 (historical; not live availability)
official_1441,S U T Royal Hospital Blood Bank,Trivandrum,Thiruvananthapuram,Kerala,8.516322,76.940358,Esri India Blood Bank Directory 2017 (MoHFW/data.gov.in),2026-08-19T17:39:10.719610+00:00,2017 (historical; not live availability)
official_1442,District Hospital Blood Bank,Painavu,Idukki,Kerala,9.848086,76.960597,Esri India Blood Bank Directory 2017 (MoHFW/data.gov.in),2026-08-19T17:39:10.719610+00:00,2017 (historical; not live availability)
official_1443,Medical College Hospital Blood Bank,Thiruvananthapuram,Thiruvananthapuram,Kerala,8.604603,76.93258,Esri India Blood Bank Directory 2017 (MoHFW/data.gov.in),2026-08-19T17:39:10.719610+00:00,2017 (historical; not live availability)
official_1444,Government Head Quarters Hospital Blood Bank,Kanyakumari,Kanyakumari,Tamil Nadu,8.247696,77.313237,Esri India Blood Bank Directory 2017 (MoHFW/data.gov.in),2026-08-19T17:39:10.719610+00:00,2017 (historical; not live availability)
official_1445,Vivek Blood Bank,Nagercoil,Kanyakumari,Tamil Nadu,8.184559,77.410413,Esri India Blood Bank Directory 2017 (MoHFW/data.gov.in),2026-08-19T17:39:10.719610+00:00,2017 (historical; not live availability)
official_1446,Alphonsa Hospital Blood Bank,Murikkassery,Idukki,Kerala,9.665029,77.158547,Esri India Blood Bank Directory 2017 (MoHFW/data.gov.in),2026-08-19T17:39:10.719610+00:00,2017 (historical; not live availability)
official_1447,General Hospital Blood Bank,ThiruvAnanthapuram,Thiruvananthapuram,Kerala,8.500115,76.94234,Esri India Blood Bank Directory 2017 (MoHFW/data.gov.in),2026-08-19T17:39:10.719610+00:00,2017 (historical; not live availability)
official_1448,Government Hospital Blood Bank,Ambasamudram,Tirunelveli,Tamil Nadu,8.702599,77.385988,Esri India Blood Bank Directory 2017 (MoHFW/data.gov.in),2026-08-19T17:39:10.719610+00:00,2017 (historical; not live availability)
official_1449,Lifeline Super Speciality Hospital Blood Bank,Adoor,Pathanamthitta,Kerala,9.163442,76.706321,Esri India Blood Bank Directory 2017 (MoHFW/data.gov.in),2026-08-19T17:39:10.719610+00:00,2017 (historical; not live availability)
official_1450,Thangam Blood Bank (Run by Thangam Chartiable Community Health Trust) William Hospital,Nagercoil,Kanyakumari,Tamil Nadu,8.191431,77.423288,Esri India Blood Bank Directory 2017 (MoHFW/data.gov.in),2026-08-19T17:39:10.719610+00:00,2017 (historical; not live availability)
official_1451,Immaculate Heart of Mary Hospital Blood Bank,Bharanganam,Kottayam,Kerala,9.70387,76.720484,Esri India Blood Bank Directory 2017 (MoHFW/data.gov.in),2026-08-19T17:39:10.719610+00:00,2017 (historical; not live availability)
official_1452,PRS Hospital Private Limited Blood Bank,Thiruvananthapuram,Thiruvananthapuram,Kerala,8.480729,76.959445,Esri India Blood Bank Directory 2017 (MoHFW/data.gov.in),2026-08-19T17:39:10.719610+00:00,2017 (historical; not live availability)
official_1453,Mar Gregorious Memorial Muthoot Medical Centre Blood Bank,Kozhencherry,Pathanamthitta,Kerala,9.337904,76.710744,Esri India Blood Bank Directory 2017 (MoHFW/data.gov.in),2026-08-19T17:39:10.719610+00:00,2017 (historical; not live availability)
official_1454,Aditya Diagnostic Hospital Blood Bank,Dibrugarh,Dibrugarh,Assam,27.491383,94.931116,Esri India Blood Bank Directory 2017 (MoHFW/data.gov.in),2026-08-19T17:39:10.719610+00:00,2017 (historical; not live availability)
official_1455,M/s. Al-Azhar Medical College & Super Speciality Hospital Blood Bank,Thodupuzha,Idukki,Kerala,9.940275,76.721012,Esri India Blood Bank Directory 2017 (MoHFW/data.gov.in),2026-08-19T17:39:10.719610+00:00,2017 (historical; not live availability)
official_1456,Ananthapuri Hospital and Research Institute Blood Bank,ThiruvAnanthapuram,Thiruvananthapuram,Kerala,8.486539,76.926988,Esri India Blood Bank Directory 2017 (MoHFW/data.gov.in),2026-08-19T17:39:10.719610+00:00,2017 (historical; not live availability)
official_1457,General Hospital Blood Bank ,Pathanamthitta,Pathanamthitta,Kerala,9.265822,76.782358,Esri India Blood Bank Directory 2017 (MoHFW/data.gov.in),2026-08-19T17:39:10.719610+00:00,2017 (historical; not live availability)
official_1458,Bishop Benziger Hospital Blood Bank,Kollam,Kollam,Kerala,8.929265,76.91794,Esri India Blood Bank Directory 2017 (MoHFW/data.gov.in),2026-08-19T17:39:10.719610+00:00,2017 (historical; not live availability)
official_1459,Chithra Hospital Blood Bank,Pandalam,Pathanamthitta,Kerala,9.465857,76.778869,Esri India Blood Bank Directory 2017 (MoHFW/data.gov.in),2026-08-19T17:39:10.719610+00:00,2017 (historical; not live availability)
official_1460,Kanyakumari Medical College Hospital Blood Bank,Nagercoil,Kanyakumari,Tamil Nadu,8.172512,77.392704,Esri India Blood Bank Directory 2017 (MoHFW/data.gov.in),2026-08-19T17:39:10.719610+00:00,2017 (historical; not live availability)
official_1461,Dr. Jeyasekharan Medical Trust and Nursing Home Blood Bank,Nagercoil,Kanyakumari,Tamil Nadu,8.184416,77.409869,Esri India Blood Bank Directory 2017 (MoHFW/data.gov.in),2026-08-19T17:39:10.719610+00:00,2017 (historical; not live availability)
official_1462,Government Taluk Hospital Blood Bank,Gudalur,The Nilgiris,Tamil Nadu,9.676495,77.240608,Esri India Blood Bank Directory 2017 (MoHFW/data.gov.in),2026-08-19T17:39:10.719610+00:00,2017 (historical; not live availability)
official_1463,Catherine Booth Hospital Blood Bank (Run By The Salvation Army),Nagarcoil,Kanyakumari,Tamil Nadu,8.200027,77.43068,Esri India Blood Bank Directory 2017 (MoHFW/data.gov.in),2026-08-19T17:39:10.719610+00:00,2017 (historical; not live availability)
official_1464,M/s. Ruckmoni Memorial Devi Hospital Blood Bank,Trivandrum,Thiruvananthapuram,Kerala,8.4482986,77.127416,Esri India Blood Bank Directory 2017 (MoHFW/data.gov.in),2026-08-19T17:39:10.719610+00:00,2017 (historical; not live availability)
official_1465,M/s. S R Super Speciality Hospital Blood Bank,Thiruvananthapuram,Thiruvananthapuram,Kerala,8.7081618,76.7316653,Esri India Blood Bank Directory 2017 (MoHFW/data.gov.in),2026-08-19T17:39:10.719610+00:00,2017 (historical; not live availability)
official_1466,Taluk Head Quarters Hospital Blood Bank,Kottakkara,Kollam,Kerala,9.004354,76.775632,Esri India Blood Bank Directory 2017 (MoHFW/data.gov.in),2026-08-19T17:39:10.719610+00:00,2017 (historical; not live availability)
official_1467,Government Head Quarters Hospital Blood Bank,Tenkasi,Tirunelveli,Tamil Nadu,8.952567,77.315522,Esri India Blood Bank Directory 2017 (MoHFW/data.gov.in),2026-08-19T17:39:10.719610+00:00,2017 (historical; not live availability)
official_1468,Government Hospital Blood Bank,Punalur,Kollam,Kerala,9.019172,76.924716,Esri India Blood Bank Directory 2017 (MoHFW/data.gov.in),2026-08-19T17:39:10.719610+00:00,2017 (historical; not live availability)
official_1469,Sree Uthradam Thirunal Hospital Blood Bank,ThiruvAnanthapuram,Thiruvananthapuram,Kerala,8.599623,76.969593,Esri India Blood Bank Directory 2017 (MoHFW/data.gov.in),2026-08-19T17:39:10.719610+00:00,2017 (historical; not live availability)
official_1470,District Hospital Blood Bank,Mon ,Mon,Nagaland,26.716467,95.02633,Esri India Blood Bank Directory 2017 (MoHFW/data.gov.in),2026-08-19T17:39:10.719610+00:00,2017 (historical; not live availability)
official_1471,District Hospital Blood Bank and Transfusion Unit,Thoubal,Thoubal,Manipur,24.624975,94.013034,Esri India Blood Bank Directory 2017 (MoHFW/data.gov.in),2026-08-19T17:39:10.719610+00:00,2017 (historical; not live availability)
official_1472,Lohit District Hospital Blood Bank,Tezu,Lohit,Arunachal Pradesh,27.559574,96.101627,Esri India Blood Bank Directory 2017 (MoHFW/data.gov.in),2026-08-19T17:39:10.719610+00:00,2017 (historical; not live availability)
official_1473,District Hospital Blood Bank,Dimapur,Dimapur,Nagaland,25.905078,93.731607,Esri India Blood Bank Directory 2017 (MoHFW/data.gov.in),2026-08-19T17:39:10.719610+00:00,2017 (historical; not live availability)
official_1474,General Hospital Ziro  Blood Bank,Ziro,Lower Subansiri,Arunachal Pradesh,27.53875,93.822176,Esri India Blood Bank Directory 2017 (MoHFW/data.gov.in),2026-08-19T17:39:10.719610+00:00,2017 (historical; not live availability)
official_1475,Greater Jorhat Lions Blood Bank,Jorhat,Jorhat,Assam,26.753059,94.185964,Esri India Blood Bank Directory 2017 (MoHFW/data.gov.in),2026-08-19T17:39:10.719610+00:00,2017 (historical; not live availability)
official_1476,Upper Siang District Hospital Blood Bank,Yingkiong,Upper Siang,Arunachal Pradesh,28.641662,95.025348,Esri India Blood Bank Directory 2017 (MoHFW/data.gov.in),2026-08-19T17:39:10.719610+00:00,2017 (historical; not live availability)
official_1477,Dr. Imkongliba Memorial District Hospital Blood Bank,Mokokchung,Mokokchung,Nagaland,26.318678,94.52071,Esri India Blood Bank Directory 2017 (MoHFW/data.gov.in),2026-08-19T17:39:10.719610+00:00,2017 (historical; not live availability)
official_1478,West Siang District Hospital Blood Bank,Aalo,West Siang,Arunachal Pradesh,28.169282,94.801031,Esri India Blood Bank Directory 2017 (MoHFW/data.gov.in),2026-08-19T17:39:10.719610+00:00,2017 (historical; not live availability)
official_1479,Tinsukia Blood Bank,Tinsukia,Tinsukia,Assam,27.490438,95.363017,Esri India Blood Bank Directory 2017 (MoHFW/data.gov.in),2026-08-19T17:39:10.719610+00:00,2017 (historical; not live availability)
official_1480,General Hospital Blood Bank,Kohima,Kohima,Nagaland,25.596486,94.12323,Esri India Blood Bank Directory 2017 (MoHFW/data.gov.in),2026-08-19T17:39:10.719610+00:00,2017 (historical; not live availability)
official_1481,Vivekananda Kendra NRL Hospital Blood Bank,Golaghat,Golaghat,Assam,26.591371,93.749516,Esri India Blood Bank Directory 2017 (MoHFW/data.gov.in),2026-08-19T17:39:10.719610+00:00,2017 (historical; not live availability)
official_1482,Diphu Civil Hospital Blood Bank,Diphu,Karbi Anglong,Assam,25.844281,93.433805,Esri India Blood Bank Directory 2017 (MoHFW/data.gov.in),2026-08-19T17:39:10.719610+00:00,2017 (historical; not live availability)
official_1483,Central Hospital  Coal India Limited,Margherita,Tinsukia,Assam,27.289292,95.674768,Esri India Blood Bank Directory 2017 (MoHFW/data.gov.in),2026-08-19T17:39:10.719610+00:00,2017 (historical; not live availability)
official_1484,Arunachal State Hospital Blood Bank,Naharlagun,Papum Pare,Arunachal Pradesh,27.103121,93.691936,Esri India Blood Bank Directory 2017 (MoHFW/data.gov.in),2026-08-19T17:39:10.719610+00:00,2017 (historical; not live availability)
official_1485,District Hospital Blood Bank,Zunheboto,Zunheboto,Nagaland,26.002962,94.523584,Esri India Blood Bank Directory 2017 (MoHFW/data.gov.in),2026-08-19T17:39:10.719610+00:00,2017 (historical; not live availability)
official_1486,District Hospital Blood Bank ,Churachandpur ,Churachandpur,Manipur,24.343447,93.692909,Esri India Blood Bank Directory 2017 (MoHFW/data.gov.in),2026-08-19T17:39:10.719610+00:00,2017 (historical; not live availability)
official_1487,District Hospital Blood Bank,Tuensang,Tuensang,Nagaland,26.253444,94.817879,Esri India Blood Bank Directory 2017 (MoHFW/data.gov.in),2026-08-19T17:39:10.719610+00:00,2017 (historical; not live availability)
official_1488,District Hospital Blood Bank Champhai,Champhai,Champhai,Mizoram,23.48105,93.3097,Esri India Blood Bank Directory 2017 (MoHFW/data.gov.in),2026-08-19T17:39:10.719610+00:00,2017 (historical; not live availability)
official_1489,Naga Hospital Authority Blood Bank,Kohima,Kohima,Nagaland,25.669384,94.095902,Esri India Blood Bank Directory 2017 (MoHFW/data.gov.in),2026-08-19T17:39:10.719610+00:00,2017 (historical; not live availability)
official_1490,Ramakrishna Mission Hospital Blood bank,Itanagar,Papum Pare,Arunachal Pradesh,27.086178,93.609065,Esri India Blood Bank Directory 2017 (MoHFW/data.gov.in),2026-08-19T17:39:10.719610+00:00,2017 (historical; not live availability)
official_1491,Tinsukia Civil Hospital Blood Bank,Tinsukia,Tinsukia,Assam,27.498632,95.358861,Esri India Blood Bank Directory 2017 (MoHFW/data.gov.in),2026-08-19T17:39:10.719610+00:00,2017 (historical; not live availability)
official_1492,Kushal Konwar (KK) Civil Hospital Blood Bank,Golaghai town,Golaghat,Assam,26.510171,93.964569,Esri India Blood Bank Directory 2017 (MoHFW/data.gov.in),2026-08-19T17:39:10.719610+00:00,2017 (historical; not live availability)
official_1493,Changlang District Hospital Blood Bank,Changlang,Changlang,Arunachal Pradesh,27.139258,95.738757,Esri India Blood Bank Directory 2017 (MoHFW/data.gov.in),2026-08-19T17:39:10.719610+00:00,2017 (historical; not live availability)
official_1494,Catholic Hospital Blood Bank,Biswanath chariali,Sonitpur,Assam,26.815339,93.320185,Esri India Blood Bank Directory 2017 (MoHFW/data.gov.in),2026-08-19T17:39:10.719610+00:00,2017 (historical; not live availability)
official_1495,Model Blood Bank - Department of IHBT,Imphal,Imphal West,Manipur,24.815898,93.922827,Esri India Blood Bank Directory 2017 (MoHFW/data.gov.in),2026-08-19T17:39:10.719610+00:00,2017 (historical; not live availability)
official_1496,Pragati Hospital and Research Centre Blood Bank,Sivasagar,Sivasagar,Assam,26.997865,94.61976,Esri India Blood Bank Directory 2017 (MoHFW/data.gov.in),2026-08-19T17:39:10.719610+00:00,2017 (historical; not live availability)
official_1497,Dhemaji Civil Hospital Blood Bank,Dhemaji,Dhemaji,Assam,27.458026,94.574533,Esri India Blood Bank Directory 2017 (MoHFW/data.gov.in),2026-08-19T17:39:10.719610+00:00,2017 (historical; not live availability)
official_1498,Simdega Sadar Hospital Blood Bank ,Simdega,Simdega,Jharkhand,22.6149779,84.5028825,Esri India Blood Bank Directory 2017 (MoHFW/data.gov.in),2026-08-19T17:39:10.719610+00:00,2017 (historical; not live availability)
official_1499,Christian Institute of Health Sciences and Research Blood Bank,Dimapur,Dimapur,Nagaland,25.865482,93.771446,Esri India Blood Bank Directory 2017 (MoHFW/data.gov.in),2026-08-19T17:39:10.719610+00:00,2017 (historical; not live availability)
official_1500,Shija Blood Bank and Transfusion Services   ,Imphal,Imphal West,Manipur,24.835805,93.914217,Esri India Blood Bank Directory 2017 (MoHFW/data.gov.in),2026-08-19T17:39:10.719610+00:00,2017 (historical; not live availability)
official_1501,Dr. Damani&#39;s Nursing Home Blood Bank,Dibrugarh,Dibrugarh,Assam,27.4898858,94.9229632,Esri India Blood Bank Directory 2017 (MoHFW/data.gov.in),2026-08-19T17:39:10.719610+00:00,2017 (historical; not live availability)
official_1502,Indian Oil Corp Ltd (AOD) Hospital blood bank,Digboi,Tinsukia,Assam,27.39287,95.62943,Esri India Blood Bank Directory 2017 (MoHFW/data.gov.in),2026-08-19T17:39:10.719610+00:00,2017 (historical; not live availability)
official_1503,JNIMS Hospital Blood Bank and Transfusion Unit ,Porompat,Imphal East,Manipur,24.811173,93.961697,Esri India Blood Bank Directory 2017 (MoHFW/data.gov.in),2026-08-19T17:39:10.719610+00:00,2017 (historical; not live availability)
official_1504,Pasighat General Hospital Blood Bank,Pasighat,East Siang,Arunachal Pradesh,28.071544,95.325113,Esri India Blood Bank Directory 2017 (MoHFW/data.gov.in),2026-08-19T17:39:10.719610+00:00,2017 (historical; not live availability)
official_1505,District Hospital Blood Bank,Phek,Phek,Nagaland,25.710067,94.464482,Esri India Blood Bank Directory 2017 (MoHFW/data.gov.in),2026-08-19T17:39:10.719610+00:00,2017 (historical; not live availability)
official_1506,O.N.G.C. Limited Hospital Blood Bank,Sivasagar,Sivasagar,Assam,26.981201,94.651794,Esri India Blood Bank Directory 2017 (MoHFW/data.gov.in),2026-08-19T17:39:10.719610+00:00,2017 (historical; not live availability)
official_1507,North Lakhimpur Civil Hospital Blood Bank,North Lakhimpur,Lakhimpur,Assam,27.242685,94.106483,Esri India Blood Bank Directory 2017 (MoHFW/data.gov.in),2026-08-19T17:39:10.719610+00:00,2017 (historical; not live availability)
official_1508,Assam Medical College and Hospital Blood Bank,Dibrugarh,Dibrugarh,Assam,27.486985,94.944179,Esri India Blood Bank Directory 2017 (MoHFW/data.gov.in),2026-08-19T17:39:10.719610+00:00,2017 (historical; not live availability)
official_1509,Oil India Limited Hospital Blood Bank,Duliajan,Dibrugarh,Assam,27.359192,95.323648,Esri India Blood Bank Directory 2017 (MoHFW/data.gov.in),2026-08-19T17:39:10.719610+00:00,2017 (historical; not live availability)
official_1510,Sivasagar Civil Hospital Blood Bank,Sivasagar,Sivasagar,Assam,26.955222,94.611106,Esri India Blood Bank Directory 2017 (MoHFW/data.gov.in),2026-08-19T17:39:10.719610+00:00,2017 (historical; not live availability)
official_1511,Jorhat Medical College and Hospital Blood Bank ,Jorhat,Jorhat,Assam,26.742573,94.195109,Esri India Blood Bank Directory 2017 (MoHFW/data.gov.in),2026-08-19T17:39:10.719610+00:00,2017 (historical; not live availability)
official_1512,Upper Subansiri District Hospital Blood Bank,Daporijo,Upper Subansiri,Arunachal Pradesh,27.981329,94.217428,Esri India Blood Bank Directory 2017 (MoHFW/data.gov.in),2026-08-19T17:39:10.719610+00:00,2017 (historical; not live availability)
official_1513,Nanded Blood Bank,Nanded,Nanded,Maharashtra,19.161264,77.304543,Esri India Blood Bank Directory 2017 (MoHFW/data.gov.in),2026-08-19T17:39:10.719610+00:00,2017 (historical; not live availability)
official_1514,Swami Ramanand Tirth Arben Medical College Hospital Blood Bank,Beed,Beed,Maharashtra,18.731377,76.370902,Esri India Blood Bank Directory 2017 (MoHFW/data.gov.in),2026-08-19T17:39:10.719610+00:00,2017 (historical; not live availability)
official_1515,Guru Gobindsinghji Blood Bank,Nanded,Nanded,Maharashtra,19.156029,77.309,Esri India Blood Bank Directory 2017 (MoHFW/data.gov.in),2026-08-19T17:39:10.719610+00:00,2017 (historical; not live availability)
official_1516,Government General Hospital (Repeated),Vijayawada,Krishna,Andhra Pradesh,16.513339,80.618989,Esri India Blood Bank Directory 2017 (MoHFW/data.gov.in),2026-08-19T17:39:10.719610+00:00,2017 (historical; not live availability)
official_1517,Dr. Shankarrao Chavan Government Medical College and Guru Govindsinghji Memorial Hospital Blood Bank,Nanded,Nanded,Maharashtra,19.109305,77.29295,Esri India Blood Bank Directory 2017 (MoHFW/data.gov.in),2026-08-19T17:39:10.719610+00:00,2017 (historical; not live availability)
official_1518,"Dr. Hegdewar Rakta Pedhi Sanstha, Solapur",Solapur,Solapur,Maharashtra,17.66391,75.900793,Esri India Blood Bank Directory 2017 (MoHFW/data.gov.in),2026-08-19T17:39:10.719610+00:00,2017 (historical; not live availability)
official_1519,Government Medical College General Hospital Blood Bank,Latur,Latur,Maharashtra,18.39451,76.578201,Esri India Blood Bank Directory 2017 (MoHFW/data.gov.in),2026-08-19T17:39:10.719610+00:00,2017 (historical; not live availability)
official_1520,IMA - Sahakar Maharshi Shankarrao Mohite Patil Blood Bank,Solapur,Solapur,Maharashtra,17.660169,75.906401,Esri India Blood Bank Directory 2017 (MoHFW/data.gov.in),2026-08-19T17:39:10.719610+00:00,2017 (historical; not live availability)
official_1521,Arpan Blood Bank,Nanded,Nanded,Maharashtra,19.161084,77.303022,Esri India Blood Bank Directory 2017 (MoHFW/data.gov.in),2026-08-19T17:39:10.719610+00:00,2017 (historical; not live availability)
official_1522,Arpan Blood Bank Latur,Latur,Latur,Maharashtra,18.408491,76.551573,Esri India Blood Bank Directory 2017 (MoHFW/data.gov.in),2026-08-19T17:39:10.719610+00:00,2017 (historical; not live availability)
official_1523,Navjivan Blood Bank,Beed,Beed,Maharashtra,19.000048,75.755254,Esri India Blood Bank Directory 2017 (MoHFW/data.gov.in),2026-08-19T17:39:10.719610+00:00,2017 (historical; not live availability)
official_1524,Athar Minorities Social and Welfare Associations - Athar Blood Bank,Solapur,Solapur,Maharashtra,17.676725,75.910238,Esri India Blood Bank Directory 2017 (MoHFW/data.gov.in),2026-08-19T17:39:10.719610+00:00,2017 (historical; not live availability)
official_1525,IRCS Nagappa Amberkhane Blood Bank,Latur,Latur,Maharashtra,18.392306,77.106985,Esri India Blood Bank Directory 2017 (MoHFW/data.gov.in),2026-08-19T17:39:10.719610+00:00,2017 (historical; not live availability)
official_1526,Hazur Saheb Blood Bank,Nanded,Nanded,Maharashtra,19.153093,77.318654,Esri India Blood Bank Directory 2017 (MoHFW/data.gov.in),2026-08-19T17:39:10.719610+00:00,2017 (historical; not live availability)
official_1527,Dean Chatrapati Shivaji Maharaj Sarvopchar Hospital Blood Bank,Solapur,Solapur,Maharashtra,17.659024,75.912826,Esri India Blood Bank Directory 2017 (MoHFW/data.gov.in),2026-08-19T17:39:10.719610+00:00,2017 (historical; not live availability)
official_1528,Solapur Blood Bank,Solapur,Solapur,Maharashtra,17.65992,75.906391,Esri India Blood Bank Directory 2017 (MoHFW/data.gov.in),2026-08-19T17:39:10.719610+00:00,2017 (historical; not live availability)
official_1529,Arpan Blood Bank Beed,Beed,Beed,Maharashtra,18.725503,76.390737,Esri India Blood Bank Directory 2017 (MoHFW/data.gov.in),2026-08-19T17:39:10.719610+00:00,2017 (historical; not live availability)
official_1530,Smt. Saraswati Karad Blood Bank,Latur,Latur,Maharashtra,18.429485,76.577846,Esri India Blood Bank Directory 2017 (MoHFW/data.gov.in),2026-08-19T17:39:10.719610+00:00,2017 (historical; not live availability)
official_1531,Indian Red Cross Society - Smt. Gopabai Damani Blood Bank,Solapur,Solapur,Maharashtra,17.660077,75.906391,Esri India Blood Bank Directory 2017 (MoHFW/data.gov.in),2026-08-19T17:39:10.719610+00:00,2017 (historical; not live availability)
official_1532,IRCS - Dr. Bhalchandra Blood Bank,Latur,Latur,Maharashtra,18.401208,76.580639,Esri India Blood Bank Directory 2017 (MoHFW/data.gov.in),2026-08-19T17:39:10.719610+00:00,2017 (historical; not live availability)
official_1533,SIDDHESHWAR BLOOD BANK,Solapur,Solapur,Maharashtra,17.672075,75.904841,Esri India Blood Bank Directory 2017 (MoHFW/data.gov.in),2026-08-19T17:39:10.719610+00:00,2017 (historical; not live availability)
official_1534,Vaidynath Blood Bank,Beed,Beed,Maharashtra,18.842659,76.535058,Esri India Blood Bank Directory 2017 (MoHFW/data.gov.in),2026-08-19T17:39:10.719610+00:00,2017 (historical; not live availability)
official_1535,Civil Surgeon General Hospital Blood Bank,Beed,Beed,Maharashtra,18.986918,75.75332,Esri India Blood Bank Directory 2017 (MoHFW/data.gov.in),2026-08-19T17:39:10.719610+00:00,2017 (historical; not live availability)
official_1536,The District Surgeon District Hospital Blood Bank,Bidar,Bidar,Karnataka,17.918098,77.515003,Esri India Blood Bank Directory 2017 (MoHFW/data.gov.in),2026-08-19T17:39:10.719610+00:00,2017 (historical; not live availability)
official_1537,M. M. Patel Public Charitable Trust - Ashwini Rural Medical College and Hospital Blood Bank,Solapur,Solapur,Maharashtra,17.644778,75.986234,Esri India Blood Bank Directory 2017 (MoHFW/data.gov.in),2026-08-19T17:39:10.719610+00:00,2017 (historical; not live availability)
official_1538,"Civil Surgeon, General Hospital Blood Bank",Osmanabad,Osmanabad,Maharashtra,18.18077,76.034735,Esri India Blood Bank Directory 2017 (MoHFW/data.gov.in),2026-08-19T17:39:10.719610+00:00,2017 (historical; not live availability)
official_1539,Akshay Blood Bank,Solapur,Solapur,Maharashtra,17.669558,75.915101,Esri India Blood Bank Directory 2017 (MoHFW/data.gov.in),2026-08-19T17:39:10.719610+00:00,2017 (historical; not live availability)
official_1540,Shri Markendya Charitable and Medical Trust Irrapanna N Boli Blood Bank,Solapur,Solapur,Maharashtra,17.659918,75.906391,Esri India Blood Bank Directory 2017 (MoHFW/data.gov.in),2026-08-19T17:39:10.719610+00:00,2017 (historical; not live availability)
official_1541,Indian Red Cross Society - Sarjubai Bansila Bajaj Blood Bank,Solapur,Solapur,Maharashtra,17.562936,75.265589,Esri India Blood Bank Directory 2017 (MoHFW/data.gov.in),2026-08-19T17:39:10.719610+00:00,2017 (historical; not live availability)
official_1542,Shri Krishna Blood Bank,Omerga,Osmanabad,Maharashtra,17.83503,76.622149,Esri India Blood Bank Directory 2017 (MoHFW/data.gov.in),2026-08-19T17:39:10.719610+00:00,2017 (historical; not live availability)
official_1543,District Hospital Blood Bank,Ghazipur,Ghazipur,Uttar Pradesh,25.582008,83.582114,Esri India Blood Bank Directory 2017 (MoHFW/data.gov.in),2026-08-19T17:39:10.719610+00:00,2017 (historical; not live availability)
official_1544,Sri Venkateswara Institute of Medical sciences Blood Bank,Tirupati,Chittoor,Andhra Pradesh,13.637934,79.403917,Esri India Blood Bank Directory 2017 (MoHFW/data.gov.in),2026-08-19T17:39:10.719610+00:00,2017 (historical; not live availability)
official_1545,MGM Medical College Hospital Campus Blood Bank Jamshedpur,Jamshedpur,East Singhbhum,Jharkhand,22.811699,86.210334,Esri India Blood Bank Directory 2017 (MoHFW/data.gov.in),2026-08-19T17:39:10.719610+00:00,2017 (historical; not live availability)
official_1546,Sadar Hospital Hajipur Blood Bank ,Hajipur,Vaishali,Bihar,25.690268,85.208265,Esri India Blood Bank Directory 2017 (MoHFW/data.gov.in),2026-08-19T17:39:10.719610+00:00,2017 (historical; not live availability)
official_1547,"Odisha Red Cross Blood Bank, SDH, Anandapur",Anandapur,Kendujhar,Odisha,21.628282,85.596419,Esri India Blood Bank Directory 2017 (MoHFW/data.gov.in),2026-08-19T17:39:10.719610+00:00,2017 (historical; not live availability)
official_1548,Bokaro General Hospital Blood Bank,Bokaro,Bokaro,Jharkhand,23.675112,86.145632,Esri India Blood Bank Directory 2017 (MoHFW/data.gov.in),2026-08-19T17:39:10.719610+00:00,2017 (historical; not live availability)
official_1549,Bihar State Patna Medical College and Hospital (PMCH) Blood Bank,Patna,Patna,Bihar,25.619794,85.158851,Esri India Blood Bank Directory 2017 (MoHFW/data.gov.in),2026-08-19T17:39:10.719610+00:00,2017 (historical; not live availability)
official_1550,District Hospital Blood Bank,Deoria,Deoria,Uttar Pradesh,26.495682,83.781488,Esri India Blood Bank Directory 2017 (MoHFW/data.gov.in),2026-08-19T17:39:10.719610+00:00,2017 (historical; not live availability)
official_1551,"Tisco Hospital Blood Bank, Kendujhar",Joda,Kendujhar,Odisha,22.018667,85.418371,Esri India Blood Bank Directory 2017 (MoHFW/data.gov.in),2026-08-19T17:39:10.719610+00:00,2017 (historical; not live availability)
official_1552,Rastra Kavi Dinkar Blood Bank,Begusarai,Begusarai,Bihar,25.4138,86.13596,Esri India Blood Bank Directory 2017 (MoHFW/data.gov.in),2026-08-19T17:39:10.719610+00:00,2017 (historical; not live availability)
official_1553,"Odisha red Cross Blood Bank, Karanjia, Mayurbhanj",Karanjia,Mayurbhanj,Odisha,21.764292,85.973327,Esri India Blood Bank Directory 2017 (MoHFW/data.gov.in),2026-08-19T17:39:10.719610+00:00,2017 (historical; not live availability)
official_1554,TATA (TISCO) Hospital Blood bank,Noamundi,West Singhbhum,Jharkhand,22.145873,85.494402,Esri India Blood Bank Directory 2017 (MoHFW/data.gov.in),2026-08-19T17:39:10.719610+00:00,2017 (historical; not live availability)
official_1555,Odisha Red Cross Blood Bank Sambalpur,Modipada,Sambalpur,Odisha,21.473765,83.974011,Esri India Blood Bank Directory 2017 (MoHFW/data.gov.in),2026-08-19T17:39:10.719610+00:00,2017 (historical; not live availability)
official_1556,Sadar Hospital Jamui Blood Bank,Jamui,Jamui,Bihar,25.20523,85.514552,Esri India Blood Bank Directory 2017 (MoHFW/data.gov.in),2026-08-19T17:39:10.719610+00:00,2017 (historical; not live availability)
official_1557,"Odisha Red Cross Blood Bank, Baragarh",Bargarh,Bargarh,Odisha,21.335042,83.616202,Esri India Blood Bank Directory 2017 (MoHFW/data.gov.in),2026-08-19T17:39:10.719610+00:00,2017 (historical; not live availability)
official_1558,Indian Red Cross Society (IRCS) Blood Bank Morabadi,Ranchi,Ranchi,Jharkhand,23.3882502,85.3281205,Esri India Blood Bank Directory 2017 (MoHFW/data.gov.in),2026-08-19T17:39:10.719610+00:00,2017 (historical; not live availability)
official_1559,Lisie Hospital Blood Bank,Ernakulam,Ernakulam,Kerala,9.988224,76.288097,Esri India Blood Bank Directory 2017 (MoHFW/data.gov.in),2026-08-19T17:39:10.719610+00:00,2017 (historical; not live availability)
official_1560,Palamu Sadar Hospital Blood Bank ,Daltonganj,Palamu,Jharkhand,24.047051,84.060447,Esri India Blood Bank Directory 2017 (MoHFW/data.gov.in),2026-08-19T17:39:10.719610+00:00,2017 (historical; not live availability)
official_1561,Nalanda Medical College and Hospital Blood Bank,Patna,Patna,Bihar,25.594095,85.137565,Esri India Blood Bank Directory 2017 (MoHFW/data.gov.in),2026-08-19T17:39:10.719610+00:00,2017 (historical; not live availability)
official_1562,Thrissur Metropolitan Health Care Private Limited Blood Bank,,Thrissur,Kerala,10.510405,76.21034,Esri India Blood Bank Directory 2017 (MoHFW/data.gov.in),2026-08-19T17:39:10.719610+00:00,2017 (historical; not live availability)
official_1563,Rinchi Trust Hospital Blood Bank,Ranchi,Ranchi,Jharkhand,23.3451234,85.1106008,Esri India Blood Bank Directory 2017 (MoHFW/data.gov.in),2026-08-19T17:39:10.719610+00:00,2017 (historical; not live availability)
official_1564,Sadar Hospital Samastipur Blood Bank ,Samastipur,Samastipur,Bihar,25.857206,85.778507,Esri India Blood Bank Directory 2017 (MoHFW/data.gov.in),2026-08-19T17:39:10.719610+00:00,2017 (historical; not live availability)
official_1565,Kiriburu Meghahatuburu General Hospital Blood Bank,KIRIBURU,West Singhbhum,Jharkhand,22.104554,85.291571,Esri India Blood Bank Directory 2017 (MoHFW/data.gov.in),2026-08-19T17:39:10.719610+00:00,2017 (historical; not live availability)
official_1566,Patliputra Medical college and Hospital (PMCH) Blood Bank Dhanbad,Dhanbad,Dhanbad,Jharkhand,23.7976877,86.4356088,Esri India Blood Bank Directory 2017 (MoHFW/data.gov.in),2026-08-19T17:39:10.719610+00:00,2017 (historical; not live availability)
official_1567,Deben Mahato (Sadar) Hospital Blood Bank,Purulia,Purulia,West Bengal,23.332391,86.362661,Esri India Blood Bank Directory 2017 (MoHFW/data.gov.in),2026-08-19T17:39:10.719610+00:00,2017 (historical; not live availability)
official_1568,Garhwa Sadar Hospital Campus Blood Bank ,Garhwa,Garhwa,Jharkhand,24.158163,83.802052,Esri India Blood Bank Directory 2017 (MoHFW/data.gov.in),2026-08-19T17:39:10.719610+00:00,2017 (historical; not live availability)
official_1569,"Odisha Red Cross Blood Bank, Bhadrak ",Bhadrak,Bhadrak,Odisha,21.065246,86.502463,Esri India Blood Bank Directory 2017 (MoHFW/data.gov.in),2026-08-19T17:39:10.719610+00:00,2017 (historical; not live availability)
official_1570,Sadar Hospital Sasaram Blood Bank,Rohtas,Rohtas,Bihar,24.952782,84.013897,Esri India Blood Bank Directory 2017 (MoHFW/data.gov.in),2026-08-19T17:39:10.719610+00:00,2017 (historical; not live availability)
official_1571,"Odisha Red Cross Blood Bank, Jharsuguda",Jharsuguda,Jharsuguda,Odisha,21.853817,84.017235,Esri India Blood Bank Directory 2017 (MoHFW/data.gov.in),2026-08-19T17:39:10.719610+00:00,2017 (historical; not live availability)
official_1572,Sainik Hospital Blood Bank Namkum,Ranchi,Ranchi,Jharkhand,23.3496021,85.3796172,Esri India Blood Bank Directory 2017 (MoHFW/data.gov.in),2026-08-19T17:39:10.719610+00:00,2017 (historical; not live availability)
official_1573,Gumla Sadar Hospital Blood Bank ,Gumla,Gumla,Jharkhand,23.0346771,84.5383358,Esri India Blood Bank Directory 2017 (MoHFW/data.gov.in),2026-08-19T17:39:10.719610+00:00,2017 (historical; not live availability)
official_1574,Archi Blood Bank Jharkhand ,Ranchi,Ranchi,Jharkhand,23.38949,85.346526,Esri India Blood Bank Directory 2017 (MoHFW/data.gov.in),2026-08-19T17:39:10.719610+00:00,2017 (historical; not live availability)
official_1575,District Hospital Blood Bank,Ballia,Ballia,Uttar Pradesh,25.750805,84.147468,Esri India Blood Bank Directory 2017 (MoHFW/data.gov.in),2026-08-19T17:39:10.719610+00:00,2017 (historical; not live availability)
official_1576,"TRL Hospital, Belpahada",N/A,Jharsuguda,Odisha,21.8138695,83.8530636,Esri India Blood Bank Directory 2017 (MoHFW/data.gov.in),2026-08-19T17:39:10.719610+00:00,2017 (historical; not live availability)
official_1577,Nagarmal Modi Seva Sadan Hospital Blood Bank,Ranchi,Ranchi,Jharkhand,23.371161,85.317141,Esri India Blood Bank Directory 2017 (MoHFW/data.gov.in),2026-08-19T17:39:10.719610+00:00,2017 (historical; not live availability)
official_1578,Devkamal Hospital and Research Centre Blood Bank,Ranchi,Ranchi,Jharkhand,23.3691335,85.2204851,Esri India Blood Bank Directory 2017 (MoHFW/data.gov.in),2026-08-19T17:39:10.719610+00:00,2017 (historical; not live availability)
official_1579,Hazaribag Sadar Hospital Blood Bank ,Hazaribagh,Hazaribagh,Jharkhand,23.997502,85.3564179,Esri India Blood Bank Directory 2017 (MoHFW/data.gov.in),2026-08-19T17:39:10.719610+00:00,2017 (historical; not live availability)
official_1580,K.M. Memorial Hospital & Research Center Blood Bank,Bokaro,Bokaro,Jharkhand,23.633257,86.173506,Esri India Blood Bank Directory 2017 (MoHFW/data.gov.in),2026-08-19T17:39:10.719610+00:00,2017 (historical; not live availability)
official_1581,Sadar Hospital Khagaria Blood Bank ,Khagaria,Khagaria,Bihar,25.50788,86.474581,Esri India Blood Bank Directory 2017 (MoHFW/data.gov.in),2026-08-19T17:39:10.719610+00:00,2017 (historical; not live availability)
official_1582,CCL Hospital Blood Bank Ranchi,Ranchi,Ranchi,Jharkhand,23.408788,85.321355,Esri India Blood Bank Directory 2017 (MoHFW/data.gov.in),2026-08-19T17:39:10.719610+00:00,2017 (historical; not live availability)
official_1583," Sadar Hospital, Gopalganj Blood Bank",Gopalganj,Gopalganj,Bihar,26.460762,84.441119,Esri India Blood Bank Directory 2017 (MoHFW/data.gov.in),2026-08-19T17:39:10.719610+00:00,2017 (historical; not live availability)
official_1584,Indira Gandhi Institute of Medical Sciences (IGIMS) Blood Bank ,Patna,Patna,Bihar,25.611687,85.089567,Esri India Blood Bank Directory 2017 (MoHFW/data.gov.in),2026-08-19T17:39:10.719610+00:00,2017 (historical; not live availability)
official_1585,Dwarka Das Jalan Memorial Hospital Bartand Blood Bank ,Dhanbad,Dhanbad,Jharkhand,23.806393,86.43059,Esri India Blood Bank Directory 2017 (MoHFW/data.gov.in),2026-08-19T17:39:10.719610+00:00,2017 (historical; not live availability)
official_1586,Jaiprabha Hospital Model Blood Bank (MBB),Patna,Patna,Bihar,25.60017,85.152281,Esri India Blood Bank Directory 2017 (MoHFW/data.gov.in),2026-08-19T17:39:10.719610+00:00,2017 (historical; not live availability)
official_1587,Sadar Hospital Sitamarhi Blood Bank,Sitamarhi,Sitamarhi,Bihar,26.596243,85.494747,Esri India Blood Bank Directory 2017 (MoHFW/data.gov.in),2026-08-19T17:39:10.719610+00:00,2017 (historical; not live availability)
official_1588,"Odisha Red Cross Blood Bank, SDH, Kuchinda ",Kuchinda,Sambalpur,Odisha,21.745975,84.350757,Esri India Blood Bank Directory 2017 (MoHFW/data.gov.in),2026-08-19T17:39:10.719610+00:00,2017 (historical; not live availability)
official_1589,CCL Hospital Blood Bank Ramgarh,Ramgarh,Ramgarh,Jharkhand,23.6484192,85.5093472,Esri India Blood Bank Directory 2017 (MoHFW/data.gov.in),2026-08-19T17:39:10.719610+00:00,2017 (historical; not live availability)
official_1590,"Odisha Red Cross Blood Bank, Deogarh",Deogarh,Deogarh,Odisha,21.534301,84.729719,Esri India Blood Bank Directory 2017 (MoHFW/data.gov.in),2026-08-19T17:39:10.719610+00:00,2017 (historical; not live availability)
official_1591," Odisha Red Cross Blood Bank, Kendujhar",Kendujhar,Kendujhar,Odisha,21.628282,85.596419,Esri India Blood Bank Directory 2017 (MoHFW/data.gov.in),2026-08-19T17:39:10.719610+00:00,2017 (historical; not live availability)
official_1592,"Heavy Engineering Corporation, Plant Hospital Blood Bank",Ranchi,Ranchi,Jharkhand,23.313367,85.277743,Esri India Blood Bank Directory 2017 (MoHFW/data.gov.in),2026-08-19T17:39:10.719610+00:00,2017 (historical; not live availability)
official_1593,Sadar Hospital Buxar Blood Bank,Buxar,Buxar,Bihar,25.56471,83.977748,Esri India Blood Bank Directory 2017 (MoHFW/data.gov.in),2026-08-19T17:39:10.719610+00:00,2017 (historical; not live availability)
official_1594,Central Hospital Blood Bank BCCL Dhanbad,Dhanbad,Dhanbad,Jharkhand,23.8057146,86.4509654,Esri India Blood Bank Directory 2017 (MoHFW/data.gov.in),2026-08-19T17:39:10.719610+00:00,2017 (historical; not live availability)
official_1595,Indian Red Cross Society (IRCS) Patna Blood Bank,Patna,Patna,Bihar,25.619909,85.145263,Esri India Blood Bank Directory 2017 (MoHFW/data.gov.in),2026-08-19T17:39:10.719610+00:00,2017 (historical; not live availability)
official_1596,Vesaj Patel Hospital and Research Center Blood Bank,Rourkela,Sundergarh,Odisha,22.2265275,84.821447,Esri India Blood Bank Directory 2017 (MoHFW/data.gov.in),2026-08-19T17:39:10.719610+00:00,2017 (historical; not live availability)
official_1597,"Rajendra Institute of Medical Science (RIMS) Blood Bank, Bariyatu",Ranchi,Ranchi,Jharkhand,23.388964,85.349138,Esri India Blood Bank Directory 2017 (MoHFW/data.gov.in),2026-08-19T17:39:10.719610+00:00,2017 (historical; not live availability)
official_1598,Darbhanga Medical College and Hospital (DMCH) Regional Blood Bank,Laheriasaria,Darbhanga,Bihar,26.133426,85.898943,Esri India Blood Bank Directory 2017 (MoHFW/data.gov.in),2026-08-19T17:39:10.719610+00:00,2017 (historical; not live availability)
official_1599,"Odisha Red Cross Blood Bank, SDH, Rairangpur",Rairangpur,Mayurbhanj,Odisha,22.2692759,86.1564211,Esri India Blood Bank Directory 2017 (MoHFW/data.gov.in),2026-08-19T17:39:10.719610+00:00,2017 (historical; not live availability)
official_1600,"Red Cross Blood Bank, Sadar Hospital, Bihar Sharif",Bihar Sharif,Nalanda,Bihar,25.20523,85.514552,Esri India Blood Bank Directory 2017 (MoHFW/data.gov.in),2026-08-19T17:39:10.719610+00:00,2017 (historical; not live availability)
official_1601,Jharkhand Blood Bank Bariatu ,Ranchi,Ranchi,Jharkhand,23.395757,85.351652,Esri India Blood Bank Directory 2017 (MoHFW/data.gov.in),2026-08-19T17:39:10.719610+00:00,2017 (historical; not live availability)
official_1602,Sadar Hospital Ara Blood Bank,Ara,Bhojpur,Bihar,25.558506,84.670631,Esri India Blood Bank Directory 2017 (MoHFW/data.gov.in),2026-08-19T17:39:10.719610+00:00,2017 (historical; not live availability)
official_1603,Sadar Hospital Chhapra Blood Bank ,Chapra,Saran,Bihar,25.781723,84.73066,Esri India Blood Bank Directory 2017 (MoHFW/data.gov.in),2026-08-19T17:39:10.719610+00:00,2017 (historical; not live availability)
official_1604,Central Hospital Blood Bank Joda,N/A,Kendujhar,Odisha,22.036011,85.434191,Esri India Blood Bank Directory 2017 (MoHFW/data.gov.in),2026-08-19T17:39:10.719610+00:00,2017 (historical; not live availability)
official_1605,Sadar Hospital Ara (Bhojpur) Blood bank,Ara,Bhojpur,Bihar,25.559755,84.667554,Esri India Blood Bank Directory 2017 (MoHFW/data.gov.in),2026-08-19T17:39:10.719610+00:00,2017 (historical; not live availability)
official_1606,"Odisha Red Cross Blood Bank, SDH, Champua",Champua NAC,Kendujhar,Odisha,21.6293658,85.5978164,Esri India Blood Bank Directory 2017 (MoHFW/data.gov.in),2026-08-19T17:39:10.719610+00:00,2017 (historical; not live availability)
official_1607,Giridih Sadar Hospital Blood Bank ,Giridh,Giridih,Jharkhand,24.1879903,86.3064543,Esri India Blood Bank Directory 2017 (MoHFW/data.gov.in),2026-08-19T17:39:10.719610+00:00,2017 (historical; not live availability)
official_1608,Sadar Hospital Sheikhpura Blood Bank,Sheikhpura,Sheikhpura,Bihar,25.133195,85.841424,Esri India Blood Bank Directory 2017 (MoHFW/data.gov.in),2026-08-19T17:39:10.719610+00:00,2017 (historical; not live availability)
official_1609,Jamshedpur Blood Bank ,Jamshedpur,East Singhbhum,Jharkhand,22.804227,86.181256,Esri India Blood Bank Directory 2017 (MoHFW/data.gov.in),2026-08-19T17:39:10.719610+00:00,2017 (historical; not live availability)
official_1610,Indian Red Cross Blood Bank (IRCS) Blood Bank,Arrah,Bhojpur,Bihar,25.559303,84.661958,Esri India Blood Bank Directory 2017 (MoHFW/data.gov.in),2026-08-19T17:39:10.719610+00:00,2017 (historical; not live availability)
official_1611,Combined District Hospital,Mau,Mau,Uttar Pradesh,25.921403,83.563806,Esri India Blood Bank Directory 2017 (MoHFW/data.gov.in),2026-08-19T17:39:10.719610+00:00,2017 (historical; not live availability)
official_1612,Chaibasa Sadar Hospital Blood Bank ,Chaibasa,West Singhbhum,Jharkhand,22.5505168,85.8054811,Esri India Blood Bank Directory 2017 (MoHFW/data.gov.in),2026-08-19T17:39:10.719610+00:00,2017 (historical; not live availability)
official_1613,Sri Krishna Medical College Hospital (SKMCH) Blood Bank ,Muzaffarpur,Muzaffarpur,Bihar,26.167644,85.392082,Esri India Blood Bank Directory 2017 (MoHFW/data.gov.in),2026-08-19T17:39:10.719610+00:00,2017 (historical; not live availability)
official_1614,Indian Red Cross Society Blood Bank Bokaro,Bokaro,Bokaro,Jharkhand,23.644138,86.151112,Esri India Blood Bank Directory 2017 (MoHFW/data.gov.in),2026-08-19T17:39:10.719610+00:00,2017 (historical; not live availability)
official_1615,Sadar Hospital Muzaffarpur Blood Bank,Muzaffarpur,Muzaffarpur,Bihar,26.122253,85.382562,Esri India Blood Bank Directory 2017 (MoHFW/data.gov.in),2026-08-19T17:39:10.719610+00:00,2017 (historical; not live availability)
official_1616,Abdur Razzaque Memorial Weavers Hospital (ARAM) Blood Bank ,Ranchi,Ranchi,Jharkhand,23.4507571,85.4370738,Esri India Blood Bank Directory 2017 (MoHFW/data.gov.in),2026-08-19T17:39:10.719610+00:00,2017 (historical; not live availability)
official_1617,"Odisha Red Cross Blood Bank, Sundergarh",Sundergarh,Sundergarh,Odisha,22.118256,84.036159,Esri India Blood Bank Directory 2017 (MoHFW/data.gov.in),2026-08-19T17:39:10.719610+00:00,2017 (historical; not live availability)
official_1618,Anugrah Narayan Memorial Magadh Medical College Hospital (ANMMCH) Blood Bank,Gaya,Gaya,Bihar,24.771176,84.960302,Esri India Blood Bank Directory 2017 (MoHFW/data.gov.in),2026-08-19T17:39:10.719610+00:00,2017 (historical; not live availability)
official_1619,"Indian Red Cross Society Blood Bank, Motihari",Motihari,East Champaran,Bihar,26.647477,84.910299,Esri India Blood Bank Directory 2017 (MoHFW/data.gov.in),2026-08-19T17:39:10.719610+00:00,2017 (historical; not live availability)
official_1620,Fatima Hospital Blood Bank,Mau,Mau,Uttar Pradesh,25.923014,83.570215,Esri India Blood Bank Directory 2017 (MoHFW/data.gov.in),2026-08-19T17:39:10.719610+00:00,2017 (historical; not live availability)
official_1621,Koderma Sadar Hospital Blood Bank ,Koderma,Koderma,Jharkhand,24.188289,86.306465,Esri India Blood Bank Directory 2017 (MoHFW/data.gov.in),2026-08-19T17:39:10.719610+00:00,2017 (historical; not live availability)
official_1622,Lohardaga Sadar Hospital Blood Bank ,Lohardaga,Lohardaga,Jharkhand,23.441722,84.685316,Esri India Blood Bank Directory 2017 (MoHFW/data.gov.in),2026-08-19T17:39:10.719610+00:00,2017 (historical; not live availability)
official_1623,"Odisha Red Cross Blood Bank, Rourkela",Rourkela,Sundergarh,Odisha,22.264089,84.865108,Esri India Blood Bank Directory 2017 (MoHFW/data.gov.in),2026-08-19T17:39:10.719610+00:00,2017 (historical; not live availability)
official_1624,Latehar Sadhar Hospital Blood Bank,Latehar,Latehar,Jharkhand,23.7432844,84.5059776,Esri India Blood Bank Directory 2017 (MoHFW/data.gov.in),2026-08-19T17:39:10.719610+00:00,2017 (historical; not live availability)
official_1625,SNS Pahawa Charitable Hospital Blood Bank,Ludhiana,Ludhiana,Punjab,30.885426,75.862185,Esri India Blood Bank Directory 2017 (MoHFW/data.gov.in),2026-08-19T17:39:10.719610+00:00,2017 (historical; not live availability)
official_1626,Sadar Hospital Kaimur (Bhabua) Blood Bank ,Bhasna,Kaimur (Bhabua),Bihar,25.039579,83.607736,Esri India Blood Bank Directory 2017 (MoHFW/data.gov.in),2026-08-19T17:39:10.719610+00:00,2017 (historical; not live availability)
official_1627,Gurunanak Hospital and Research Centre Blood Bank ,Ranchi,Ranchi,Jharkhand,23.349938,85.330008,Esri India Blood Bank Directory 2017 (MoHFW/data.gov.in),2026-08-19T17:39:10.719610+00:00,2017 (historical; not live availability)
official_1628,Maharani Janki Kunwar (MJK) Hospital Blood Bank,Bettiah,West Champaran,Bihar,26.796929,84.500903,Esri India Blood Bank Directory 2017 (MoHFW/data.gov.in),2026-08-19T17:39:10.719610+00:00,2017 (historical; not live availability)
official_1629,"Immuno-Haematology & Blood Transfusion Centre, Rourkela",Rourkela,Sundergarh,Odisha,22.2640892,84.8651084,Esri India Blood Bank Directory 2017 (MoHFW/data.gov.in),2026-08-19T17:39:10.719610+00:00,2017 (historical; not live availability)
official_1630, Sadar Hospital Siwan Blood Bank,Siwan,Siwan,Bihar,26.226162,84.361845,Esri India Blood Bank Directory 2017 (MoHFW/data.gov.in),2026-08-19T17:39:10.719610+00:00,2017 (historical; not live availability)
official_1631,Valluvanad Hospital Blood Bank,Ottapalam,Palakkad,Kerala,10.774578,76.360532,Esri India Blood Bank Directory 2017 (MoHFW/data.gov.in),2026-08-19T17:39:10.719610+00:00,2017 (historical; not live availability)
official_1632,M/s. Rajagiri Healthcare and Education Trust Blood Bank,Aluva,Ernakulam,Kerala,10.087575,76.388062,Esri India Blood Bank Directory 2017 (MoHFW/data.gov.in),2026-08-19T17:39:10.719610+00:00,2017 (historical; not live availability)
official_1633,T. D. Medical College Hospital Blood Bank Alappuzha ,Vandanam,Alappuzha,Kerala,9.416254,76.347601,Esri India Blood Bank Directory 2017 (MoHFW/data.gov.in),2026-08-19T17:39:10.719610+00:00,2017 (historical; not live availability)
official_1634,Thrichur Heart Hospital Limited Blood Bank,Thrissur,Thrissur,Kerala,10.512613,76.214571,Esri India Blood Bank Directory 2017 (MoHFW/data.gov.in),2026-08-19T17:39:10.719610+00:00,2017 (historical; not live availability)
official_1635,Mother Hospital Blood Bank,Pullazhi,Thrissur,Kerala,10.519157,76.185077,Esri India Blood Bank Directory 2017 (MoHFW/data.gov.in),2026-08-19T17:39:10.719610+00:00,2017 (historical; not live availability)
official_1636,Indo American Hospital - Brainand Spine Centre Blood Bank,Vaikom,Kottayam,Kerala,9.791175,76.377084,Esri India Blood Bank Directory 2017 (MoHFW/data.gov.in),2026-08-19T17:39:10.719610+00:00,2017 (historical; not live availability)
official_1637,P. V. S. Memorial Hospital Limited Blood Bank,Kallor,Ernakulam,Kerala,9.993389,76.291263,Esri India Blood Bank Directory 2017 (MoHFW/data.gov.in),2026-08-19T17:39:10.719610+00:00,2017 (historical; not live availability)
official_1638,Carmel Hospital Blood Bank,Alwaye,Ernakulam,Kerala,10.090627,76.362146,Esri India Blood Bank Directory 2017 (MoHFW/data.gov.in),2026-08-19T17:39:10.719610+00:00,2017 (historical; not live availability)
official_1639,Samaritan Hospital Blood Bank,Kizhakkambalam,Ernakulam,Kerala,10.043927,76.397584,Esri India Blood Bank Directory 2017 (MoHFW/data.gov.in),2026-08-19T17:39:10.719610+00:00,2017 (historical; not live availability)
official_1640,Saint Joseph Hospital Blood Bank,Kothamangalam,Ernakulam,Kerala,10.012211,76.323922,Esri India Blood Bank Directory 2017 (MoHFW/data.gov.in),2026-08-19T17:39:10.719610+00:00,2017 (historical; not live availability)
official_1641,General Hospital Blood Bank ,Ernakulam,Ernakulam,Kerala,9.971979,76.281693,Esri India Blood Bank Directory 2017 (MoHFW/data.gov.in),2026-08-19T17:39:10.719610+00:00,2017 (historical; not live availability)
official_1642,Modern Medical Blood Bank,Kodungallur,Thrissur,Kerala,10.233898,76.194222,Esri India Blood Bank Directory 2017 (MoHFW/data.gov.in),2026-08-19T17:39:10.719610+00:00,2017 (historical; not live availability)
official_1643,Lakeshore HospitalandResearch Centre Limited Blood Bank,Maradu,Ernakulam,Kerala,9.918926,76.318973,Esri India Blood Bank Directory 2017 (MoHFW/data.gov.in),2026-08-19T17:39:10.719610+00:00,2017 (historical; not live availability)
official_1644,Al-Shifa Hospital Private Limited,Perintalmanna,Malappuram,Kerala,10.984799,76.223878,Esri India Blood Bank Directory 2017 (MoHFW/data.gov.in),2026-08-19T17:39:10.719610+00:00,2017 (historical; not live availability)
official_1645,SJM Blood Bank Basaveshwara Medical College Hospital and Research Centre,Chitradurga,Chitradurga,Karnataka,14.239807,76.388943,Esri India Blood Bank Directory 2017 (MoHFW/data.gov.in),2026-08-19T17:39:10.719610+00:00,2017 (historical; not live availability)
official_1646,District Hospital Blood Bank ,Thrissur,Thrissur,Kerala,10.522997,76.217675,Esri India Blood Bank Directory 2017 (MoHFW/data.gov.in),2026-08-19T17:39:10.719610+00:00,2017 (historical; not live availability)
official_1647,West Fort Hospital Blood Bank Thrissur,Thrissur,Thrissur,Kerala,10.524176,76.201807,Esri India Blood Bank Directory 2017 (MoHFW/data.gov.in),2026-08-19T17:39:10.719610+00:00,2017 (historical; not live availability)
official_1648,Sacred Heart Hospital Blood Bank,Cherthala,Alappuzha,Kerala,9.662125,76.338902,Esri India Blood Bank Directory 2017 (MoHFW/data.gov.in),2026-08-19T17:39:10.719610+00:00,2017 (historical; not live availability)
official_1649,K. V. M. Hospital Blood Bank,Alappuzha,Alappuzha,Kerala,9.667112,76.339569,Esri India Blood Bank Directory 2017 (MoHFW/data.gov.in),2026-08-19T17:39:10.719610+00:00,2017 (historical; not live availability)
official_1650,Medical College Hospital Blood Bank,Peringandoor,Thrissur,Kerala,10.630259,76.202424,Esri India Blood Bank Directory 2017 (MoHFW/data.gov.in),2026-08-19T17:39:10.719610+00:00,2017 (historical; not live availability)
official_1651,Little Flower Hospital Blood Bank,Angamaly,Ernakulam,Kerala,10.190395,76.39029,Esri India Blood Bank Directory 2017 (MoHFW/data.gov.in),2026-08-19T17:39:10.719610+00:00,2017 (historical; not live availability)
official_1652,Government Taluk Head Quarters Hospital Blood Bank,Sulthan Bathery,Wayanad,Kerala,11.662543,76.257414,Esri India Blood Bank Directory 2017 (MoHFW/data.gov.in),2026-08-19T17:39:10.719610+00:00,2017 (historical; not live availability)
official_1653,INHS Sanjeevini Naval Base Blood Bank,Ernakulam,Ernakulam,Kerala,9.946756,76.282561,Esri India Blood Bank Directory 2017 (MoHFW/data.gov.in),2026-08-19T17:39:10.719610+00:00,2017 (historical; not live availability)
official_1654,Carmel Medical Centre Blood Bank,Pala,Kottayam,Kerala,10.091904,76.265596,Esri India Blood Bank Directory 2017 (MoHFW/data.gov.in),2026-08-19T17:39:10.719610+00:00,2017 (historical; not live availability)
official_1655,M. E. S. Medical College Blood Bank,Perinthalmanna,Malappuram,Kerala,10.957239,76.175673,Esri India Blood Bank Directory 2017 (MoHFW/data.gov.in),2026-08-19T17:39:10.719610+00:00,2017 (historical; not live availability)
official_1656,Medical Trust Hospital Blood Bank,Kakkanad,Ernakulam,Kerala,9.964196,76.287884,Esri India Blood Bank Directory 2017 (MoHFW/data.gov.in),2026-08-19T17:39:10.719610+00:00,2017 (historical; not live availability)
official_1657,Aster Medicity - Aster DM Healthcare Private Limited Blood Bank,Cheranalloor,Ernakulam,Kerala,10.043946,76.277515,Esri India Blood Bank Directory 2017 (MoHFW/data.gov.in),2026-08-19T17:39:10.719610+00:00,2017 (historical; not live availability)
official_1658,Lourdes Hospital Blood Bank,Kochi,Ernakulam,Kerala,10.006644,76.277863,Esri India Blood Bank Directory 2017 (MoHFW/data.gov.in),2026-08-19T17:39:10.719610+00:00,2017 (historical; not live availability)
official_1659,Saint James Hospital Blood Bank,Chalakkudy,Thrissur,Kerala,10.315567,76.335422,Esri India Blood Bank Directory 2017 (MoHFW/data.gov.in),2026-08-19T17:39:10.719610+00:00,2017 (historical; not live availability)
official_1660,Aswini Hospital Private Limited Blood Bank,Thrissur,Thrissur,Kerala,10.534768,76.214142,Esri India Blood Bank Directory 2017 (MoHFW/data.gov.in),2026-08-19T17:39:10.719610+00:00,2017 (historical; not live availability)
official_1661,Government Hospital -Taluk Head Quarters Hospital Blood Bank ,Perinthanmanna,Malappuram,Kerala,10.974255,76.231942,Esri India Blood Bank Directory 2017 (MoHFW/data.gov.in),2026-08-19T17:39:10.719610+00:00,2017 (historical; not live availability)
official_1662,Sunrise Institute of Medical Sciences Private Limited Blood Bank,Kochi,Ernakulam,Kerala,10.025327,76.338945,Esri India Blood Bank Directory 2017 (MoHFW/data.gov.in),2026-08-19T17:39:10.719610+00:00,2017 (historical; not live availability)
official_1663,Bishop Alappat Mission Hospital Blood Bank,Thrissur,Thrissur,Kerala,10.395236,76.164596,Esri India Blood Bank Directory 2017 (MoHFW/data.gov.in),2026-08-19T17:39:10.719610+00:00,2017 (historical; not live availability)
official_1664,Vasavi Blood Bank,Chitradurga,Chitradurga,Karnataka,14.229572,76.409483,Esri India Blood Bank Directory 2017 (MoHFW/data.gov.in),2026-08-19T17:39:10.719610+00:00,2017 (historical; not live availability)
official_1665,Maria Theresa Hospital Blood Bank,Kuzhikkattusery,Thrissur,Kerala,10.289257,76.277178,Esri India Blood Bank Directory 2017 (MoHFW/data.gov.in),2026-08-19T17:39:10.719610+00:00,2017 (historical; not live availability)
official_1666,Elite Mission Hospital Blood Bank,Koorkencherry,Thrissur,Kerala,10.502217,76.211028,Esri India Blood Bank Directory 2017 (MoHFW/data.gov.in),2026-08-19T17:39:10.719610+00:00,2017 (historical; not live availability)
official_1667,Government Medical College Ernakulam Blood Bank,Kalamassery,Ernakulam,Kerala,10.05335,76.354918,Esri India Blood Bank Directory 2017 (MoHFW/data.gov.in),2026-08-19T17:39:10.719610+00:00,2017 (historical; not live availability)
official_1668,District Hospital Blood Bank Chitradurga,Chitradurga,Chitradurga,Karnataka,14.220818,76.4065,Esri India Blood Bank Directory 2017 (MoHFW/data.gov.in),2026-08-19T17:39:10.719610+00:00,2017 (historical; not live availability)
official_1669,West Fort Hitech Hospital Blood Bank,Punkunnam,Thrissur,Kerala,10.536504,76.197029,Esri India Blood Bank Directory 2017 (MoHFW/data.gov.in),2026-08-19T17:39:10.719610+00:00,2017 (historical; not live availability)
official_1670,Amritha Institute of Medical Sciences Research Centre Blood Bank,Ernakulam,Ernakulam,Kerala,10.033082,76.293881,Esri India Blood Bank Directory 2017 (MoHFW/data.gov.in),2026-08-19T17:39:10.719610+00:00,2017 (historical; not live availability)
official_1671,IMA Voluntary Donor Blood Bank,Ernakulam,Ernakulam,Kerala,10.01486,76.303466,Esri India Blood Bank Directory 2017 (MoHFW/data.gov.in),2026-08-19T17:39:10.719610+00:00,2017 (historical; not live availability)
official_1672,Janakeeya Samithy (Arogyam) I.M.A Blood Bank Complex and Research Centre ,Ramavarmapuram,Thrissur,Kerala,10.559875,76.226818,Esri India Blood Bank Directory 2017 (MoHFW/data.gov.in),2026-08-19T17:39:10.719610+00:00,2017 (historical; not live availability)
official_1673,Jubilee Mission Hospital Blood Bank,Thrissur,Thrissur,Kerala,10.520189,76.227996,Esri India Blood Bank Directory 2017 (MoHFW/data.gov.in),2026-08-19T17:39:10.719610+00:00,2017 (historical; not live availability)
official_1674,Regional Blood Transfusion Centre - District Hospital,Alwaye,Ernakulam,Kerala,10.105151,76.355191,Esri India Blood Bank Directory 2017 (MoHFW/data.gov.in),2026-08-19T17:39:10.719610+00:00,2017 (historical; not live availability)
official_1675,Woman and Child Hospital Blood Bank,Alappuzha,Alappuzha,Kerala,9.4637103,76.3702515,Esri India Blood Bank Directory 2017 (MoHFW/data.gov.in),2026-08-19T17:39:10.719610+00:00,2017 (historical; not live availability)
official_1676,Sacred Heart Mission Hospital Blood Bank,Pullur,Thrissur,Kerala,10.349017,76.242118,Esri India Blood Bank Directory 2017 (MoHFW/data.gov.in),2026-08-19T17:39:10.719610+00:00,2017 (historical; not live availability)
official_1677,Mother Care Hospital Blood Bank,Mannarkad,Palakkad,Kerala,10.983437,76.423227,Esri India Blood Bank Directory 2017 (MoHFW/data.gov.in),2026-08-19T17:39:10.719610+00:00,2017 (historical; not live availability)
official_1678,Indira Gandhi Memorial Hospital Blood Bank,Agartala,West Tripura,Tripura,23.8311,91.276015,Esri India Blood Bank Directory 2017 (MoHFW/data.gov.in),2026-08-19T17:39:10.719610+00:00,2017 (historical; not live availability)
official_1679,Nalbari Maternity Hospital Blood Bank,Nalbari,Nalbari,Assam,26.440614,91.43584,Esri India Blood Bank Directory 2017 (MoHFW/data.gov.in),2026-08-19T17:39:10.719610+00:00,2017 (historical; not live availability)
official_1680,B.P. Civil Hospital Blood Bank,Nagaon,Nagaon,Assam,26.344942,92.689464,Esri India Blood Bank Directory 2017 (MoHFW/data.gov.in),2026-08-19T17:39:10.719610+00:00,2017 (historical; not live availability)
official_1681,Ganga Hospital Blood Bank,Guwahati,Kamrup Metro,Assam,26.172081,91.759992,Esri India Blood Bank Directory 2017 (MoHFW/data.gov.in),2026-08-19T17:39:10.719610+00:00,2017 (historical; not live availability)
official_1682,District Hospital Blood Bank Kolasib,Kolasib,Kolasib,Mizoram,24.231419,92.676799,Esri India Blood Bank Directory 2017 (MoHFW/data.gov.in),2026-08-19T17:39:10.719610+00:00,2017 (historical; not live availability)
official_1683,Down Town Hospital Blood Bank ,Guwahati,Kamrup Metro,Assam,26.136151,91.796833,Esri India Blood Bank Directory 2017 (MoHFW/data.gov.in),2026-08-19T17:39:10.719610+00:00,2017 (historical; not live availability)
official_1684,S. M. K. Civil Hospital Blood Bank ,Nalbari,Nalbari,Assam,26.448222,91.435618,Esri India Blood Bank Directory 2017 (MoHFW/data.gov.in),2026-08-19T17:39:10.719610+00:00,2017 (historical; not live availability)
official_1685,I.N.H.S. Dhanvantri,Port Blair,South Andaman,Andaman And Nicobar Islands,11.649693,92.717418,Esri India Blood Bank Directory 2017 (MoHFW/data.gov.in),2026-08-19T17:39:10.719610+00:00,2017 (historical; not live availability)
official_1686,Lower Assam Hospital Blood Bank,Bongaigaon,Bongaigaon,Assam,26.492861,90.551479,Esri India Blood Bank Directory 2017 (MoHFW/data.gov.in),2026-08-19T17:39:10.719610+00:00,2017 (historical; not live availability)
official_1687,155 Base Hospital Blood Bank,Tezpur,Sonitpur,Assam,26.655397,92.787317,Esri India Blood Bank Directory 2017 (MoHFW/data.gov.in),2026-08-19T17:39:10.719610+00:00,2017 (historical; not live availability)
official_1688,Haji Abdul Majid Memorial Hospital and Research Centre Blood Bank,Hojai,Nagaon,Assam,26.015994,92.868186,Esri India Blood Bank Directory 2017 (MoHFW/data.gov.in),2026-08-19T17:39:10.719610+00:00,2017 (historical; not live availability)
official_1689,"J N Hospital Blood Bank,Serchhip",Serchhip,Serchhip,Mizoram,23.307946,92.856366,Esri India Blood Bank Directory 2017 (MoHFW/data.gov.in),2026-08-19T17:39:10.719610+00:00,2017 (historical; not live availability)
official_1690,Dispur Blood Bank,Guwahati,Kamrup,Assam,26.149823,91.786638,Esri India Blood Bank Directory 2017 (MoHFW/data.gov.in),2026-08-19T17:39:10.719610+00:00,2017 (historical; not live availability)
official_1691,District Hospital  Blood Bank Dharmanagar,Dharmanagar,North Tripura,Tripura,24.234,92.09507,Esri India Blood Bank Directory 2017 (MoHFW/data.gov.in),2026-08-19T17:39:10.719610+00:00,2017 (historical; not live availability)
official_1692,Bongaigaon Refinery (BRPL) Hospital Blood Bank ,Dhaligaon,Chirang,Assam,26.510577,90.522683,Esri India Blood Bank Directory 2017 (MoHFW/data.gov.in),2026-08-19T17:39:10.719610+00:00,2017 (historical; not live availability)
official_1693," Regional Blood Bank, East Khasi Hills - Pasteur Institute",Shillong,East Khasi Hills,Meghalaya,25.583606,91.884132,Esri India Blood Bank Directory 2017 (MoHFW/data.gov.in),2026-08-19T17:39:10.719610+00:00,2017 (historical; not live availability)
official_1694,Nazareth Hospital Blood Bank ,Shillong ,East Khasi Hills,Meghalaya,25.571321,91.897913,Esri India Blood Bank Directory 2017 (MoHFW/data.gov.in),2026-08-19T17:39:10.719610+00:00,2017 (historical; not live availability)
official_1695,Dr. B. Borooah Cancer Institute Blood Bank,Guwahati,Kamrup Metro,Assam,26.165087,91.747674,Esri India Blood Bank Directory 2017 (MoHFW/data.gov.in),2026-08-19T17:39:10.719610+00:00,2017 (historical; not live availability)
official_1696,Jowai Civil Hospital Blood Bank   ,Jowai,West Jaintia Hills,Meghalaya,25.438521,92.199331,Esri India Blood Bank Directory 2017 (MoHFW/data.gov.in),2026-08-19T17:39:10.719610+00:00,2017 (historical; not live availability)
official_1697,District Hospital Blood Bank Mamit,Mamit,Mamit,Mizoram,23.909365,92.494861,Esri India Blood Bank Directory 2017 (MoHFW/data.gov.in),2026-08-19T17:39:10.719610+00:00,2017 (historical; not live availability)
official_1698,Dr. H. Gordon Roberts Hospital Blood Bank,Shillong,East Khasi Hills,Meghalaya,25.584829,91.875283,Esri India Blood Bank Directory 2017 (MoHFW/data.gov.in),2026-08-19T17:39:10.719610+00:00,2017 (historical; not live availability)
official_1699,Solace Hospital and Research centre Pvt.Ltd Blood bank,Goalpara,Goalpara,Assam,26.164643,90.624877,Esri India Blood Bank Directory 2017 (MoHFW/data.gov.in),2026-08-19T17:39:10.719610+00:00,2017 (historical; not live availability)
official_1700,Sanjevani Hospital Blood Bank,Guwahati,Kamrup Metro,Assam,26.161206,91.70941,Esri India Blood Bank Directory 2017 (MoHFW/data.gov.in),2026-08-19T17:39:10.719610+00:00,2017 (historical; not live availability)
official_1701,Karimganj Civil Hospital Blood Bank,Karimganj,Karimganj,Assam,24.867595,92.361806,Esri India Blood Bank Directory 2017 (MoHFW/data.gov.in),2026-08-19T17:39:10.719610+00:00,2017 (historical; not live availability)
official_1702,Civil Hospital Blood Bank,Lunglei,Lunglei,Mizoram,22.886385,92.744135,Esri India Blood Bank Directory 2017 (MoHFW/data.gov.in),2026-08-19T17:39:10.719610+00:00,2017 (historical; not live availability)
official_1703,R.N.B. Civil Hospital Blood Bank,Kokrajhar,Kokrajhar,Assam,26.452881,89.976397,Esri India Blood Bank Directory 2017 (MoHFW/data.gov.in),2026-08-19T17:39:10.719610+00:00,2017 (historical; not live availability)
official_1704,Dhubri Civil Hospital Blood Bank,Dhubri,Dhubri,Assam,26.034365,89.963554,Esri India Blood Bank Directory 2017 (MoHFW/data.gov.in),2026-08-19T17:39:10.719610+00:00,2017 (historical; not live availability)
official_1705,District Hospital Gomati Blood Bank,Udaipur,Gomati,Tripura,23.554399,91.455532,Esri India Blood Bank Directory 2017 (MoHFW/data.gov.in),2026-08-19T17:39:10.719610+00:00,2017 (historical; not live availability)
official_1706,Assam Gujarat Voluntary Blood Bank and Research Centre,Guwahati,Kamrup Metro,Assam,26.176689,91.753784,Esri India Blood Bank Directory 2017 (MoHFW/data.gov.in),2026-08-19T17:39:10.719610+00:00,2017 (historical; not live availability)
official_1707,Silchar Medical College and Hospital Blood Bank,Silchar,Cachar,Assam,24.775578,92.794251,Esri India Blood Bank Directory 2017 (MoHFW/data.gov.in),2026-08-19T17:39:10.719610+00:00,2017 (historical; not live availability)
official_1708,Christian Hospital Blood Bank Serkawn,Serkawn,Lunglei,Mizoram,22.90691,92.758415,Esri India Blood Bank Directory 2017 (MoHFW/data.gov.in),2026-08-19T17:39:10.719610+00:00,2017 (historical; not live availability)
official_1709,District Hospital Blood Bank Lawngtlai,Lawngtlai,Lawngtlai,Mizoram,22.536684,92.888179,Esri India Blood Bank Directory 2017 (MoHFW/data.gov.in),2026-08-19T17:39:10.719610+00:00,2017 (historical; not live availability)
official_1710,Goalpara Civil Hospital Blood Bank,Goalpara,Goalpara,Assam,26.142267,90.610584,Esri India Blood Bank Directory 2017 (MoHFW/data.gov.in),2026-08-19T17:39:10.719610+00:00,2017 (historical; not live availability)
official_1711,Synod Hospital Blood Bank Durtlang,Aizawl,Aizawl,Mizoram,23.772714,92.731326,Esri India Blood Bank Directory 2017 (MoHFW/data.gov.in),2026-08-19T17:39:10.719610+00:00,2017 (historical; not live availability)
official_1712,ILS Hospital Blood Bank,Agartala,West Tripura,Tripura,23.867534,91.289606,Esri India Blood Bank Directory 2017 (MoHFW/data.gov.in),2026-08-19T17:39:10.719610+00:00,2017 (historical; not live availability)
official_1713,North Eastern Indira Gandhi Regional Institute of Health and Medical Sciences Blood Bank,Shillong,East Khasi Hills,Meghalaya,25.591485,91.940381,Esri India Blood Bank Directory 2017 (MoHFW/data.gov.in),2026-08-19T17:39:10.719610+00:00,2017 (historical; not live availability)
official_1714,Kanaklata Civil Hospital Blood Bank,Tezpur,Sonitpur,Assam,26.628524,92.796499,Esri India Blood Bank Directory 2017 (MoHFW/data.gov.in),2026-08-19T17:39:10.719610+00:00,2017 (historical; not live availability)
official_1715,Hayat Hospital Blood Bank,Guwahati,Kamrup,Assam,26.139171,91.746199,Esri India Blood Bank Directory 2017 (MoHFW/data.gov.in),2026-08-19T17:39:10.719610+00:00,2017 (historical; not live availability)
official_1716,151 Base Hospital Blood Bank,Guwahati,Kamrup Metro,Assam,26.104222,91.796169,Esri India Blood Bank Directory 2017 (MoHFW/data.gov.in),2026-08-19T17:39:10.719610+00:00,2017 (historical; not live availability)
official_1717,Bongaigaon Civil Hospital Blood Bank,Bongaigaon,Bongaigaon,Assam,26.456671,90.560234,Esri India Blood Bank Directory 2017 (MoHFW/data.gov.in),2026-08-19T17:39:10.719610+00:00,2017 (historical; not live availability)
official_1718,Rahman Hospital Private Limited Blood Bank,Guwahati,Kamrup,Assam,26.135133,91.809429,Esri India Blood Bank Directory 2017 (MoHFW/data.gov.in),2026-08-19T17:39:10.719610+00:00,2017 (historical; not live availability)
official_1719,Pillar Health Centre Blood Bank,Port Blair,South Andaman,Andaman And Nicobar Islands,11.653229,92.730714,Esri India Blood Bank Directory 2017 (MoHFW/data.gov.in),2026-08-19T17:39:10.719610+00:00,2017 (historical; not live availability)
official_1720,Fakhruddin Ali Ahmed (FAA) Medical College Hospital Blood Bank,Barpeta,Barpeta,Assam,26.323792,90.986661,Esri India Blood Bank Directory 2017 (MoHFW/data.gov.in),2026-08-19T17:39:10.719610+00:00,2017 (historical; not live availability)
official_1721,GNRC Institute of Medical Sciences Blood bank,Guwahati,Kamrup,Assam,26.202192,91.693312,Esri India Blood Bank Directory 2017 (MoHFW/data.gov.in),2026-08-19T17:39:10.719610+00:00,2017 (historical; not live availability)
official_1722,Civil Hospital Blood Bank Saiha,Saiha,Saiha,Mizoram,22.488391,92.982668,Esri India Blood Bank Directory 2017 (MoHFW/data.gov.in),2026-08-19T17:39:10.719610+00:00,2017 (historical; not live availability)
official_1723,Central Hospital N. F. Railway Blood Bank,Maligaon,Kamrup,Assam,26.151872,91.694899,Esri India Blood Bank Directory 2017 (MoHFW/data.gov.in),2026-08-19T17:39:10.719610+00:00,2017 (historical; not live availability)
official_1724,Bimal Singha Memorial Hospital Blood Bank,Kamalpur,Dhalai,Tripura,24.196139,91.831476,Esri India Blood Bank Directory 2017 (MoHFW/data.gov.in),2026-08-19T17:39:10.719610+00:00,2017 (historical; not live availability)
official_1725,Barak Blood Bank and Clinical Research Centre,Silchar,Cachar,Assam,24.808015,92.795242,Esri India Blood Bank Directory 2017 (MoHFW/data.gov.in),2026-08-19T17:39:10.719610+00:00,2017 (historical; not live availability)
official_1726,North East Blood Bank and Research Centre,Nagaon,Nagaon,Assam,26.344263,92.680991,Esri India Blood Bank Directory 2017 (MoHFW/data.gov.in),2026-08-19T17:39:10.719610+00:00,2017 (historical; not live availability)
official_1727,Civil Hospital Blood Bank Aizawl,Aizawl,Aizawl,Mizoram,23.732287,92.716561,Esri India Blood Bank Directory 2017 (MoHFW/data.gov.in),2026-08-19T17:39:10.719610+00:00,2017 (historical; not live availability)
official_1728,Guwahati Medical College and Hospital (GMCH) State of The Art Model Blood Bank,Guwahati,Kamrup Metro,Assam,26.159914,91.768498,Esri India Blood Bank Directory 2017 (MoHFW/data.gov.in),2026-08-19T17:39:10.719610+00:00,2017 (historical; not live availability)
official_1729,Haflong Civil Hospital Blood Bank ,Haflong,Dima Hasao,Assam,25.165653,93.024831,Esri India Blood Bank Directory 2017 (MoHFW/data.gov.in),2026-08-19T17:39:10.719610+00:00,2017 (historical; not live availability)
official_1730,G.N.R.C. Hospital Blood Bank,"Dispur, Guwahati",Kamrup Metro,Assam,26.1391,91.794024,Esri India Blood Bank Directory 2017 (MoHFW/data.gov.in),2026-08-19T17:39:10.719610+00:00,2017 (historical; not live availability)
official_1731,Narayana Hrudayalaya Limited Blood Bank,Guwahati,Kamrup Metro,Assam,26.20775,91.678242,Esri India Blood Bank Directory 2017 (MoHFW/data.gov.in),2026-08-19T17:39:10.719610+00:00,2017 (historical; not live availability)
official_1732,S. K. Roy Civil Hospital Blood Bank ,Hailakandi,Hailakandi,Assam,24.671769,92.563355,Esri India Blood Bank Directory 2017 (MoHFW/data.gov.in),2026-08-19T17:39:10.719610+00:00,2017 (historical; not live availability)
official_1733,International Hospital Blood Bank,Guwahati,Kamrup,Assam,26.154059,91.781267,Esri India Blood Bank Directory 2017 (MoHFW/data.gov.in),2026-08-19T17:39:10.719610+00:00,2017 (historical; not live availability)
official_1734,Military Hospital Blood Bank,Shillong,East Khasi Hills,Meghalaya,25.571624,91.873071,Esri India Blood Bank Directory 2017 (MoHFW/data.gov.in),2026-08-19T17:39:10.719610+00:00,2017 (historical; not live availability)
official_1735,Indian Red Cross Children Hospital Blood Bank,Silchar,Cachar,Assam,24.826127,92.796159,Esri India Blood Bank Directory 2017 (MoHFW/data.gov.in),2026-08-19T17:39:10.719610+00:00,2017 (historical; not live availability)
official_1736,Morigaon Civil Hospital Blood Bank,Morigaon,Morigaon,Assam,26.251646,92.354523,Esri India Blood Bank Directory 2017 (MoHFW/data.gov.in),2026-08-19T17:39:10.719610+00:00,2017 (historical; not live availability)
official_1737,R.G.M Hospital Blood Bank Unakoti ,Kailashahar,Unakoti,Tripura,24.304612,92.033366,Esri India Blood Bank Directory 2017 (MoHFW/data.gov.in),2026-08-19T17:39:10.719610+00:00,2017 (historical; not live availability)
official_1738,Mangaldoi Civil Hospital Blood Bank,Mangaldoi,Darrang,Assam,26.437551,92.036395,Esri India Blood Bank Directory 2017 (MoHFW/data.gov.in),2026-08-19T17:39:10.719610+00:00,2017 (historical; not live availability)
official_1739,Tripura Medical College and Dr. B.R.A.M. Teaching Hospital Blood Bank,Agartala,West Tripura,Tripura,23.783323,91.25688,Esri India Blood Bank Directory 2017 (MoHFW/data.gov.in),2026-08-19T17:39:10.719610+00:00,2017 (historical; not live availability)
official_1740,Tura Civil Hospital Blood Bank,Tura,West Garo Hills,Meghalaya,25.514811,90.203482,Esri India Blood Bank Directory 2017 (MoHFW/data.gov.in),2026-08-19T17:39:10.719610+00:00,2017 (historical; not live availability)
official_1741,G.B. Pant Hospital Blood bank,Port Blair,South Andaman,Andaman And Nicobar Islands,11.675442,92.747338,Esri India Blood Bank Directory 2017 (MoHFW/data.gov.in),2026-08-19T17:39:10.719610+00:00,2017 (historical; not live availability)
official_1742, Surakhya  Blood Bank ,Guwahati,Kamrup Metro,Assam,26.175065,91.75257,Esri India Blood Bank Directory 2017 (MoHFW/data.gov.in),2026-08-19T17:39:10.719610+00:00,2017 (historical; not live availability)
official_1743,Marwari Hospital and Research Centre Blood Bank,Guwahati,Kamrup Metro,Assam,26.172012,91.740106,Esri India Blood Bank Directory 2017 (MoHFW/data.gov.in),2026-08-19T17:39:10.719610+00:00,2017 (historical; not live availability)
official_1744,Tezpur Medical College Hospital Blood Bank ,Tezpur,Sonitpur,Assam,26.680968,92.653349,Esri India Blood Bank Directory 2017 (MoHFW/data.gov.in),2026-08-19T17:39:10.719610+00:00,2017 (historical; not live availability)
official_1745,Saharia&#39;s Path Lab & Blood Bank,Guwahati,Kamrup,Assam,26.16274,91.770664,Esri India Blood Bank Directory 2017 (MoHFW/data.gov.in),2026-08-19T17:39:10.719610+00:00,2017 (historical; not live availability)
official_1746,Tawang District Hospital Blood Bank,Tawang,Tawang,Arunachal Pradesh,27.588943,91.864896,Esri India Blood Bank Directory 2017 (MoHFW/data.gov.in),2026-08-19T17:39:10.719610+00:00,2017 (historical; not live availability)
official_1747,Mahendra Mohan Choudhury (MMC) Hospital  Blood Bank,Guwahati,Kamrup,Assam,26.185505,91.740485,Esri India Blood Bank Directory 2017 (MoHFW/data.gov.in),2026-08-19T17:39:10.719610+00:00,2017 (historical; not live availability)
official_1748,Singareni Collieries Co. Ltd Blood bank,Mandamarri,Adilabad,Telangana,19.063129,79.487441,Esri India Blood Bank Directory 2017 (MoHFW/data.gov.in),2026-08-19T17:39:10.719610+00:00,2017 (historical; not live availability)
official_1749,Perali Narasaiah Memorial Charitable Trust ,Khaleelwadi,Nizamabad,Telangana,18.674236,78.10156,Esri India Blood Bank Directory 2017 (MoHFW/data.gov.in),2026-08-19T17:39:10.719610+00:00,2017 (historical; not live availability)
official_1750,Ramakrishna Mission Ashram Blood Bank,Narayanpur,Narayanpur,Chhattisgarh,19.716626,81.229284,Esri India Blood Bank Directory 2017 (MoHFW/data.gov.in),2026-08-19T17:39:10.719610+00:00,2017 (historical; not live availability)
official_1751,Government Stanley Hospital Blood Bank,Chennai,Chennai,Tamil Nadu,13.105854,80.285439,Esri India Blood Bank Directory 2017 (MoHFW/data.gov.in),2026-08-19T17:39:10.719610+00:00,2017 (historical; not live availability)
official_1752,S.B.Voluntary Blood Bank,Khaleelwadi,Nizamabad,Telangana,18.673955,78.102653,Esri India Blood Bank Directory 2017 (MoHFW/data.gov.in),2026-08-19T17:39:10.719610+00:00,2017 (historical; not live availability)
official_1753,The Singareni Collieries Co. Ltd,R.K puram,Adilabad,Telangana,19.664062,78.532011,Esri India Blood Bank Directory 2017 (MoHFW/data.gov.in),2026-08-19T17:39:10.719610+00:00,2017 (historical; not live availability)
official_1754,Rotary Blood Bank,Chennai,Chennai,Tamil Nadu,12.98107,80.195475,Esri India Blood Bank Directory 2017 (MoHFW/data.gov.in),2026-08-19T17:39:10.719610+00:00,2017 (historical; not live availability)
official_1755,Sub-District Rural Hospital Blood Bank,Gadchiroli,Gadchiroli,Maharashtra,19.414671,80.003753,Esri India Blood Bank Directory 2017 (MoHFW/data.gov.in),2026-08-19T17:39:10.719610+00:00,2017 (historical; not live availability)
official_1756,Kanker District Hospital Blood Bank  ,Kanker,Kanker,Chhattisgarh,20.264724,81.495155,Esri India Blood Bank Directory 2017 (MoHFW/data.gov.in),2026-08-19T17:39:10.719610+00:00,2017 (historical; not live availability)
official_1757,NMDC Project Hospital Blood Bank,Kirandul,Dantewada,Chhattisgarh,18.634249,81.252895,Esri India Blood Bank Directory 2017 (MoHFW/data.gov.in),2026-08-19T17:39:10.719610+00:00,2017 (historical; not live availability)
official_1758,Prathima Institute of Medical Sciences Blood Bank,Nagnur,Karimnagar,Telangana,18.498565,79.151148,Esri India Blood Bank Directory 2017 (MoHFW/data.gov.in),2026-08-19T17:39:10.719610+00:00,2017 (historical; not live availability)
official_1759,NMDC Apollo Hospital Blood Bank,Bacheli,Dantewada,Chhattisgarh,18.703695,81.248612,Esri India Blood Bank Directory 2017 (MoHFW/data.gov.in),2026-08-19T17:39:10.719610+00:00,2017 (historical; not live availability)
official_1760,Rajiv Gandhi Institute of Medical Sciences Blood Bank,Adilabad,Adilabad,Telangana,19.664144,78.524732,Esri India Blood Bank Directory 2017 (MoHFW/data.gov.in),2026-08-19T17:39:10.719610+00:00,2017 (historical; not live availability)
official_1761,Indian Red Cross Society,Khaleelwadi,Nizamabad,Telangana,18.672505,78.094087,Esri India Blood Bank Directory 2017 (MoHFW/data.gov.in),2026-08-19T17:39:10.719610+00:00,2017 (historical; not live availability)
official_1762,Ankur Hospital Blood Bank,Chandrapur,Chandrapur,Maharashtra,19.970044,79.30788,Esri India Blood Bank Directory 2017 (MoHFW/data.gov.in),2026-08-19T17:39:10.719610+00:00,2017 (historical; not live availability)
official_1763,District Hospital Blood Bank Dantewada,Dantewada,Dantewada,Chhattisgarh,18.89362167,81.3504983,Esri India Blood Bank Directory 2017 (MoHFW/data.gov.in),2026-08-19T17:39:10.719610+00:00,2017 (historical; not live availability)
official_1764,Indian Red Cross Society Blood Bank,Mancherial,Adilabad,Telangana,18.87247,79.444699,Esri India Blood Bank Directory 2017 (MoHFW/data.gov.in),2026-08-19T17:39:10.719610+00:00,2017 (historical; not live availability)
official_1765,Indian Red Cross Society Blood Bank,Nirmal,Adilabad,Telangana,19.664062,78.532011,Esri India Blood Bank Directory 2017 (MoHFW/data.gov.in),2026-08-19T17:39:10.719610+00:00,2017 (historical; not live availability)
official_1766,Dr. Ninawe Blood Bank,Chandrapur,Chandrapur,Maharashtra,19.957547,79.295961,Esri India Blood Bank Directory 2017 (MoHFW/data.gov.in),2026-08-19T17:39:10.719610+00:00,2017 (historical; not live availability)
official_1767,Government RSRM Hospital,Chennai,Chennai,Tamil Nadu,13.108993,80.288403,Esri India Blood Bank Directory 2017 (MoHFW/data.gov.in),2026-08-19T17:39:10.719610+00:00,2017 (historical; not live availability)
official_1768,Singareni Collieries Co.Ltd Blood Bank,Godavarikhani,Karimnagar,Telangana,18.75955,79.481638,Esri India Blood Bank Directory 2017 (MoHFW/data.gov.in),2026-08-19T17:39:10.719610+00:00,2017 (historical; not live availability)
official_1769,The Government District Headquarters Hospital ,Khaleelwadi,Nizamabad,Telangana,18.675665,78.099084,Esri India Blood Bank Directory 2017 (MoHFW/data.gov.in),2026-08-19T17:39:10.719610+00:00,2017 (historical; not live availability)
official_1770,Base Hospital Blood Bank Barrackpore,Barrackpore,24 Paraganas North,West Bengal,22.767744,88.347009,Esri India Blood Bank Directory 2017 (MoHFW/data.gov.in),2026-08-19T17:39:10.719610+00:00,2017 (historical; not live availability)
official_1771,MIOT Hospital Blood Bank,Chennai,Chennai,Tamil Nadu,13.021971,80.186066,Esri India Blood Bank Directory 2017 (MoHFW/data.gov.in),2026-08-19T17:39:10.719610+00:00,2017 (historical; not live availability)
official_1772,Boga Parvathamma Blood Bank ,Kadapa,Y.S.R. (Kadapa),Andhra Pradesh,14.467354,78.824134,Esri India Blood Bank Directory 2017 (MoHFW/data.gov.in),2026-08-19T17:39:10.719610+00:00,2017 (historical; not live availability)
official_1773,Southern Railway Headquarters Hospital,Chennai,Chennai,Tamil Nadu,13.101967,80.232996,Esri India Blood Bank Directory 2017 (MoHFW/data.gov.in),2026-08-19T17:39:10.719610+00:00,2017 (historical; not live availability)
official_1774,The Tamil Nadu Dr. MGR Medical University Blood Bank,Guindy,Chennai,Tamil Nadu,13.009896,80.218188,Esri India Blood Bank Directory 2017 (MoHFW/data.gov.in),2026-08-19T17:39:10.719610+00:00,2017 (historical; not live availability)
official_1775,Indian Red Cross Society,Chittoor,Chittoor,Andhra Pradesh,13.217176,79.100329,Esri India Blood Bank Directory 2017 (MoHFW/data.gov.in),2026-08-19T17:39:10.719610+00:00,2017 (historical; not live availability)
official_1776,Muthukumaran Medical College Hospital and Research Institute,Chennai,Chennai,Tamil Nadu,13.017931,80.108969,Esri India Blood Bank Directory 2017 (MoHFW/data.gov.in),2026-08-19T17:39:10.719610+00:00,2017 (historical; not live availability)
official_1777,Shri Sathya Sai Medical College and Research Institute Blood Bank,Chengalpattu,Kanchipuram,Tamil Nadu,12.746312,80.132393,Esri India Blood Bank Directory 2017 (MoHFW/data.gov.in),2026-08-19T17:39:10.719610+00:00,2017 (historical; not live availability)
official_1778,Billroth Hospitals Limited Blood Bank,Chennai,Chennai,Tamil Nadu,13.075671,80.227297,Esri India Blood Bank Directory 2017 (MoHFW/data.gov.in),2026-08-19T17:39:10.719610+00:00,2017 (historical; not live availability)
official_1779,Dhanvandri Blood Bank and Research Centre of Sreemahalakshmi Charitable Health Trust,Chennai,Chennai,Tamil Nadu,13.031013,80.231629,Esri India Blood Bank Directory 2017 (MoHFW/data.gov.in),2026-08-19T17:39:10.719610+00:00,2017 (historical; not live availability)
official_1780,Madras Medical Mission(Institute of Cardio Vascular Diseses),Chennai,Chennai,Tamil Nadu,13.085812,80.187029,Esri India Blood Bank Directory 2017 (MoHFW/data.gov.in),2026-08-19T17:39:10.719610+00:00,2017 (historical; not live availability)
official_1781,Kanchi Kamakoti Child Trust Hospital Blood Bank,Chennai,Chennai,Tamil Nadu,13.057336,80.245785,Esri India Blood Bank Directory 2017 (MoHFW/data.gov.in),2026-08-19T17:39:10.719610+00:00,2017 (historical; not live availability)
official_1782,Rotary Central TTK Voluntary Health Services (Dr Raganathan Memorial Blood Bank),Chennai,Chennai,Tamil Nadu,13.002059,80.24716,Esri India Blood Bank Directory 2017 (MoHFW/data.gov.in),2026-08-19T17:39:10.719610+00:00,2017 (historical; not live availability)
official_1783,District Head Quarters Hospital Blood Bank. ,Chittoor,Chittoor,Andhra Pradesh,13.217176,79.100329,Esri India Blood Bank Directory 2017 (MoHFW/data.gov.in),2026-08-19T17:39:10.719610+00:00,2017 (historical; not live availability)
official_1784,ACS General Hospital ,Chennai,Chennai,Tamil Nadu,13.06852,80.131421,Esri India Blood Bank Directory 2017 (MoHFW/data.gov.in),2026-08-19T17:39:10.719610+00:00,2017 (historical; not live availability)
official_1785,SRM Medical College Hospital Blood Bank,Kattangulathur,Kanchipuram,Tamil Nadu,12.822849,80.048734,Esri India Blood Bank Directory 2017 (MoHFW/data.gov.in),2026-08-19T17:39:10.719610+00:00,2017 (historical; not live availability)
official_1786,Government Hospital Blood Bank,Ambur,Vellore,Tamil Nadu,12.786665,78.716928,Esri India Blood Bank Directory 2017 (MoHFW/data.gov.in),2026-08-19T17:39:10.719610+00:00,2017 (historical; not live availability)
official_1787,Institute of Obstetrics and Gynaecology Government Hospital for Women and Children,Chennai,Chennai,Tamil Nadu,13.073689,80.259207,Esri India Blood Bank Directory 2017 (MoHFW/data.gov.in),2026-08-19T17:39:10.719610+00:00,2017 (historical; not live availability)
official_1788,Government Peripheral Hospital Blood Bank,Chennai,Chennai,Tamil Nadu,13.095428,80.219317,Esri India Blood Bank Directory 2017 (MoHFW/data.gov.in),2026-08-19T17:39:10.719610+00:00,2017 (historical; not live availability)
official_1789,Government Hospital Blood Bank,Gudiyatham,Vellore,Tamil Nadu,12.945268,78.870574,Esri India Blood Bank Directory 2017 (MoHFW/data.gov.in),2026-08-19T17:39:10.719610+00:00,2017 (historical; not live availability)
official_1790,International Centre for Cardio Thoracic and Vascular Diseases,Chennai,Chennai,Tamil Nadu,13.076019,80.181451,Esri India Blood Bank Directory 2017 (MoHFW/data.gov.in),2026-08-19T17:39:10.719610+00:00,2017 (historical; not live availability)
official_1791,Sree Balaji General Hospital Blood Bank,Chrompet,Chennai,Tamil Nadu,12.954308,80.137703,Esri India Blood Bank Directory 2017 (MoHFW/data.gov.in),2026-08-19T17:39:10.719610+00:00,2017 (historical; not live availability)
official_1792,Government Head Quarters Hospital Blood Bank,Thiruvallur,Thiruvallur,Tamil Nadu,13.127649,79.91098,Esri India Blood Bank Directory 2017 (MoHFW/data.gov.in),2026-08-19T17:39:10.719610+00:00,2017 (historical; not live availability)
official_1793,Bharathiraja Speciality Hospital Blood Bank,Chennai,Chennai,Tamil Nadu,13.048082,80.245055,Esri India Blood Bank Directory 2017 (MoHFW/data.gov.in),2026-08-19T17:39:10.719610+00:00,2017 (historical; not live availability)
official_1794,CMC Hospital Blood Bank,Vellore,Vellore,Tamil Nadu,12.92504,79.136105,Esri India Blood Bank Directory 2017 (MoHFW/data.gov.in),2026-08-19T17:39:10.719610+00:00,2017 (historical; not live availability)
official_1795,Right Hospitals Blood Bank,Chennai,Chennai,Tamil Nadu,13.078914,80.240581,Esri India Blood Bank Directory 2017 (MoHFW/data.gov.in),2026-08-19T17:39:10.719610+00:00,2017 (historical; not live availability)
official_1796,Hindu Mission Hospital Blood Bank,Chennai,Chennai,Tamil Nadu,12.923848,80.113982,Esri India Blood Bank Directory 2017 (MoHFW/data.gov.in),2026-08-19T17:39:10.719610+00:00,2017 (historical; not live availability)
official_1797,CANCER INSTITUTE HOSPITAL BLOOD BANK,Adyar,Chennai,Tamil Nadu,13.005335,80.239623,Esri India Blood Bank Directory 2017 (MoHFW/data.gov.in),2026-08-19T17:39:10.719610+00:00,2017 (historical; not live availability)
official_1798, AA Lab Blood Bank,Chennai,Chennai,Tamil Nadu,13.054067,80.239828,Esri India Blood Bank Directory 2017 (MoHFW/data.gov.in),2026-08-19T17:39:10.719610+00:00,2017 (historical; not live availability)
official_1799,Government Hospital Blood Bank,Srisailam Project,Kurnool,Andhra Pradesh,16.0833,78.8667,Esri India Blood Bank Directory 2017 (MoHFW/data.gov.in),2026-08-19T17:39:10.719610+00:00,2017 (historical; not live availability)
official_1800,Sri Ramachandra Medical College and Research Institute Blood Bank,Chennai,Chennai,Tamil Nadu,13.038833,80.143534,Esri India Blood Bank Directory 2017 (MoHFW/data.gov.in),2026-08-19T17:39:10.719610+00:00,2017 (historical; not live availability)
official_1801,Chennai Port Trust Hospital Blood Bank,Chennai,Chennai,Tamil Nadu,13.085925,80.291757,Esri India Blood Bank Directory 2017 (MoHFW/data.gov.in),2026-08-19T17:39:10.719610+00:00,2017 (historical; not live availability)
official_1802,Government Hospital Tambaram Blood Bank,Tambaram,Kanchipuram,Tamil Nadu,12.9456,80.134345,Esri India Blood Bank Directory 2017 (MoHFW/data.gov.in),2026-08-19T17:39:10.719610+00:00,2017 (historical; not live availability)
official_1803,Jeevan Blood Bank and Research Centre,Chennai,Chennai,Tamil Nadu,13.064595,80.241688,Esri India Blood Bank Directory 2017 (MoHFW/data.gov.in),2026-08-19T17:39:10.719610+00:00,2017 (historical; not live availability)
official_1804,Apollo Hospitals Blood Bank,Chennai,Chennai,Tamil Nadu,13.071266,80.150603,Esri India Blood Bank Directory 2017 (MoHFW/data.gov.in),2026-08-19T17:39:10.719610+00:00,2017 (historical; not live availability)
official_1805,Deen Dayal Hospital Blood Bank,Thiruvallur,Kanchipuram,Tamil Nadu,13.177496,79.810762,Esri India Blood Bank Directory 2017 (MoHFW/data.gov.in),2026-08-19T17:39:10.719610+00:00,2017 (historical; not live availability)
official_1806, TTD Central Hospital Blood Bank,Tirupati,Chittoor,Andhra Pradesh,13.642148,79.421067,Esri India Blood Bank Directory 2017 (MoHFW/data.gov.in),2026-08-19T17:39:10.719610+00:00,2017 (historical; not live availability)
official_1807,Meenakshi Medical College Hospital and Research Institute Blood Bank,Kanchipuram,Kanchipuram,Tamil Nadu,12.872611,79.723864,Esri India Blood Bank Directory 2017 (MoHFW/data.gov.in),2026-08-19T17:39:10.719610+00:00,2017 (historical; not live availability)
official_1808,Annai Medical College and Hospital Blood Bank (Run by Sri Devi Karumari Amman Educational Trust),Kanchipuram,Kanchipuram,Tamil Nadu,12.97068,79.976376,Esri India Blood Bank Directory 2017 (MoHFW/data.gov.in),2026-08-19T17:39:10.719610+00:00,2017 (historical; not live availability)
official_1809,Vijaya Hospital Blood Bank,Chennai,Chennai,Tamil Nadu,13.049867,80.208392,Esri India Blood Bank Directory 2017 (MoHFW/data.gov.in),2026-08-19T17:39:10.719610+00:00,2017 (historical; not live availability)
official_1810,"Military Hospital Blood Bank, St. Thomas Mount",Chennai,Kanchipuram,Tamil Nadu,13.024872,80.199193,Esri India Blood Bank Directory 2017 (MoHFW/data.gov.in),2026-08-19T17:39:10.719610+00:00,2017 (historical; not live availability)
official_1811,Global Hospitals Blood Bank (A unit of Rabindranath GE Medical Association Pvt Ltd,Chennai,Chennai,Tamil Nadu,12.898506,80.206289,Esri India Blood Bank Directory 2017 (MoHFW/data.gov.in),2026-08-19T17:39:10.719610+00:00,2017 (historical; not live availability)
official_1812,Madras Egmore Lions Blood Bank and Research Foundation,Chennai,Chennai,Tamil Nadu,13.069705,80.260797,Esri India Blood Bank Directory 2017 (MoHFW/data.gov.in),2026-08-19T17:39:10.719610+00:00,2017 (historical; not live availability)
official_1813,Dr.Kamatchi Memorial and Blood Component Research Centre ,Chennai,Chennai,Tamil Nadu,12.949232,80.209635,Esri India Blood Bank Directory 2017 (MoHFW/data.gov.in),2026-08-19T17:39:10.719610+00:00,2017 (historical; not live availability)
official_1814,Government Kilpauk Medical College Hospital Blood Bank,Chennai,Chennai,Tamil Nadu,13.078315,80.243824,Esri India Blood Bank Directory 2017 (MoHFW/data.gov.in),2026-08-19T17:39:10.719610+00:00,2017 (historical; not live availability)
official_1815,Apollo Hospital Enterprises Limited Blood Bank,Chennai,Chennai,Tamil Nadu,13.063084,80.251472,Esri India Blood Bank Directory 2017 (MoHFW/data.gov.in),2026-08-19T17:39:10.719610+00:00,2017 (historical; not live availability)
official_1816,Evangelical Mission Hospital Blood Bank,Raipur,Raipur,Chhattisgarh,21.553982,81.79053,Esri India Blood Bank Directory 2017 (MoHFW/data.gov.in),2026-08-19T17:39:10.719610+00:00,2017 (historical; not live availability)
official_1817,Government Head Quarters Hospital Blood Bank,Walajapet,Vellore,Tamil Nadu,12.926168,79.356628,Esri India Blood Bank Directory 2017 (MoHFW/data.gov.in),2026-08-19T17:39:10.719610+00:00,2017 (historical; not live availability)
official_1818,Government Hospital Blood Bank,Gudur,Spsr Nellore,Andhra Pradesh,14.146545,79.848756,Esri India Blood Bank Directory 2017 (MoHFW/data.gov.in),2026-08-19T17:39:10.719610+00:00,2017 (historical; not live availability)
official_1819,St Thomas Blood Bank and Research Centre St Thomas Hospital,Chennai,Chennai,Tamil Nadu,13.012134,80.19625,Esri India Blood Bank Directory 2017 (MoHFW/data.gov.in),2026-08-19T17:39:10.719610+00:00,2017 (historical; not live availability)
official_1820,Madha Medical College and Hospital Blood Bank,Chennai,Chennai,Tamil Nadu,13.004678,80.112061,Esri India Blood Bank Directory 2017 (MoHFW/data.gov.in),2026-08-19T17:39:10.719610+00:00,2017 (historical; not live availability)
official_1821,ESI Hospital Blood Bank,Chennai,Chennai,Tamil Nadu,13.094828,80.240417,Esri India Blood Bank Directory 2017 (MoHFW/data.gov.in),2026-08-19T17:39:10.719610+00:00,2017 (historical; not live availability)
official_1822,The Institute of Child Health and Hospital for Children,Chennai,Chennai,Tamil Nadu,13.072798,80.258257,Esri India Blood Bank Directory 2017 (MoHFW/data.gov.in),2026-08-19T17:39:10.719610+00:00,2017 (historical; not live availability)
official_1823,Chettinad Hospital and Research Institute Blood Bank,Kelambakkam,Kanchipuram,Tamil Nadu,12.794973,80.216129,Esri India Blood Bank Directory 2017 (MoHFW/data.gov.in),2026-08-19T17:39:10.719610+00:00,2017 (historical; not live availability)
official_1824,ESIC Hospital And Occupational Diseases Centre Blood Bank,Chennai,Chennai,Tamil Nadu,13.034844,80.2083,Esri India Blood Bank Directory 2017 (MoHFW/data.gov.in),2026-08-19T17:39:10.719610+00:00,2017 (historical; not live availability)
official_1825,Government Kasthurbai Gandhi Hospital for Women & Children,Chennai,Chennai,Tamil Nadu,13.059296,80.278431,Esri India Blood Bank Directory 2017 (MoHFW/data.gov.in),2026-08-19T17:39:10.719610+00:00,2017 (historical; not live availability)
official_1826,Rajiv Gandhi Government General Hospital,Chennai,Chennai,Tamil Nadu,13.081279,80.27678,Esri India Blood Bank Directory 2017 (MoHFW/data.gov.in),2026-08-19T17:39:10.719610+00:00,2017 (historical; not live availability)
official_1827,Fortis Malar Hospitals Limited Blood Bank,Chennai,Chennai,Tamil Nadu,13.01006,80.258702,Esri India Blood Bank Directory 2017 (MoHFW/data.gov.in),2026-08-19T17:39:10.719610+00:00,2017 (historical; not live availability)
official_1828,CSI Rainy Multi Speciality Hospital,Chennai,Chennai,Tamil Nadu,13.11812,80.290511,Esri India Blood Bank Directory 2017 (MoHFW/data.gov.in),2026-08-19T17:39:10.719610+00:00,2017 (historical; not live availability)
official_1829,Sree Venkateswara Blood Bank,Chennai,Chennai,Tamil Nadu,13.109828,80.281945,Esri India Blood Bank Directory 2017 (MoHFW/data.gov.in),2026-08-19T17:39:10.719610+00:00,2017 (historical; not live availability)
official_1830,Rajdhani Blood Bank,Raipur,Raipur,Chhattisgarh,21.244963,81.630129,Esri India Blood Bank Directory 2017 (MoHFW/data.gov.in),2026-08-19T17:39:10.719610+00:00,2017 (historical; not live availability)
official_1831,Landsteiner Lakshmi Memorial Research Foundation,Chennai,Chennai,Tamil Nadu,13.079435,80.257308,Esri India Blood Bank Directory 2017 (MoHFW/data.gov.in),2026-08-19T17:39:10.719610+00:00,2017 (historical; not live availability)
official_1832,Padmashree Dr. D.Y. Patil (Vishweshwar) Blood Bank,Pune,Pune,Maharashtra,18.624175,73.82126,Esri India Blood Bank Directory 2017 (MoHFW/data.gov.in),2026-08-19T17:39:10.719610+00:00,2017 (historical; not live availability)
official_1833,Apollo Speciality Hospital Blood Bank,Chennai,Chennai,Tamil Nadu,13.033595,80.24507,Esri India Blood Bank Directory 2017 (MoHFW/data.gov.in),2026-08-19T17:39:10.719610+00:00,2017 (historical; not live availability)
official_1834,Government Royapettah Hospital Blood Bank,Chennai,Chennai,Tamil Nadu,13.054709,80.265073,Esri India Blood Bank Directory 2017 (MoHFW/data.gov.in),2026-08-19T17:39:10.719610+00:00,2017 (historical; not live availability)
official_1835,Narayana Medical College & Hospital Blood Bank,Nellore,Spsr Nellore,Andhra Pradesh,14.442599,79.986456,Esri India Blood Bank Directory 2017 (MoHFW/data.gov.in),2026-08-19T17:39:10.719610+00:00,2017 (historical; not live availability)
official_1836,"Indian Red Cross Society, Madanapalli RCH 2",Madnapalli,Chittoor,Andhra Pradesh,13.556927,78.50085,Esri India Blood Bank Directory 2017 (MoHFW/data.gov.in),2026-08-19T17:39:10.719610+00:00,2017 (historical; not live availability)
official_1837,Blood Bank AH Madanapalli,Madanapalli,Chittoor,Andhra Pradesh,13.217176,79.100329,Esri India Blood Bank Directory 2017 (MoHFW/data.gov.in),2026-08-19T17:39:10.719610+00:00,2017 (historical; not live availability)
official_1838,Rakesh Jain Memorial Blood Bank,Pune,Pune,Maharashtra,18.510752,73.842158,Esri India Blood Bank Directory 2017 (MoHFW/data.gov.in),2026-08-19T17:39:10.719610+00:00,2017 (historical; not live availability)
official_1839,Kranti Mitra Mandal Charitable Trust Blood Bank,Pune,Pune,Maharashtra,18.501083,73.939062,Esri India Blood Bank Directory 2017 (MoHFW/data.gov.in),2026-08-19T17:39:10.719610+00:00,2017 (historical; not live availability)
official_1840,Civil Surgeon - Sarva Samanya Hospital Blood Bank,Satara,Satara,Maharashtra,17.691305,74.009424,Esri India Blood Bank Directory 2017 (MoHFW/data.gov.in),2026-08-19T17:39:10.719610+00:00,2017 (historical; not live availability)
official_1841,M/s. Balaji Blood Bank,Satara,Satara,Maharashtra,17.695093,74.010716,Esri India Blood Bank Directory 2017 (MoHFW/data.gov.in),2026-08-19T17:39:10.719610+00:00,2017 (historical; not live availability)
official_1842,Pimpari Serological Institute Blood Bank,Pune,Pune,Maharashtra,18.624322,73.807929,Esri India Blood Bank Directory 2017 (MoHFW/data.gov.in),2026-08-19T17:39:10.719610+00:00,2017 (historical; not live availability)
official_1843,Deenanath Mangeshkar Hospital Blood Bank,Pune,Pune,Maharashtra,18.502108,73.832232,Esri India Blood Bank Directory 2017 (MoHFW/data.gov.in),2026-08-19T17:39:10.719610+00:00,2017 (historical; not live availability)
official_1844,Poona Serological Institute Blood Bank,Pune,Pune,Maharashtra,18.516656,73.866532,Esri India Blood Bank Directory 2017 (MoHFW/data.gov.in),2026-08-19T17:39:10.719610+00:00,2017 (historical; not live availability)
official_1845,KEM Hospital Blood Bank,Pune,Pune,Maharashtra,18.519784,73.866906,Esri India Blood Bank Directory 2017 (MoHFW/data.gov.in),2026-08-19T17:39:10.719610+00:00,2017 (historical; not live availability)
official_1846,Armed Forces Blood Bank,Pune,Pune,Maharashtra,18.505159,73.889694,Esri India Blood Bank Directory 2017 (MoHFW/data.gov.in),2026-08-19T17:39:10.719610+00:00,2017 (historical; not live availability)
official_1847,"Poonam Janjagruti Sanstha Sanchit, Ashtavinayak Blood Bank",Ahmednagar,Ahmednagar,Maharashtra,19.117005,74.735872,Esri India Blood Bank Directory 2017 (MoHFW/data.gov.in),2026-08-19T17:39:10.719610+00:00,2017 (historical; not live availability)
official_1848,"Padmashri Dr. Vithalrao Vikhe Patil Foundation, Ahmednagar Medical College Hospital Blood Bank",Ahmednagar,Ahmednagar,Maharashtra,19.181403,74.689625,Esri India Blood Bank Directory 2017 (MoHFW/data.gov.in),2026-08-19T17:39:10.719610+00:00,2017 (historical; not live availability)
official_1849,Chakan Blood Bank,Pune,Pune,Maharashtra,18.762296,73.860866,Esri India Blood Bank Directory 2017 (MoHFW/data.gov.in),2026-08-19T17:39:10.719610+00:00,2017 (historical; not live availability)
official_1850,Chattrapati Shahu Maharaj Pratisthan,Pune,Pune,Maharashtra,18.466519,73.857679,Esri India Blood Bank Directory 2017 (MoHFW/data.gov.in),2026-08-19T17:39:10.719610+00:00,2017 (historical; not live availability)
official_1851,Ashoknagar Seva Samiti Blood Bank,Ashoknagar,Ashoknagar,Madhya Pradesh,18.510632,73.816224,Esri India Blood Bank Directory 2017 (MoHFW/data.gov.in),2026-08-19T17:39:10.719610+00:00,2017 (historical; not live availability)
official_1852,R.G Gholap Memorial Blood Bank,Pune,Pune,Maharashtra,18.487158,73.857098,Esri India Blood Bank Directory 2017 (MoHFW/data.gov.in),2026-08-19T17:39:10.719610+00:00,2017 (historical; not live availability)
official_1853,Krantiveer Chapekar Bandhu Blood Bank,Pune,Pune,Maharashtra,18.625689,73.784672,Esri India Blood Bank Directory 2017 (MoHFW/data.gov.in),2026-08-19T17:39:10.719610+00:00,2017 (historical; not live availability)
official_1854,Bharati Vidyapeeth Medical Foundation Blood Bank,Pune,Pune,Maharashtra,18.459914,73.855994,Esri India Blood Bank Directory 2017 (MoHFW/data.gov.in),2026-08-19T17:39:10.719610+00:00,2017 (historical; not live availability)
official_1855,Mauli Blood Bank,Latur,Latur,Maharashtra,18.451173,73.89143,Esri India Blood Bank Directory 2017 (MoHFW/data.gov.in),2026-08-19T17:39:10.719610+00:00,2017 (historical; not live availability)
official_1856,The New Century Medical & Education Foundation Trust - NCORD Blood Bank & Aphaeresis Centre,Pune,Pune,Maharashtra,18.56475,73.800994,Esri India Blood Bank Directory 2017 (MoHFW/data.gov.in),2026-08-19T17:39:10.719610+00:00,2017 (historical; not live availability)
official_1857,Chattrapati Shahu Maharaj Pratisthan Blood Bank,Pune,Pune,Maharashtra,18.466161,73.857642,Esri India Blood Bank Directory 2017 (MoHFW/data.gov.in),2026-08-19T17:39:10.719610+00:00,2017 (historical; not live availability)
official_1858,Pune Chest and General Hospital Blood Bank,Pune,Pune,Maharashtra,18.575032,73.80537,Esri India Blood Bank Directory 2017 (MoHFW/data.gov.in),2026-08-19T17:39:10.719610+00:00,2017 (historical; not live availability)
official_1859,Sasoon Sarvopchar Hospital Blood Bank,Pune,Pune,Maharashtra,18.515846,73.858714,Esri India Blood Bank Directory 2017 (MoHFW/data.gov.in),2026-08-19T17:39:10.719610+00:00,2017 (historical; not live availability)
official_1860,Military Hospital Blood Bank,Pathankot,Gurdaspur,Punjab,32.249222,75.647473,Esri India Blood Bank Directory 2017 (MoHFW/data.gov.in),2026-08-19T17:39:10.719610+00:00,2017 (historical; not live availability)
official_1861,Grant Medical Foundation A.H. Wadia Trust Blood Bank,Pune,Pune,Maharashtra,18.533369,73.876939,Esri India Blood Bank Directory 2017 (MoHFW/data.gov.in),2026-08-19T17:39:10.719610+00:00,2017 (historical; not live availability)
official_1862,Acharya Anandrushiji Blood Bank,Pune,Pune,Maharashtra,18.508647,73.844846,Esri India Blood Bank Directory 2017 (MoHFW/data.gov.in),2026-08-19T17:39:10.719610+00:00,2017 (historical; not live availability)
official_1863,Mauli Blood Bank Satara,Satara,Satara,Maharashtra,17.686084,74.007955,Esri India Blood Bank Directory 2017 (MoHFW/data.gov.in),2026-08-19T17:39:10.719610+00:00,2017 (historical; not live availability)
official_1864,Civil Surgeon General Hospital Blood Bank,Ahmednagar,Ahmednagar,Maharashtra,19.108046,74.73557,Esri India Blood Bank Directory 2017 (MoHFW/data.gov.in),2026-08-19T17:39:10.719610+00:00,2017 (historical; not live availability)
official_1865,Inlaks Budharani Hospital Blood Bank,Pune,Pune,Maharashtra,18.534391,73.887409,Esri India Blood Bank Directory 2017 (MoHFW/data.gov.in),2026-08-19T17:39:10.719610+00:00,2017 (historical; not live availability)
official_1866,Jankalyan Raktapedhi Pune,Pune,Pune,Maharashtra,18.50092,73.857531,Esri India Blood Bank Directory 2017 (MoHFW/data.gov.in),2026-08-19T17:39:10.719610+00:00,2017 (historical; not live availability)
official_1867,Indian Serological Institute Blood Bank,Pune,Pune,Maharashtra,18.506291,73.84264,Esri India Blood Bank Directory 2017 (MoHFW/data.gov.in),2026-08-19T17:39:10.719610+00:00,2017 (historical; not live availability)
official_1868,Noble Hospital Blood Bank,Pune,Pune,Maharashtra,18.505035,73.927256,Esri India Blood Bank Directory 2017 (MoHFW/data.gov.in),2026-08-19T17:39:10.719610+00:00,2017 (historical; not live availability)
official_1869,Sahiyadari Speciality Hospital Blood Bank,Pune,Pune,Maharashtra,18.513091,73.839308,Esri India Blood Bank Directory 2017 (MoHFW/data.gov.in),2026-08-19T17:39:10.719610+00:00,2017 (historical; not live availability)
official_1870,Smt Kashibai Navale General Hospital Blood Bank,Pune,Pune,Maharashtra,18.45624,73.822183,Esri India Blood Bank Directory 2017 (MoHFW/data.gov.in),2026-08-19T17:39:10.719610+00:00,2017 (historical; not live availability)
official_1871,"Jeevanraj Charitable Foundation,s Ahmednagar Blood Bank",Ahmednagar,Ahmednagar,Maharashtra,19.082959,74.760389,Esri India Blood Bank Directory 2017 (MoHFW/data.gov.in),2026-08-19T17:39:10.719610+00:00,2017 (historical; not live availability)
official_1872,Anand Rushiji Blood Bank,Ahmednagar,Ahmednagar,Maharashtra,19.080688,74.732289,Esri India Blood Bank Directory 2017 (MoHFW/data.gov.in),2026-08-19T17:39:10.719610+00:00,2017 (historical; not live availability)
official_1873,Phaltan Medical Foundation Blood Bank,Satara,Satara,Maharashtra,17.992317,74.42537,Esri India Blood Bank Directory 2017 (MoHFW/data.gov.in),2026-08-19T17:39:10.719610+00:00,2017 (historical; not live availability)
official_1874,Ekta Apang Vikas Sanstha Blood Bank,Pune,Pune,Maharashtra,18.477273,73.90302,Esri India Blood Bank Directory 2017 (MoHFW/data.gov.in),2026-08-19T17:39:10.719610+00:00,2017 (historical; not live availability)
official_1875,Indian Red Cross Society Blood Bank,Baramati,Pune,Maharashtra,18.152597,74.574996,Esri India Blood Bank Directory 2017 (MoHFW/data.gov.in),2026-08-19T17:39:10.719610+00:00,2017 (historical; not live availability)
official_1876,Jehangir Hospital Blood Bank,Pune,Pune,Maharashtra,18.530392,73.876808,Esri India Blood Bank Directory 2017 (MoHFW/data.gov.in),2026-08-19T17:39:10.719610+00:00,2017 (historical; not live availability)
official_1877,Akshay Blood Bank,Pune,Pune,Maharashtra,18.47143,73.959674,Esri India Blood Bank Directory 2017 (MoHFW/data.gov.in),2026-08-19T17:39:10.719610+00:00,2017 (historical; not live availability)
official_1878,Jankalyan Blood Bank Nalegaon,Ahmednagar,Ahmednagar,Maharashtra,18.501067,73.857499,Esri India Blood Bank Directory 2017 (MoHFW/data.gov.in),2026-08-19T17:39:10.719610+00:00,2017 (historical; not live availability)
official_1879,Akshay Blood Bank,Satara,Satara,Maharashtra,17.672028,74.021087,Esri India Blood Bank Directory 2017 (MoHFW/data.gov.in),2026-08-19T17:39:10.719610+00:00,2017 (historical; not live availability)
official_1880,Gurdaspur Civil Hospital Blood Bank,Gurdaspur,Gurdaspur,Punjab,32.040838,75.403333,Esri India Blood Bank Directory 2017 (MoHFW/data.gov.in),2026-08-19T17:39:10.719610+00:00,2017 (historical; not live availability)
official_1881,Phagwara Civil Hospital Blood bank,Phagwara,Kapurthala,Punjab,31.226118,75.76766,Esri India Blood Bank Directory 2017 (MoHFW/data.gov.in),2026-08-19T17:39:10.719610+00:00,2017 (historical; not live availability)
official_1882,Una Regional Hospital Blood Bank ,Una,Una,Himachal Pradesh,31.4785791,76.2741605,Esri India Blood Bank Directory 2017 (MoHFW/data.gov.in),2026-08-19T17:39:10.719610+00:00,2017 (historical; not live availability)
official_1883,Dayanand Medical College & Hospital Blood Bank,Ludhiana,Ludhiana,Punjab,30.916089,75.835767,Esri India Blood Bank Directory 2017 (MoHFW/data.gov.in),2026-08-19T17:39:10.719610+00:00,2017 (historical; not live availability)
official_1884,Fortis Hospital Blood Bank ,Ludhiana,Ludhiana,Punjab,30.889292,75.935144,Esri India Blood Bank Directory 2017 (MoHFW/data.gov.in),2026-08-19T17:39:10.719610+00:00,2017 (historical; not live availability)
official_1885,Satguru Pratap Singh Hospital (SPS) Blood Bank,Ludhiana,Ludhiana,Punjab,30.883346,75.887705,Esri India Blood Bank Directory 2017 (MoHFW/data.gov.in),2026-08-19T17:39:10.719610+00:00,2017 (historical; not live availability)
official_1886,Dasuya Civil Hospital Blood Bank,Dasuya,Hoshiarpur,Punjab,31.807263,75.665537,Esri India Blood Bank Directory 2017 (MoHFW/data.gov.in),2026-08-19T17:39:10.719610+00:00,2017 (historical; not live availability)
official_1887,Punjab Institute of Medical Sciences (PIMS) Blood Bank,Jalandhar ,Jalandhar,Punjab,31.306683,75.595821,Esri India Blood Bank Directory 2017 (MoHFW/data.gov.in),2026-08-19T17:39:10.719610+00:00,2017 (historical; not live availability)
official_1888,Johal Multispeciality Hospital Blood Bank,Jalandhar,Jalandhar,Punjab,31.321636,75.632472,Esri India Blood Bank Directory 2017 (MoHFW/data.gov.in),2026-08-19T17:39:10.719610+00:00,2017 (historical; not live availability)
official_1889,Kidney Hospital and LifeLine Medical Institutions Blood bank,Jalandhar,Jalandhar,Punjab,31.304465,75.587635,Esri India Blood Bank Directory 2017 (MoHFW/data.gov.in),2026-08-19T17:39:10.719610+00:00,2017 (historical; not live availability)
official_1890,Shivam Hospital Blood Bank,Hoshiarpur,Hoshiarpur,Punjab,31.520779,75.900469,Esri India Blood Bank Directory 2017 (MoHFW/data.gov.in),2026-08-19T17:39:10.719610+00:00,2017 (historical; not live availability)
official_1891,Patel Hospital Private Limited Blood Bank,Jalandhar,Jalandhar,Punjab,31.323729,75.578156,Esri India Blood Bank Directory 2017 (MoHFW/data.gov.in),2026-08-19T17:39:10.719610+00:00,2017 (historical; not live availability)
official_1892,Banga Civil Hospital Blood Bank ,Banga,Nawanshahr,Punjab,31.184344,75.995988,Esri India Blood Bank Directory 2017 (MoHFW/data.gov.in),2026-08-19T17:39:10.719610+00:00,2017 (historical; not live availability)
official_1893,Shri Guru Teg Bahadur Charitable Hospital,Ludhiana,Ludhiana,Punjab,31.302247,75.572492,Esri India Blood Bank Directory 2017 (MoHFW/data.gov.in),2026-08-19T17:39:10.719610+00:00,2017 (historical; not live availability)
official_1894,Sant Baba Rangi Ram Ji Charitable Hospital Blood Bank ,Hoshiarpur,Hoshiarpur,Punjab,31.675185,75.657103,Esri India Blood Bank Directory 2017 (MoHFW/data.gov.in),2026-08-19T17:39:10.719610+00:00,2017 (historical; not live availability)
official_1895,Kapurthala Civil Hospital Blood Bank ,Kapurthala,Kapurthala,Punjab,31.37571,75.381995,Esri India Blood Bank Directory 2017 (MoHFW/data.gov.in),2026-08-19T17:39:10.719610+00:00,2017 (historical; not live availability)
official_1896,Civil Hospital Blood Bank,Mandi Gobind Garh,Sangrur,Punjab,30.668559,76.294889,Esri India Blood Bank Directory 2017 (MoHFW/data.gov.in),2026-08-19T17:39:10.719610+00:00,2017 (historical; not live availability)
official_1897,Nakodar Civil Hospital Blood Bank ,Nakodar,Jalandhar,Punjab,31.128006,75.47587,Esri India Blood Bank Directory 2017 (MoHFW/data.gov.in),2026-08-19T17:39:10.719610+00:00,2017 (historical; not live availability)
official_1898,Ghai Hospital Blood Bank ,Jalandhar,Jalandhar,Punjab,31.307531,75.567277,Esri India Blood Bank Directory 2017 (MoHFW/data.gov.in),2026-08-19T17:39:10.719610+00:00,2017 (historical; not live availability)
official_1899,Military Hospital ,Jalandhar,Jalandhar,Punjab,31.2842844,75.6295921,Esri India Blood Bank Directory 2017 (MoHFW/data.gov.in),2026-08-19T17:39:10.719610+00:00,2017 (historical; not live availability)
official_1900,Red Cross Regional Blood Bank,Ludhiana,Ludhiana,Punjab,30.907375,75.841051,Esri India Blood Bank Directory 2017 (MoHFW/data.gov.in),2026-08-19T17:39:10.719610+00:00,2017 (historical; not live availability)
official_1901,Ohri Hospital Blood Bank,Jalandhar,Jalandhar,Punjab,31.324038,75.567511,Esri India Blood Bank Directory 2017 (MoHFW/data.gov.in),2026-08-19T17:39:10.719610+00:00,2017 (historical; not live availability)
official_1902,Dr. Kanwaljit Singh Grover (KSG) Memorial Blood Bank ,Jalandhar,Jalandhar,Punjab,31.3150872,75.5732243,Esri India Blood Bank Directory 2017 (MoHFW/data.gov.in),2026-08-19T17:39:10.719610+00:00,2017 (historical; not live availability)
official_1903,Chamba Regional Hospital Blood Bank ,Chamba,Chamba,Himachal Pradesh,32.558834,76.12246,Esri India Blood Bank Directory 2017 (MoHFW/data.gov.in),2026-08-19T17:39:10.719610+00:00,2017 (historical; not live availability)
official_1904,Shri Krishna Charitable Hospital Blood Bank,Ludhiana,Ludhiana,Punjab,30.888281,75.845858,Esri India Blood Bank Directory 2017 (MoHFW/data.gov.in),2026-08-19T17:39:10.719610+00:00,2017 (historical; not live availability)
official_1905,Capitol Hospital Blood Bank,Jalandhar,Jalandhar,Punjab,31.364442,75.597437,Esri India Blood Bank Directory 2017 (MoHFW/data.gov.in),2026-08-19T17:39:10.719610+00:00,2017 (historical; not live availability)
official_1906,Doda District Hospital Blood Bank ,Doda,Doda,Jammu and Kashmir,33.144377,75.543698,Esri India Blood Bank Directory 2017 (MoHFW/data.gov.in),2026-08-19T17:39:10.719610+00:00,2017 (historical; not live availability)
official_1907,Bhai Ghanaiya Ji Charitable Blood Bank and Hospital,Hoshiarpur,Hoshiarpur,Punjab,31.535364,75.901668,Esri India Blood Bank Directory 2017 (MoHFW/data.gov.in),2026-08-19T17:39:10.719610+00:00,2017 (historical; not live availability)
official_1908,Christian Medical College and Brown Memorial Hospital Blood Bank,Ludhiana,Ludhiana,Punjab,30.91067,75.863458,Esri India Blood Bank Directory 2017 (MoHFW/data.gov.in),2026-08-19T17:39:10.719610+00:00,2017 (historical; not live availability)
official_1909,"Blood Donors Council, Blood Bank ",Nawanshahar,Nawanshahr,Punjab,31.118537,76.116853,Esri India Blood Bank Directory 2017 (MoHFW/data.gov.in),2026-08-19T17:39:10.719610+00:00,2017 (historical; not live availability)
official_1910,Shree Devi Talab Mandir Charitable Hospital Blood Bank,Jalandhar,Jalandhar,Punjab,31.342787,75.581737,Esri India Blood Bank Directory 2017 (MoHFW/data.gov.in),2026-08-19T17:39:10.719610+00:00,2017 (historical; not live availability)
official_1911,Shree Ragunath Hospital Blood Bank,Ludhiana,Ludhiana,Punjab,30.888778,75.795876,Esri India Blood Bank Directory 2017 (MoHFW/data.gov.in),2026-08-19T17:39:10.719610+00:00,2017 (historical; not live availability)
official_1912,Kargil District Hospital (Kargil Ladakh Kashmir Division) Blood Bank ,Kargil ,Kargil,Jammu and Kashmir,34.559251,76.124874,Esri India Blood Bank Directory 2017 (MoHFW/data.gov.in),2026-08-19T17:39:10.719610+00:00,2017 (historical; not live availability)
official_1913,Phillaur Civil Hospital Blood Bank ,Phillaur,Jalandhar,Punjab,31.021583,75.790012,Esri India Blood Bank Directory 2017 (MoHFW/data.gov.in),2026-08-19T17:39:10.719610+00:00,2017 (historical; not live availability)
official_1914,Mukerian Civil Hospital Blood Bank,Mukerian,Hoshiarpur,Punjab,31.950081,75.613623,Esri India Blood Bank Directory 2017 (MoHFW/data.gov.in),2026-08-19T17:39:10.719610+00:00,2017 (historical; not live availability)
official_1915,Baba Budha Sabib Cardiac Centre (BBC) Heart Care & Pruthi Hospital Blood Bank,Jalandhar,Jalandhar,Punjab,31.317437,75.57421,Esri India Blood Bank Directory 2017 (MoHFW/data.gov.in),2026-08-19T17:39:10.719610+00:00,2017 (historical; not live availability)
official_1916,Command Hospital Blood Bank ,Udampur ,Udhampur,Jammu and Kashmir,32.930786,75.135348,Esri India Blood Bank Directory 2017 (MoHFW/data.gov.in),2026-08-19T17:39:10.719610+00:00,2017 (historical; not live availability)
official_1917,Maharaj Sawan Singh Charitable Hospital Blood Bank,Beas,Amritsar,Punjab,31.51633,75.288007,Esri India Blood Bank Directory 2017 (MoHFW/data.gov.in),2026-08-19T17:39:10.719610+00:00,2017 (historical; not live availability)
official_1918,Garhshankar Civil Hospital Blood Bank,Garshankar,Hoshiarpur,Punjab,31.213261,76.151158,Esri India Blood Bank Directory 2017 (MoHFW/data.gov.in),2026-08-19T17:39:10.719610+00:00,2017 (historical; not live availability)
official_1919,Indian Medical Association Blood Bank Hoshiarpur,Hoshiarpur,Hoshiarpur,Punjab,31.530798,75.90642,Esri India Blood Bank Directory 2017 (MoHFW/data.gov.in),2026-08-19T17:39:10.719610+00:00,2017 (historical; not live availability)
official_1920,Jalandhar Civil Hospital,Jalandhar,Jalandhar,Punjab,31.330707,75.565197,Esri India Blood Bank Directory 2017 (MoHFW/data.gov.in),2026-08-19T17:39:10.719610+00:00,2017 (historical; not live availability)
official_1921,Hoshiarpur Civil Hospital Blood Bank ,Hoshiarpur,Hoshiarpur,Punjab,31.530807,75.899503,Esri India Blood Bank Directory 2017 (MoHFW/data.gov.in),2026-08-19T17:39:10.719610+00:00,2017 (historical; not live availability)
official_1922,Ramban District Hospital Blood Bank ,Ramban,Ramban,Jammu and Kashmir,33.2420569,75.2392611,Esri India Blood Bank Directory 2017 (MoHFW/data.gov.in),2026-08-19T17:39:10.719610+00:00,2017 (historical; not live availability)
official_1923,Guru Nanak Mission Hospital Blood Bank,Dhahan Kaleeran,Nawanshahr,Punjab,31.193742,75.948973,Esri India Blood Bank Directory 2017 (MoHFW/data.gov.in),2026-08-19T17:39:10.719610+00:00,2017 (historical; not live availability)
official_1924,Sacred Heart Hospital Blood Bank ,Jalandhar,Jalandhar,Punjab,31.363857,75.550527,Esri India Blood Bank Directory 2017 (MoHFW/data.gov.in),2026-08-19T17:39:10.719610+00:00,2017 (historical; not live availability)
official_1925,Batala Civil Hospital Blood Bank ,Batala,Gurdaspur,Punjab,31.808527,75.215451,Esri India Blood Bank Directory 2017 (MoHFW/data.gov.in),2026-08-19T17:39:10.719610+00:00,2017 (historical; not live availability)
official_1926,Chintpurni Medical College and Hospital Blood Bank,Pathankot,Pathankot,Punjab,32.306064,75.757861,Esri India Blood Bank Directory 2017 (MoHFW/data.gov.in),2026-08-19T17:39:10.719610+00:00,2017 (historical; not live availability)
official_1927,Dr. B.L. Kapoor Memorial Hospital Blood Bank,Ludhiana,Ludhiana,Punjab,30.920492,75.849864,Esri India Blood Bank Directory 2017 (MoHFW/data.gov.in),2026-08-19T17:39:10.719610+00:00,2017 (historical; not live availability)
official_1928,Deep Nursing Home and Children Hospital Blood Bank,Ludhiana,Ludhiana,Punjab,30.88946,75.837507,Esri India Blood Bank Directory 2017 (MoHFW/data.gov.in),2026-08-19T17:39:10.719610+00:00,2017 (historical; not live availability)
official_1929,SGL Charitable Hospital Blood Bank,Jalandhar,Jalandhar,Punjab,31.301186,75.597155,Esri India Blood Bank Directory 2017 (MoHFW/data.gov.in),2026-08-19T17:39:10.719610+00:00,2017 (historical; not live availability)
official_1930,Tagore Hospital & Heart Care Center Blood Bank,Jalandhar,Jalandhar,Punjab,31.337046,75.563262,Esri India Blood Bank Directory 2017 (MoHFW/data.gov.in),2026-08-19T17:39:10.719610+00:00,2017 (historical; not live availability)
official_1931,District Combined Hospital Blood Bank,Baghpat,Baghpat,Uttar Pradesh,28.946386,77.21707,Esri India Blood Bank Directory 2017 (MoHFW/data.gov.in),2026-08-19T17:39:10.719610+00:00,2017 (historical; not live availability)
official_1932,Mohan Dai Oswal Cancer Treatment & Research Foundation Blood Bank,Ludhiana,Ludhiana,Punjab,30.890496,75.884942,Esri India Blood Bank Directory 2017 (MoHFW/data.gov.in),2026-08-19T17:39:10.719610+00:00,2017 (historical; not live availability)
official_1933,Ludhiana Civil Hospital Blood Bank ,Ludhiana,Ludhiana,Punjab,30.906634,75.859678,Esri India Blood Bank Directory 2017 (MoHFW/data.gov.in),2026-08-19T17:39:10.719610+00:00,2017 (historical; not live availability)
official_1934,Khanna Civil Hospital Blood Bank ,Khanna,Ludhiana,Punjab,30.703465,76.222834,Esri India Blood Bank Directory 2017 (MoHFW/data.gov.in),2026-08-19T17:39:10.719610+00:00,2017 (historical; not live availability)
official_1935,Pathankot Civil Hospital Blood Bank ,Pathankot,Pathankot,Punjab,32.2824637,75.6529524,Esri India Blood Bank Directory 2017 (MoHFW/data.gov.in),2026-08-19T17:39:10.719610+00:00,2017 (historical; not live availability)
official_1936,Deepak Memorial Hospital Blood Bank,Ludhiana,Ludhiana,Punjab,30.892357,75.811069,Esri India Blood Bank Directory 2017 (MoHFW/data.gov.in),2026-08-19T17:39:10.719610+00:00,2017 (historical; not live availability)
official_1937,Joshi Hospital and Trauma Centre Blood Bank,Jalandhar,Jalandhar,Punjab,31.334225,75.563308,Esri India Blood Bank Directory 2017 (MoHFW/data.gov.in),2026-08-19T17:39:10.719610+00:00,2017 (historical; not live availability)
official_1938,Kathua District Hospital Blood Bank ,Kathua ,Kathua,Jammu and Kashmir,32.390815,75.5252,Esri India Blood Bank Directory 2017 (MoHFW/data.gov.in),2026-08-19T17:39:10.719610+00:00,2017 (historical; not live availability)
official_1939,Dr Rajendra Prasad Government Medical College (RPGMC) Blood Bank Tanda,Kangra,Kangra,Himachal Pradesh,32.0982738,76.3007658,Esri India Blood Bank Directory 2017 (MoHFW/data.gov.in),2026-08-19T17:39:10.719610+00:00,2017 (historical; not live availability)
official_1940,Kapurthala Blood Donor Council Blood bank,Phagwara,Kapurthala,Punjab,31.219092,75.77041,Esri India Blood Bank Directory 2017 (MoHFW/data.gov.in),2026-08-19T17:39:10.719610+00:00,2017 (historical; not live availability)
official_1941,Kishtwar District Hospital Blood Bank  ,Kishtwar ,Kishtwar,Jammu and Kashmir,33.3139274,75.7681239,Esri India Blood Bank Directory 2017 (MoHFW/data.gov.in),2026-08-19T17:39:10.719610+00:00,2017 (historical; not live availability)
official_1942,Raipur Institute of Medical Science,Raipur,Raipur,Chhattisgarh,21.263176,81.637035,Esri India Blood Bank Directory 2017 (MoHFW/data.gov.in),2026-08-19T17:39:10.719610+00:00,2017 (historical; not live availability)
official_1943,"Indira Gandhi District Hospital Blood bank, Kobra",Korba,Korba,Chhattisgarh,22.364,82.744,Esri India Blood Bank Directory 2017 (MoHFW/data.gov.in),2026-08-19T17:39:10.719610+00:00,2017 (historical; not live availability)
official_1944,Christian Hospital Blood Bank,Mungeli,Mungeli,Chhattisgarh,22.070986,81.687633,Esri India Blood Bank Directory 2017 (MoHFW/data.gov.in),2026-08-19T17:39:10.719610+00:00,2017 (historical; not live availability)
official_1945,Chandulal Chandraker Memorial (C.C.M.) Medical College Blood Bank,Bhilai,Durg,Chhattisgarh,21.251525,81.337451,Esri India Blood Bank Directory 2017 (MoHFW/data.gov.in),2026-08-19T17:39:10.719610+00:00,2017 (historical; not live availability)
official_1946,"Central Hospital (MCL), Brajaraj Nagar",N/A,Jharsuguda,Odisha,21.8479363,83.9174688,Esri India Blood Bank Directory 2017 (MoHFW/data.gov.in),2026-08-19T17:39:10.719610+00:00,2017 (historical; not live availability)
official_1947,O.P. Jindal Hospital & Research Centre Blood Bank ,Raigarh,Raigarh,Chhattisgarh,21.927279,83.359147,Esri India Blood Bank Directory 2017 (MoHFW/data.gov.in),2026-08-19T17:39:10.719610+00:00,2017 (historical; not live availability)
official_1948,Bilaspur District Hospital Blood Bank ,Bilaspur,Bilaspur,Chhattisgarh,22.074225,82.158399,Esri India Blood Bank Directory 2017 (MoHFW/data.gov.in),2026-08-19T17:39:10.719610+00:00,2017 (historical; not live availability)
official_1949,District Hospital Balaghat,Balaghat,Balaghat,Madhya Pradesh,21.818351,80.182799,Esri India Blood Bank Directory 2017 (MoHFW/data.gov.in),2026-08-19T17:39:10.719610+00:00,2017 (historical; not live availability)
official_1950,VSS Medical College and Hospital Blood Bank,Sambalpur,Sambalpur,Odisha,21.501094,83.884655,Esri India Blood Bank Directory 2017 (MoHFW/data.gov.in),2026-08-19T17:39:10.719610+00:00,2017 (historical; not live availability)
official_1951,Bilasa Blood Bank,Raipur,Raipur,Chhattisgarh,21.25435,81.66339,Esri India Blood Bank Directory 2017 (MoHFW/data.gov.in),2026-08-19T17:39:10.719610+00:00,2017 (historical; not live availability)
official_1952,Chhattisgarh Insititute of Medical Sciences (CIMS) Blood Bank ,Bilaspur,Bilaspur,Chhattisgarh,22.087621,82.152265,Esri India Blood Bank Directory 2017 (MoHFW/data.gov.in),2026-08-19T17:39:10.719610+00:00,2017 (historical; not live availability)
official_1953,Community Welfare Society Hospital Blood Bank,Rourkela,Sundergarh,Odisha,22.255332,84.900917,Esri India Blood Bank Directory 2017 (MoHFW/data.gov.in),2026-08-19T17:39:10.719610+00:00,2017 (historical; not live availability)
official_1954,District Hospital Blood Bank,Betul,Betul,Madhya Pradesh,21.903381,77.898085,Esri India Blood Bank Directory 2017 (MoHFW/data.gov.in),2026-08-19T17:39:10.719610+00:00,2017 (historical; not live availability)
official_1955,WCL Badkui Hospital Chhindwara Blood Bank,Barkui,Chhindwara,Madhya Pradesh,22.113513,78.430952,Esri India Blood Bank Directory 2017 (MoHFW/data.gov.in),2026-08-19T17:39:10.719610+00:00,2017 (historical; not live availability)
official_1956,"Bilash Blood Bank,KORBA",Korba,Korba,Chhattisgarh,22.358763,82.7203479,Esri India Blood Bank Directory 2017 (MoHFW/data.gov.in),2026-08-19T17:39:10.719610+00:00,2017 (historical; not live availability)
official_1957,City Blood Bank,Raipur,Raipur,Chhattisgarh,21.240907,81.620688,Esri India Blood Bank Directory 2017 (MoHFW/data.gov.in),2026-08-19T17:39:10.719610+00:00,2017 (historical; not live availability)
official_1958,B.S.R. Cancer Hospital,Bhilai,Durg,Chhattisgarh,21.216312,81.322622,Esri India Blood Bank Directory 2017 (MoHFW/data.gov.in),2026-08-19T17:39:10.719610+00:00,2017 (historical; not live availability)
official_1959,Kawardha District Hospital Blood Bank  ,Kawardha,Kabirdham (Kawardha),Chhattisgarh,22.036,81.221,Esri India Blood Bank Directory 2017 (MoHFW/data.gov.in),2026-08-19T17:39:10.719610+00:00,2017 (historical; not live availability)
official_1960,"Odisha Red Cross Blood Bank, SDH, Bonai ",Sundargarh,Sundergarh,Odisha,21.819928,84.956534,Esri India Blood Bank Directory 2017 (MoHFW/data.gov.in),2026-08-19T17:39:10.719610+00:00,2017 (historical; not live availability)
official_1961,"Dr B R Ambedkar Memorial Hospital, Model Blood Bank",Raipur,Raipur,Chhattisgarh,21.25076,81.639,Esri India Blood Bank Directory 2017 (MoHFW/data.gov.in),2026-08-19T17:39:10.719610+00:00,2017 (historical; not live availability)
official_1962,District Hospital Blood Bank,Chhindwara,Chhindwara,Madhya Pradesh,22.052641,78.937218,Esri India Blood Bank Directory 2017 (MoHFW/data.gov.in),2026-08-19T17:39:10.719610+00:00,2017 (historical; not live availability)
official_1963,Bai Gangabai Ladies Hospital Blood Bank,Gondia,Gondia,Maharashtra,21.459648,80.196834,Esri India Blood Bank Directory 2017 (MoHFW/data.gov.in),2026-08-19T17:39:10.719610+00:00,2017 (historical; not live availability)
official_1964,Narayana Hrudayalaya MMI Blood Bank,Raipur,Raipur,Chhattisgarh,21.21327,81.65767,Esri India Blood Bank Directory 2017 (MoHFW/data.gov.in),2026-08-19T17:39:10.719610+00:00,2017 (historical; not live availability)
official_1965,District Hospital Blood Bank Mandla,Mandla,Mandla,Madhya Pradesh,22.596278,80.370388,Esri India Blood Bank Directory 2017 (MoHFW/data.gov.in),2026-08-19T17:39:10.719610+00:00,2017 (historical; not live availability)
official_1966,SSD Blood Bank,Raipur,Raipur,Chhattisgarh,21.235832,81.652249,Esri India Blood Bank Directory 2017 (MoHFW/data.gov.in),2026-08-19T17:39:10.719610+00:00,2017 (historical; not live availability)
official_1967,Civil Hospital Itarsi Blood Bank,Itarsi,Hoshangabad,Madhya Pradesh,22.361975,77.451276,Esri India Blood Bank Directory 2017 (MoHFW/data.gov.in),2026-08-19T17:39:10.719610+00:00,2017 (historical; not live availability)
official_1968,Shree Narayana Hospital Blood Bank,Raipur,Raipur,Chhattisgarh,21.263533,81.649825,Esri India Blood Bank Directory 2017 (MoHFW/data.gov.in),2026-08-19T17:39:10.719610+00:00,2017 (historical; not live availability)
official_1969,Ekta Blood Bank,Bilaspur,Bilaspur,Chhattisgarh,22.078658,82.145069,Esri India Blood Bank Directory 2017 (MoHFW/data.gov.in),2026-08-19T17:39:10.719610+00:00,2017 (historical; not live availability)
official_1970,WCL Hospital Blood Bank Pathakheda ,Pathakheda ,Betul,Madhya Pradesh,22.125155,78.142296,Esri India Blood Bank Directory 2017 (MoHFW/data.gov.in),2026-08-19T17:39:10.719610+00:00,2017 (historical; not live availability)
official_1971,"Shri Rawatpura Sarkar Lok Kalyan Trust, Bilasa Blood Bank ",Bilaspur,Bilaspur,Chhattisgarh,22.086695,82.152539,Esri India Blood Bank Directory 2017 (MoHFW/data.gov.in),2026-08-19T17:39:10.719610+00:00,2017 (historical; not live availability)
official_1972,Hi-Tech Medical college & Hospital Blood Bank,Rourkela ,Sundergarh,Odisha,22.223584,84.8296273,Esri India Blood Bank Directory 2017 (MoHFW/data.gov.in),2026-08-19T17:39:10.719610+00:00,2017 (historical; not live availability)
official_1973,District Hospital Blood Bank,Hoshangabad,Hoshangabad,Madhya Pradesh,22.452716,77.430707,Esri India Blood Bank Directory 2017 (MoHFW/data.gov.in),2026-08-19T17:39:10.719610+00:00,2017 (historical; not live availability)
official_1974,District Hospital Narsinghpur Blood Bank ,Narsinghpur,Narsinghpur,Madhya Pradesh,22.565735,79.110807,Esri India Blood Bank Directory 2017 (MoHFW/data.gov.in),2026-08-19T17:39:10.719610+00:00,2017 (historical; not live availability)
official_1975,Sai Sahara Blood Bank,Raipur,Raipur,Chhattisgarh,21.251385,81.629642,Esri India Blood Bank Directory 2017 (MoHFW/data.gov.in),2026-08-19T17:39:10.719610+00:00,2017 (historical; not live availability)
official_1976,Apollo Hospital Blood Bank ,Bilaspur,Bilaspur,Chhattisgarh,22.087007,82.177637,Esri India Blood Bank Directory 2017 (MoHFW/data.gov.in),2026-08-19T17:39:10.719610+00:00,2017 (historical; not live availability)
official_1977,"Catholic Mission Hospital Blood Bank, Bargarh",Bargarh,Bargarh,Odisha,21.331385,83.608727,Esri India Blood Bank Directory 2017 (MoHFW/data.gov.in),2026-08-19T17:39:10.719610+00:00,2017 (historical; not live availability)
official_1978,District Hospital Blood Bank Seoni,Seoni,Seoni,Madhya Pradesh,22.054391,79.330324,Esri India Blood Bank Directory 2017 (MoHFW/data.gov.in),2026-08-19T17:39:10.719610+00:00,2017 (historical; not live availability)
official_1979,Jesus Mary Hospital Blood Bank,Barapali,Sambalpur,Odisha,21.497281,83.969962,Esri India Blood Bank Directory 2017 (MoHFW/data.gov.in),2026-08-19T17:39:10.719610+00:00,2017 (historical; not live availability)
official_1980,Chhattisgarh Blood Bank,Raipur,Raipur,Chhattisgarh,21.246825,81.61188,Esri India Blood Bank Directory 2017 (MoHFW/data.gov.in),2026-08-19T17:39:10.719610+00:00,2017 (historical; not live availability)
official_1981,Sewa Blood Bank,Raigarh,Raigarh,Chhattisgarh,21.890931,83.3966244,Esri India Blood Bank Directory 2017 (MoHFW/data.gov.in),2026-08-19T17:39:10.719610+00:00,2017 (historical; not live availability)
official_1982,Aashirwad Blood Bank,Raipur,Raipur,Chhattisgarh,21.258245,81.66018,Esri India Blood Bank Directory 2017 (MoHFW/data.gov.in),2026-08-19T17:39:10.719610+00:00,2017 (historical; not live availability)
official_1983,Srishti Blood Bank,Raipur,Raipur,Chhattisgarh,21.247,81.656,Esri India Blood Bank Directory 2017 (MoHFW/data.gov.in),2026-08-19T17:39:10.719610+00:00,2017 (historical; not live availability)
official_1984,Agrawal Blood Bank,Balaghat,Balaghat,Madhya Pradesh,21.816763,80.189731,Esri India Blood Bank Directory 2017 (MoHFW/data.gov.in),2026-08-19T17:39:10.719610+00:00,2017 (historical; not live availability)
official_1985,Dr. Late Sadanadaji Burma Memorial Blood Bank,Amravati,Amravati,Maharashtra,21.298921,77.518316,Esri India Blood Bank Directory 2017 (MoHFW/data.gov.in),2026-08-19T17:39:10.719610+00:00,2017 (historical; not live availability)
official_1986,Rainbow Blood Bank,Nagpur,Nagpur,Maharashtra,21.133584,79.072736,Esri India Blood Bank Directory 2017 (MoHFW/data.gov.in),2026-08-19T17:39:10.719610+00:00,2017 (historical; not live availability)
official_1987,Sum Hospital Blood Bank,Bhubaneswar,Khordha,Odisha,20.283391,85.769625,Esri India Blood Bank Directory 2017 (MoHFW/data.gov.in),2026-08-19T17:39:10.719610+00:00,2017 (historical; not live availability)
official_1988,Durg District Hospital  Blood Bank,Durg,Durg,Chhattisgarh,21.187096,81.279227,Esri India Blood Bank Directory 2017 (MoHFW/data.gov.in),2026-08-19T17:39:10.719610+00:00,2017 (historical; not live availability)
official_1989,Jawaharlal Nehru Medical College Blood Bank,Wardha,Wardha,Maharashtra,20.715824,78.575564,Esri India Blood Bank Directory 2017 (MoHFW/data.gov.in),2026-08-19T17:39:10.719610+00:00,2017 (historical; not live availability)
official_1990,Indian Red Cross Society Blood Bank,Raipur,Raipur,Chhattisgarh,21.15,81.38,Esri India Blood Bank Directory 2017 (MoHFW/data.gov.in),2026-08-19T17:39:10.719610+00:00,2017 (historical; not live availability)
official_1991,Christanand Education Society Blood Bank,Chandrapur,Chandrapur,Maharashtra,20.607715,79.855757,Esri India Blood Bank Directory 2017 (MoHFW/data.gov.in),2026-08-19T17:39:10.719610+00:00,2017 (historical; not live availability)
official_1992,Aharya Harihar Red Cross Blood Bank,Puri,Puri,Odisha,19.814381,85.829648,Esri India Blood Bank Directory 2017 (MoHFW/data.gov.in),2026-08-19T17:39:10.719610+00:00,2017 (historical; not live availability)
official_1993,Super Speciality Hospital and Medical Post Graduate Institute Blood Bank,Nagpur,Nagpur,Maharashtra,21.123952,79.102367,Esri India Blood Bank Directory 2017 (MoHFW/data.gov.in),2026-08-19T17:39:10.719610+00:00,2017 (historical; not live availability)
official_1994,Kasturba Health Society Blood Bank,Wardha,Wardha,Maharashtra,20.739287,78.660927,Esri India Blood Bank Directory 2017 (MoHFW/data.gov.in),2026-08-19T17:39:10.719610+00:00,2017 (historical; not live availability)
official_1995,Civil Surgeon - General Hospital Blood Bank,Gadchiroli,Gadchiroli,Maharashtra,20.170208,79.982909,Esri India Blood Bank Directory 2017 (MoHFW/data.gov.in),2026-08-19T17:39:10.719610+00:00,2017 (historical; not live availability)
official_1996,Shri Vasantrao Naik Blood Bank ,Yavatmal,Yavatmal,Maharashtra,20.39524,78.118668,Esri India Blood Bank Directory 2017 (MoHFW/data.gov.in),2026-08-19T17:39:10.719610+00:00,2017 (historical; not live availability)
official_1997,Chandulal Chandrakar Memorial Hopsital Blood Bank,Durg,Durg,Chhattisgarh,21.200246,81.322665,Esri India Blood Bank Directory 2017 (MoHFW/data.gov.in),2026-08-19T17:39:10.719610+00:00,2017 (historical; not live availability)
official_1998,"Odisha Red Cross Blood Bank, SDH, Bhanjanagar",Bhanjanagar,Ganjam,Odisha,19.93655984,84.57996368,Esri India Blood Bank Directory 2017 (MoHFW/data.gov.in),2026-08-19T17:39:10.719610+00:00,2017 (historical; not live availability)
official_1999,"Odisha Red Cross Blood Bank, SDH, Dharmagarh",Dharmagarh,Kalahandi,Odisha,19.869351,82.781124,Esri India Blood Bank Directory 2017 (MoHFW/data.gov.in),2026-08-19T17:39:10.719610+00:00,2017 (historical; not live availability)
official_2000,"Odisha Red Cross Blood Bank, Nuapada",Nuapada,Nuapada,Odisha,20.808848,82.534107,Esri India Blood Bank Directory 2017 (MoHFW/data.gov.in),2026-08-19T17:39:10.719610+00:00,2017 (historical; not live availability)
official_2001,"Odisha Red Cross Blood Bank, Balangir",Balangir,Balangir,Odisha,20.707443,83.494856,Esri India Blood Bank Directory 2017 (MoHFW/data.gov.in),2026-08-19T17:39:10.719610+00:00,2017 (historical; not live availability)
official_2002,J.L.N Hospital & Research Center  Blood Bank,Durg,Durg,Chhattisgarh,21.189732,81.316117,Esri India Blood Bank Directory 2017 (MoHFW/data.gov.in),2026-08-19T17:39:10.719610+00:00,2017 (historical; not live availability)
official_2003,General Hospital Blood Bank,Chandrapur,Chandrapur,Maharashtra,19.953683,79.296742,Esri India Blood Bank Directory 2017 (MoHFW/data.gov.in),2026-08-19T17:39:10.719610+00:00,2017 (historical; not live availability)
official_2004,Badshah Khan General Hospital Blood Bank,Faridabad,Faridabad,Haryana,28.392623,77.299274,Esri India Blood Bank Directory 2017 (MoHFW/data.gov.in),2026-08-19T17:39:10.719610+00:00,2017 (historical; not live availability)
official_2005,Civil Hospital Bhandara Blood Bank,Bhandara,Bhandara,Maharashtra,21.162022,79.65973,Esri India Blood Bank Directory 2017 (MoHFW/data.gov.in),2026-08-19T17:39:10.719610+00:00,2017 (historical; not live availability)
official_2006,"Biju Padhnaik Red Cross Blood Bank, CHC Kantabanji",Kantabanji,Balangir,Odisha,20.468944,82.914898,Esri India Blood Bank Directory 2017 (MoHFW/data.gov.in),2026-08-19T17:39:10.719610+00:00,2017 (historical; not live availability)
official_2007,Kalinga Hospital Limited Blood Bank,Bhubaneswar,Khordha,Odisha,20.313722,85.818325,Esri India Blood Bank Directory 2017 (MoHFW/data.gov.in),2026-08-19T17:39:10.719610+00:00,2017 (historical; not live availability)
official_2008,"Odisha Red Cross Blood Bank, Bhubaneshwar Municipal Hospital",Bhubaneswar,Khordha,Odisha,20.230822,85.841899,Esri India Blood Bank Directory 2017 (MoHFW/data.gov.in),2026-08-19T17:39:10.719610+00:00,2017 (historical; not live availability)
official_2009,Nalco Hospital Blood Bank,N/A,Angul,Odisha,20.850763,85.152407,Esri India Blood Bank Directory 2017 (MoHFW/data.gov.in),2026-08-19T17:39:10.719610+00:00,2017 (historical; not live availability)
official_2010,Sant Gadgebaba Blood Bank and Component Centre Badnera,Amravati,Amravati,Maharashtra,20.794116,77.709547,Esri India Blood Bank Directory 2017 (MoHFW/data.gov.in),2026-08-19T17:39:10.719610+00:00,2017 (historical; not live availability)
official_2011,District Hospital Blood Bank Mahasamund,Mahasamund,Raigarh,Chhattisgarh,21.1193227,82.0743057,Esri India Blood Bank Directory 2017 (MoHFW/data.gov.in),2026-08-19T17:39:10.719610+00:00,2017 (historical; not live availability)
official_2012,"Odisha Red Cross Blood Bank, Boudh ",Boudh,Boudh,Odisha,20.840309,84.321603,Esri India Blood Bank Directory 2017 (MoHFW/data.gov.in),2026-08-19T17:39:10.719610+00:00,2017 (historical; not live availability)
official_2013,District General Hospital Blood Bank Amravati,Amravati,Amravati,Maharashtra,20.93386,77.760815,Esri India Blood Bank Directory 2017 (MoHFW/data.gov.in),2026-08-19T17:39:10.719610+00:00,2017 (historical; not live availability)
official_2014,Medical college& Hospital Blood Bank Rajnandgaon,Rajnandgaon,Rajnandgaon,Chhattisgarh,21.086463,81.030281,Esri India Blood Bank Directory 2017 (MoHFW/data.gov.in),2026-08-19T17:39:10.719610+00:00,2017 (historical; not live availability)
official_2015,Aishwarya Blood Bank,Yavatmal,Yavatmal,Maharashtra,20.389322,78.118544,Esri India Blood Bank Directory 2017 (MoHFW/data.gov.in),2026-08-19T17:39:10.719610+00:00,2017 (historical; not live availability)
official_2016,"Apollo Hospital Blood Bank, Bhubaneswar",Bhubaneswar,Khordha,Odisha,20.305593,85.831789,Esri India Blood Bank Directory 2017 (MoHFW/data.gov.in),2026-08-19T17:39:10.719610+00:00,2017 (historical; not live availability)
official_2017,"District - Civil Surgeon, General Hospital Blood Bank Wardha",Wardha,Wardha,Maharashtra,20.737833,78.603162,Esri India Blood Bank Directory 2017 (MoHFW/data.gov.in),2026-08-19T17:39:10.719610+00:00,2017 (historical; not live availability)
official_2018,Central India Institute of Haematology & Oncology&#39;s Blood & Blood Component Bank and Apheresis Unit,Nagpur,Nagpur,Maharashtra,21.134731,79.080223,Esri India Blood Bank Directory 2017 (MoHFW/data.gov.in),2026-08-19T17:39:10.719610+00:00,2017 (historical; not live availability)
official_2019,"NKP Salve Institute of Medical Science and Research Center (Lata Mangeshkar Hospital), Blood Bank",Nagpur,Nagpur,Maharashtra,21.144346,79.078848,Esri India Blood Bank Directory 2017 (MoHFW/data.gov.in),2026-08-19T17:39:10.719610+00:00,2017 (historical; not live availability)
official_2020,"Odisha Red Cross Blood Bank, Subarnapur",Sonepur,Sonepur,Odisha,20.843647,83.907,Esri India Blood Bank Directory 2017 (MoHFW/data.gov.in),2026-08-19T17:39:10.719610+00:00,2017 (historical; not live availability)
official_2021,"Odisha Red Cross Blood Bank, Jagatsinghpur",Jagatsinghpur,Jagatsinghpur,Odisha,20.251662,86.179783,Esri India Blood Bank Directory 2017 (MoHFW/data.gov.in),2026-08-19T17:39:10.719610+00:00,2017 (historical; not live availability)
official_2022,Sainath Blood Bank,Nagpur,Nagpur,Maharashtra,21.134294,79.076369,Esri India Blood Bank Directory 2017 (MoHFW/data.gov.in),2026-08-19T17:39:10.719610+00:00,2017 (historical; not live availability)
official_2023,"Odisha Red Cross Blood Bank, SDH, Titlagarh                    ",Titlagarh,Balangir,Odisha,20.2894944,83.1516406,Esri India Blood Bank Directory 2017 (MoHFW/data.gov.in),2026-08-19T17:39:10.719610+00:00,2017 (historical; not live availability)
official_2024,Jeevan Jyoti Blood Bank and Component,Nagpur,Nagpur,Maharashtra,21.123051,79.057149,Esri India Blood Bank Directory 2017 (MoHFW/data.gov.in),2026-08-19T17:39:10.719610+00:00,2017 (historical; not live availability)
official_2025,Lifeline Blood Bank Components and Apherisis Centre Blood Bank,Nagpur,Nagpur,Maharashtra,21.138999,79.063093,Esri India Blood Bank Directory 2017 (MoHFW/data.gov.in),2026-08-19T17:39:10.719610+00:00,2017 (historical; not live availability)
official_2026,Ekneel Blood Bank,Yavatmal,Yavatmal,Maharashtra,20.389322,78.118544,Esri India Blood Bank Directory 2017 (MoHFW/data.gov.in),2026-08-19T17:39:10.719610+00:00,2017 (historical; not live availability)
official_2027,"Odisha Red Cross Blood Bank, Kandhamal",Phulbani ,Kandhamal,Odisha,20.485796,84.224718,Esri India Blood Bank Directory 2017 (MoHFW/data.gov.in),2026-08-19T17:39:10.719610+00:00,2017 (historical; not live availability)
official_2028,Ayush Blood Bank and component Lab,Nagpur,Nagpur,Maharashtra,21.135231,79.072978,Esri India Blood Bank Directory 2017 (MoHFW/data.gov.in),2026-08-19T17:39:10.719610+00:00,2017 (historical; not live availability)
official_2029,Neheru Satabdi (N.S) Central Hospital Blood Bank,Talcher,Angul,Odisha,20.931088,85.173211,Esri India Blood Bank Directory 2017 (MoHFW/data.gov.in),2026-08-19T17:39:10.719610+00:00,2017 (historical; not live availability)
official_2030,"Odisha Red Cross Blood Bank, Patnagarh",Patnagarh,Balangir,Odisha,20.708494,83.129548,Esri India Blood Bank Directory 2017 (MoHFW/data.gov.in),2026-08-19T17:39:10.719610+00:00,2017 (historical; not live availability)
official_2031,Sub Divisional Hospital Talcher,Talcher,Angul,Odisha,20.946461,85.240965,Esri India Blood Bank Directory 2017 (MoHFW/data.gov.in),2026-08-19T17:39:10.719610+00:00,2017 (historical; not live availability)
official_2032,"Odisha Red Cross Blood Bank, Nayagarh ",Nayagarh,Nayagarh,Odisha,20.128058,85.107413,Esri India Blood Bank Directory 2017 (MoHFW/data.gov.in),2026-08-19T17:39:10.719610+00:00,2017 (historical; not live availability)
official_2033,Shri Balaji Blood Bank & component lab Amravati,Amravati,Amravati,Maharashtra,20.928177,77.756362,Esri India Blood Bank Directory 2017 (MoHFW/data.gov.in),2026-08-19T17:39:10.719610+00:00,2017 (historical; not live availability)
official_2034,Kalinga Institute of Medical Sciences (KIMS) Blood Bank,Bhubaneswar,Khordha,Odisha,20.353379,85.814853,Esri India Blood Bank Directory 2017 (MoHFW/data.gov.in),2026-08-19T17:39:10.719610+00:00,2017 (historical; not live availability)
official_2035,Dr. P.D.M.H.C. Hospital and Research Centre Blood Bank,Amravati,Amravati,Maharashtra,20.923,77.816645,Esri India Blood Bank Directory 2017 (MoHFW/data.gov.in),2026-08-19T17:39:10.719610+00:00,2017 (historical; not live availability)
official_2036,Dr. Hegdewar Blood Bank,Nagpur,Nagpur,Maharashtra,21.140579,79.060505,Esri India Blood Bank Directory 2017 (MoHFW/data.gov.in),2026-08-19T17:39:10.719610+00:00,2017 (historical; not live availability)
official_2037,Indian Red Cross Society Blood Bank. Narassraopet,Narasaraopeta,Guntur,Andhra Pradesh,16.235919,80.048412,Esri India Blood Bank Directory 2017 (MoHFW/data.gov.in),2026-08-19T17:39:10.719610+00:00,2017 (historical; not live availability)
official_2038,Dr. Hedgewar Blood Bank,Akola,Akola,Maharashtra,21.140578,79.060506,Esri India Blood Bank Directory 2017 (MoHFW/data.gov.in),2026-08-19T17:39:10.719610+00:00,2017 (historical; not live availability)
official_2039,Evangelical Hospital Blood Bank,Khariar,Nuapada,Odisha,20.3088467,82.7417943,Esri India Blood Bank Directory 2017 (MoHFW/data.gov.in),2026-08-19T17:39:10.719610+00:00,2017 (historical; not live availability)
official_2040,"Odisha Red Cross Blood Bank, Jajpur",Jaipur,Jajpur,Odisha,20.849463,86.328963,Esri India Blood Bank Directory 2017 (MoHFW/data.gov.in),2026-08-19T17:39:10.719610+00:00,2017 (historical; not live availability)
official_2041,AMRI Hospital Blood Bank,Bhubaneswar,Khordha,Odisha,20.260166,85.777769,Esri India Blood Bank Directory 2017 (MoHFW/data.gov.in),2026-08-19T17:39:10.719610+00:00,2017 (historical; not live availability)
official_2042,Shrirama Chandra Bhanj (SCB) Medical College Blood Bank,Cuttack,Cuttack,Odisha,20.473658,85.892097,Esri India Blood Bank Directory 2017 (MoHFW/data.gov.in),2026-08-19T17:39:10.719610+00:00,2017 (historical; not live availability)
official_2043,"Odisha Red Cross Blood Bank, Angul",Angul,Angul,Odisha,20.9211366,84.8567932,Esri India Blood Bank Directory 2017 (MoHFW/data.gov.in),2026-08-19T17:39:10.719610+00:00,2017 (historical; not live availability)
official_2044,"Odisha Red Cross Blood Bank, SDH, Padampur",Padampur,Bargarh,Odisha,20.999564,83.060982,Esri India Blood Bank Directory 2017 (MoHFW/data.gov.in),2026-08-19T17:39:10.719610+00:00,2017 (historical; not live availability)
official_2045,"Central Red Cross Blood Bank, Cuttack",Cuttack,Cuttack,Odisha,20.474804,85.888633,Esri India Blood Bank Directory 2017 (MoHFW/data.gov.in),2026-08-19T17:39:10.719610+00:00,2017 (historical; not live availability)
official_2046,Hi-Tech Medical College & Hospital Blood Bank,Bhubaneswar,Khordha,Odisha,20.300484,85.877272,Esri India Blood Bank Directory 2017 (MoHFW/data.gov.in),2026-08-19T17:39:10.719610+00:00,2017 (historical; not live availability)
official_2047,District Head Quarters Hospital Blood Bank Kendrapara,N/A,Kendrapara,Odisha,20.502151,86.425929,Esri India Blood Bank Directory 2017 (MoHFW/data.gov.in),2026-08-19T17:39:10.719610+00:00,2017 (historical; not live availability)
official_2048,"Odisha Red Cross Blood Bank, SDH, Athamallik",Athamallik,Angul,Odisha,21.20617844,84.93461609,Esri India Blood Bank Directory 2017 (MoHFW/data.gov.in),2026-08-19T17:39:10.719610+00:00,2017 (historical; not live availability)
official_2049,"Odisha Red Cross Blood Bank, Capital Hospital ",Bhubaneswar,Khordha,Odisha,20.260999,85.82211,Esri India Blood Bank Directory 2017 (MoHFW/data.gov.in),2026-08-19T17:39:10.719610+00:00,2017 (historical; not live availability)
official_2050,Indira Gandhi Medical College and Hospital Blood Bank,Nagpur,Nagpur,Maharashtra,21.153917,79.092894,Esri India Blood Bank Directory 2017 (MoHFW/data.gov.in),2026-08-19T17:39:10.719610+00:00,2017 (historical; not live availability)
official_2051,"Odisha Red Cross Blood Bank, Dhenkanal",Dhenkanal,Dhenkanal,Odisha,20.663314,85.597065,Esri India Blood Bank Directory 2017 (MoHFW/data.gov.in),2026-08-19T17:39:10.719610+00:00,2017 (historical; not live availability)
official_2052,Government Medical College Blood Bank Nagpur,Nagpur,Nagpur,Maharashtra,21.126097,79.097101,Esri India Blood Bank Directory 2017 (MoHFW/data.gov.in),2026-08-19T17:39:10.719610+00:00,2017 (historical; not live availability)
official_2053,Daga Memorial Women Government Hospital Blood Bank,Nagpur,Nagpur,Maharashtra,21.151511,79.105434,Esri India Blood Bank Directory 2017 (MoHFW/data.gov.in),2026-08-19T17:39:10.719610+00:00,2017 (historical; not live availability)
official_2054,Dhamtari District Hospital Blood Bank ,Dhamtari,Dhamtari,Chhattisgarh,20.707653,81.53949,Esri India Blood Bank Directory 2017 (MoHFW/data.gov.in),2026-08-19T17:39:10.719610+00:00,2017 (historical; not live availability)
official_2055,Dhamtari Christian Hospital,Dhamtari,Dhamtari,Chhattisgarh,20.718748,81.55154,Esri India Blood Bank Directory 2017 (MoHFW/data.gov.in),2026-08-19T17:39:10.719610+00:00,2017 (historical; not live availability)
official_2056,Vijaya Sri Blood Bank,Vijayawada,Krishna,Andhra Pradesh,16.51304,80.635644,Esri India Blood Bank Directory 2017 (MoHFW/data.gov.in),2026-08-19T17:39:10.719610+00:00,2017 (historical; not live availability)
official_2057,M/s. Life Line Volunytary Blood Bank,Ongole,Prakasam,Andhra Pradesh,15.481367,80.05908,Esri India Blood Bank Directory 2017 (MoHFW/data.gov.in),2026-08-19T17:39:10.719610+00:00,2017 (historical; not live availability)
official_2058,Red Cross Blood Bank,Repalle,Guntur,Andhra Pradesh,16.017425,80.829475,Esri India Blood Bank Directory 2017 (MoHFW/data.gov.in),2026-08-19T17:39:10.719610+00:00,2017 (historical; not live availability)
official_2059,"Smt CH. Manju Vani Vara Prasad, Lions District 316D Blood Bank ",Vijayawada,Krishna,Andhra Pradesh,16.510309,80.63251,Esri India Blood Bank Directory 2017 (MoHFW/data.gov.in),2026-08-19T17:39:10.719610+00:00,2017 (historical; not live availability)
official_2060,Rotary Red Cross Blood Bank,Vijayawada,Krishna,Andhra Pradesh,16.506174,80.648015,Esri India Blood Bank Directory 2017 (MoHFW/data.gov.in),2026-08-19T17:39:10.719610+00:00,2017 (historical; not live availability)
official_2061,Rudhira Voluntary Blood Bank,Tenali,Guntur,Andhra Pradesh,16.243428,80.646397,Esri India Blood Bank Directory 2017 (MoHFW/data.gov.in),2026-08-19T17:39:10.719610+00:00,2017 (historical; not live availability)
official_2062,M/s. Needs Blood Bank ,Guntur city,Guntur,Andhra Pradesh,16.29882,80.448888,Esri India Blood Bank Directory 2017 (MoHFW/data.gov.in),2026-08-19T17:39:10.719610+00:00,2017 (historical; not live availability)
official_2063,ASN Raju Charitable Trust Blood Bank,Bhimavaram,West Godavari,Andhra Pradesh,16.54391,81.516237,Esri India Blood Bank Directory 2017 (MoHFW/data.gov.in),2026-08-19T17:39:10.719610+00:00,2017 (historical; not live availability)
official_2064,Government General Hospital Blood Bank,Guntur,Guntur,Andhra Pradesh,16.299747,80.443689,Esri India Blood Bank Directory 2017 (MoHFW/data.gov.in),2026-08-19T17:39:10.719610+00:00,2017 (historical; not live availability)
official_2065,"M/S. Kims & Research Foundation, Hospital Blood Bank",Amalapuram,East Godavari,Andhra Pradesh,16.592169,82.024025,Esri India Blood Bank Directory 2017 (MoHFW/data.gov.in),2026-08-19T17:39:10.719610+00:00,2017 (historical; not live availability)
official_2066,Government District Headquarters Hospital machilipatnam blood bank,Vijayawada,Krishna,Andhra Pradesh,16.176867,81.138647,Esri India Blood Bank Directory 2017 (MoHFW/data.gov.in),2026-08-19T17:39:10.719610+00:00,2017 (historical; not live availability)
official_2067,Palakol Voluntary Blood Bank,Palakol,West Godavari,Andhra Pradesh,16.517455,81.725342,Esri India Blood Bank Directory 2017 (MoHFW/data.gov.in),2026-08-19T17:39:10.719610+00:00,2017 (historical; not live availability)
official_2068,M/s. Area Hospital Blood Bank,Chirala,Prakasam,Andhra Pradesh,15.825971,80.36127,Esri India Blood Bank Directory 2017 (MoHFW/data.gov.in),2026-08-19T17:39:10.719610+00:00,2017 (historical; not live availability)
official_2069,Manipal Hospital Bloodbank,Guntur Rural,Guntur,Andhra Pradesh,16.484433,80.617219,Esri India Blood Bank Directory 2017 (MoHFW/data.gov.in),2026-08-19T17:39:10.719610+00:00,2017 (historical; not live availability)
official_2070,Lions Blood Bank,Vijayawada,Krishna,Andhra Pradesh,16.506174,80.648015,Esri India Blood Bank Directory 2017 (MoHFW/data.gov.in),2026-08-19T17:39:10.719610+00:00,2017 (historical; not live availability)
official_2071,Indian Red Cross Society Blood Bank,Ongole,Prakasam,Andhra Pradesh,15.505723,80.049922,Esri India Blood Bank Directory 2017 (MoHFW/data.gov.in),2026-08-19T17:39:10.719610+00:00,2017 (historical; not live availability)
official_2072,Bethesda Blood Bank,Vijayawada,Krishna,Andhra Pradesh,16.512971,80.632664,Esri India Blood Bank Directory 2017 (MoHFW/data.gov.in),2026-08-19T17:39:10.719610+00:00,2017 (historical; not live availability)
official_2073,Anjireddy Multi Specality Blood Bank ,Piduguralla,Guntur,Andhra Pradesh,16.478789,79.893642,Esri India Blood Bank Directory 2017 (MoHFW/data.gov.in),2026-08-19T17:39:10.719610+00:00,2017 (historical; not live availability)
official_2074,Indian Red Cross Society,Guntur,Guntur,Andhra Pradesh,16.306653,80.43654,Esri India Blood Bank Directory 2017 (MoHFW/data.gov.in),2026-08-19T17:39:10.719610+00:00,2017 (historical; not live availability)
official_2075,M/s. Kanamarlapudi Koteswara Rao Indian Red Cross Society Blood Bank,Kavali,Spsr Nellore,Andhra Pradesh,14.913181,79.99298,Esri India Blood Bank Directory 2017 (MoHFW/data.gov.in),2026-08-19T17:39:10.719610+00:00,2017 (historical; not live availability)
official_2076,Uddaraju Anandaraju Foundation Blood Bank,Bhimavaram,West Godavari,Andhra Pradesh,16.543064,81.515731,Esri India Blood Bank Directory 2017 (MoHFW/data.gov.in),2026-08-19T17:39:10.719610+00:00,2017 (historical; not live availability)
official_2077,M/s. A.P.V.V.P Area Hospital Blood Bank  ,Amalapuram,East Godavari,Andhra Pradesh,16.575367,81.998101,Esri India Blood Bank Directory 2017 (MoHFW/data.gov.in),2026-08-19T17:39:10.719610+00:00,2017 (historical; not live availability)
official_2078,District Hospital Blood Bank ,Nandyal,Kurnool,Andhra Pradesh,15.469336,78.482935,Esri India Blood Bank Directory 2017 (MoHFW/data.gov.in),2026-08-19T17:39:10.719610+00:00,2017 (historical; not live availability)
official_2079,Yashoda Hospital and Research,Ghaziabad,Ghaziabad,Uttar Pradesh,28.66037,77.442026,Esri India Blood Bank Directory 2017 (MoHFW/data.gov.in),2026-08-19T17:39:10.719610+00:00,2017 (historical; not live availability)
official_2080,M/s. Chaitanya Blood Bank,Vijayawada,Krishna,Andhra Pradesh,16.498839,80.655488,Esri India Blood Bank Directory 2017 (MoHFW/data.gov.in),2026-08-19T17:39:10.719610+00:00,2017 (historical; not live availability)
official_2081,Saint Joseph General Hospital Blood Bank,Guntur city,Guntur,Andhra Pradesh,16.297514,80.440648,Esri India Blood Bank Directory 2017 (MoHFW/data.gov.in),2026-08-19T17:39:10.719610+00:00,2017 (historical; not live availability)
official_2082,Suraksha Voluntary Blood Bank,Vijayawada,Krishna,Andhra Pradesh,16.51343,80.632861,Esri India Blood Bank Directory 2017 (MoHFW/data.gov.in),2026-08-19T17:39:10.719610+00:00,2017 (historical; not live availability)
official_2083,Indian Red Cross Society Blood Bank narasapuram,Narasapuram,West Godavari,Andhra Pradesh,16.45196,81.680205,Esri India Blood Bank Directory 2017 (MoHFW/data.gov.in),2026-08-19T17:39:10.719610+00:00,2017 (historical; not live availability)
official_2084,District Hospital Blood Bank ,PRODDATUR,Y.S.R. (Kadapa),Andhra Pradesh,14.741621,78.550959,Esri India Blood Bank Directory 2017 (MoHFW/data.gov.in),2026-08-19T17:39:10.719610+00:00,2017 (historical; not live availability)
official_2085,NRI Medical College and General Hospital Blood Bank,Guntur Rural,Guntur,Andhra Pradesh,16.413675,80.555675,Esri India Blood Bank Directory 2017 (MoHFW/data.gov.in),2026-08-19T17:39:10.719610+00:00,2017 (historical; not live availability)
official_2086,Best Rotary Blood Bank,Tenali,Guntur,Andhra Pradesh,16.251179,80.64934,Esri India Blood Bank Directory 2017 (MoHFW/data.gov.in),2026-08-19T17:39:10.719610+00:00,2017 (historical; not live availability)
official_2087,Katuri Medical College and Hospital Blood Bank ,Guntur Rural,Guntur,Andhra Pradesh,16.227872,80.30947,Esri India Blood Bank Directory 2017 (MoHFW/data.gov.in),2026-08-19T17:39:10.719610+00:00,2017 (historical; not live availability)
official_2088,NRT Blood Bank,Narasaraopeta,Guntur,Andhra Pradesh,16.193331,80.019956,Esri India Blood Bank Directory 2017 (MoHFW/data.gov.in),2026-08-19T17:39:10.719610+00:00,2017 (historical; not live availability)
official_2089,Dr. Pattabhi Red Cross Blood Bank ,Machilipatnam,Krishna,Andhra Pradesh,16.190546,81.136154,Esri India Blood Bank Directory 2017 (MoHFW/data.gov.in),2026-08-19T17:39:10.719610+00:00,2017 (historical; not live availability)
official_2090,Sri Buddala Narasimhamurty Voluntary Blood Bank,Tanuku,West Godavari,Andhra Pradesh,16.414033,80.647085,Esri India Blood Bank Directory 2017 (MoHFW/data.gov.in),2026-08-19T17:39:10.719610+00:00,2017 (historical; not live availability)
official_2091,Indian Red Cross Society Blood bank,Markapur,Prakasam,Andhra Pradesh,15.736154,79.269125,Esri India Blood Bank Directory 2017 (MoHFW/data.gov.in),2026-08-19T17:39:10.719610+00:00,2017 (historical; not live availability)
official_2092,Area Hospital Blood Bank,Gudivada,Krishna,Andhra Pradesh,16.349045,81.049715,Esri India Blood Bank Directory 2017 (MoHFW/data.gov.in),2026-08-19T17:39:10.719610+00:00,2017 (historical; not live availability)
official_2093,Marwari Relief Society Blood Bank,Kolkata,Kolkata,West Bengal,22.5828594,88.3574931,Esri India Blood Bank Directory 2017 (MoHFW/data.gov.in),2026-08-19T17:39:10.719610+00:00,2017 (historical; not live availability)
official_2094,University General Hospital Blood Bank,Vijayawada,Krishna,Andhra Pradesh,16.516111,80.670085,Esri India Blood Bank Directory 2017 (MoHFW/data.gov.in),2026-08-19T17:39:10.719610+00:00,2017 (historical; not live availability)
official_2095,Indian Red Cross Society Blood Bank ,Guntur city,Guntur,Andhra Pradesh,16.306653,80.43654,Esri India Blood Bank Directory 2017 (MoHFW/data.gov.in),2026-08-19T17:39:10.719610+00:00,2017 (historical; not live availability)
official_2096,Government Hospital,Amalapuram,East Godavari,Andhra Pradesh,16.587432,82.008431,Esri India Blood Bank Directory 2017 (MoHFW/data.gov.in),2026-08-19T17:39:10.719610+00:00,2017 (historical; not live availability)
official_2097,District Hospital Blood Bank Shopian ,Shopian,Shopian,Jammu and Kashmir,33.7200624,74.8338034,Esri India Blood Bank Directory 2017 (MoHFW/data.gov.in),2026-08-19T17:39:10.719610+00:00,2017 (historical; not live availability)
official_2098,M/s. Belief Blood Bank,Ongole,Prakasam,Andhra Pradesh,15.481367,80.05908,Esri India Blood Bank Directory 2017 (MoHFW/data.gov.in),2026-08-19T17:39:10.719610+00:00,2017 (historical; not live availability)
official_2099,Kotkapura Civil Hospital Blood Bank,Kotkapura,Faridkot,Punjab,30.584713,74.820153,Esri India Blood Bank Directory 2017 (MoHFW/data.gov.in),2026-08-19T17:39:10.719610+00:00,2017 (historical; not live availability)
official_2100,M/s. RIMS General Hospital Blood Bank,Ongole,Prakasam,Andhra Pradesh,15.487882,80.047144,Esri India Blood Bank Directory 2017 (MoHFW/data.gov.in),2026-08-19T17:39:10.719610+00:00,2017 (historical; not live availability)
official_2101,Rajiv Gandhi Institute of Medical Sciences Blood Bank,Kadapa,Y.S.R. (Kadapa),Andhra Pradesh,15.133392,78.514102,Esri India Blood Bank Directory 2017 (MoHFW/data.gov.in),2026-08-19T17:39:10.719610+00:00,2017 (historical; not live availability)
official_2102,Dr. Pinnamaneni Siddhartha Insitiute of Medical Sciences & Research Foundation (Dr.P.SIMS & RF) Blood Bank  ,Vijayawada,Krishna,Andhra Pradesh,16.551655,80.832047,Esri India Blood Bank Directory 2017 (MoHFW/data.gov.in),2026-08-19T17:39:10.719610+00:00,2017 (historical; not live availability)
official_2103,Government Hospital Blood Bank Gandhi Nagar, Jammu ,Jammu,Jammu and Kashmir,32.705277,74.859974,Esri India Blood Bank Directory 2017 (MoHFW/data.gov.in),2026-08-19T17:39:10.719610+00:00,2017 (historical; not live availability)
official_2104,Rajouri District Hospital Blood Bank ,Rajouri,Rajouri,Jammu and Kashmir,33.3880811,74.316008,Esri India Blood Bank Directory 2017 (MoHFW/data.gov.in),2026-08-19T17:39:10.719610+00:00,2017 (historical; not live availability)
official_2105,Guru Gobind Singh Medical College Blood Bank Hospital Blood Bank,Faridkot,Faridkot,Punjab,30.681255,74.747606,Esri India Blood Bank Directory 2017 (MoHFW/data.gov.in),2026-08-19T17:39:10.719610+00:00,2017 (historical; not live availability)
official_2106,Acharya Shri Chander College of Medical Sciences and Hospital Blood Bank,Sidhara,Jammu,Jammu and Kashmir,32.760493,74.898955,Esri India Blood Bank Directory 2017 (MoHFW/data.gov.in),2026-08-19T17:39:10.719610+00:00,2017 (historical; not live availability)
official_2107,Fortis Hospital Limited Blood Bank,Amritsar,Amritsar,Punjab,31.664656,74.918134,Esri India Blood Bank Directory 2017 (MoHFW/data.gov.in),2026-08-19T17:39:10.719610+00:00,2017 (historical; not live availability)
official_2108,Dr. Anil Bhaghi Memorial Hospital Blood Bank,Ferozpur,Ferozpur,Punjab,30.9493,74.619453,Esri India Blood Bank Directory 2017 (MoHFW/data.gov.in),2026-08-19T17:39:10.719610+00:00,2017 (historical; not live availability)
official_2109,Jawahar Lal Nehru Memorial Hospital Blood Bank,Srinagar ,Srinagar,Jammu and Kashmir,34.097759,74.821651,Esri India Blood Bank Directory 2017 (MoHFW/data.gov.in),2026-08-19T17:39:10.719610+00:00,2017 (historical; not live availability)
official_2110,Baharampur District Hospital Blood Bank,Murshidabad,Murshidabad,West Bengal,24.088999,88.257123,Esri India Blood Bank Directory 2017 (MoHFW/data.gov.in),2026-08-19T17:39:10.719610+00:00,2017 (historical; not live availability)
official_2111, Government Lal Ded Hospital Blood Bank,Srinagar            ,Srinagar,Jammu and Kashmir,34.0667492,74.8081809,Esri India Blood Bank Directory 2017 (MoHFW/data.gov.in),2026-08-19T17:39:10.719610+00:00,2017 (historical; not live availability)
official_2112,Moga Civil Hospital Blood Bank ,Moga,Moga,Punjab,30.811673,75.169349,Esri India Blood Bank Directory 2017 (MoHFW/data.gov.in),2026-08-19T17:39:10.719610+00:00,2017 (historical; not live availability)
official_2113,Udhampur District Hospital Blood Bank ,Udhampur,Udhampur,Jammu and Kashmir,32.919922,75.132831,Esri India Blood Bank Directory 2017 (MoHFW/data.gov.in),2026-08-19T17:39:10.719610+00:00,2017 (historical; not live availability)
official_2114,Jallianwala Bagh Martyr&#39;s Memorial (JBMM) Civil Hospital Blood Bank,Amritsar,Amritsar,Punjab,31.633401,74.878894,Esri India Blood Bank Directory 2017 (MoHFW/data.gov.in),2026-08-19T17:39:10.719610+00:00,2017 (historical; not live availability)
official_2115,Chodana Sub-District Hospital Blood Bank, Budgam ,Budgam,Jammu and Kashmir,33.9429341,74.7993502,Esri India Blood Bank Directory 2017 (MoHFW/data.gov.in),2026-08-19T17:39:10.719610+00:00,2017 (historical; not live availability)
official_2116,Sri Maharaja Gulab Singh (SMGS) Hospital Blood Bank,Jammu ,Jammu,Jammu and Kashmir,32.733578,74.862023,Esri India Blood Bank Directory 2017 (MoHFW/data.gov.in),2026-08-19T17:39:10.719610+00:00,2017 (historical; not live availability)
official_2117,Bee Enn General Hospital Blood Bank,Jammu ,Jammu,Jammu and Kashmir,32.7297174,74.8411347,Esri India Blood Bank Directory 2017 (MoHFW/data.gov.in),2026-08-19T17:39:10.719610+00:00,2017 (historical; not live availability)
official_2118,Baramulla District Hospital Blood Bank,Baramulla,Baramulla,Jammu and Kashmir,34.2031312,74.3654033,Esri India Blood Bank Directory 2017 (MoHFW/data.gov.in),2026-08-19T17:39:10.719610+00:00,2017 (historical; not live availability)
official_2119,Guru Nanak Dev Hospital Blood bank,Amritsar,Amritsar,Punjab,31.649955,74.883616,Esri India Blood Bank Directory 2017 (MoHFW/data.gov.in),2026-08-19T17:39:10.719610+00:00,2017 (historical; not live availability)
official_2120,Handwara District Hospital Blood Bank,Handwara,Kupwara,Jammu and Kashmir,34.396437,74.284765,Esri India Blood Bank Directory 2017 (MoHFW/data.gov.in),2026-08-19T17:39:10.719610+00:00,2017 (historical; not live availability)
official_2121,Shri Guru Ram Das Charitable Hospital Blood Bank,Amritsar,Amritsar,Punjab,31.615001,74.882255,Esri India Blood Bank Directory 2017 (MoHFW/data.gov.in),2026-08-19T17:39:10.719610+00:00,2017 (historical; not live availability)
official_2122,Guru Tej Rasila Charitable Hospital,Amritsar,Amritsar,Punjab,31.640206,75.180095,Esri India Blood Bank Directory 2017 (MoHFW/data.gov.in),2026-08-19T17:39:10.719610+00:00,2017 (historical; not live availability)
official_2123,Guru Nanak Dev Super Speciality Hospital Blood Bank,Tarn Taran,Tarn Taran,Punjab,31.446706,74.937133,Esri India Blood Bank Directory 2017 (MoHFW/data.gov.in),2026-08-19T17:39:10.719610+00:00,2017 (historical; not live availability)
official_2124,Patti Civil Hospital Blood Bank ,Patti,Tarn Taran,Punjab,31.274623,74.853386,Esri India Blood Bank Directory 2017 (MoHFW/data.gov.in),2026-08-19T17:39:10.719610+00:00,2017 (historical; not live availability)
official_2125,Budgam District Hospital Blood Bank ,Budgam ,Budgam,Jammu and Kashmir,34.020827,74.719824,Esri India Blood Bank Directory 2017 (MoHFW/data.gov.in),2026-08-19T17:39:10.719610+00:00,2017 (historical; not live availability)
official_2126,Sri Guru Ram Das Institute of Medical Sciences and Research Blood bank,Amritsar,Amritsar,Punjab,31.635855,74.966905,Esri India Blood Bank Directory 2017 (MoHFW/data.gov.in),2026-08-19T17:39:10.719610+00:00,2017 (historical; not live availability)
official_2127,Kulgam District Hospital Blood Bank ,Kulgam ,Kulgam,Jammu and Kashmir,33.645305,75.026719,Esri India Blood Bank Directory 2017 (MoHFW/data.gov.in),2026-08-19T17:39:10.719610+00:00,2017 (historical; not live availability)
official_2128,Ferozpur Civil Hospital Blood Bank ,Ferozpur City,Ferozpur,Punjab,30.952504,74.607649,Esri India Blood Bank Directory 2017 (MoHFW/data.gov.in),2026-08-19T17:39:10.719610+00:00,2017 (historical; not live availability)
official_2129,District Hospital Blood Bank Sambha ,Samba,Samba,Jammu and Kashmir,32.560515,75.120911,Esri India Blood Bank Directory 2017 (MoHFW/data.gov.in),2026-08-19T17:39:10.719610+00:00,2017 (historical; not live availability)
official_2130,Green Avenue Blood Bank,Amritsar,Amritsar,Punjab,31.637056,74.856332,Esri India Blood Bank Directory 2017 (MoHFW/data.gov.in),2026-08-19T17:39:10.719610+00:00,2017 (historical; not live availability)
official_2131,Government Medical College and Hospital Blood Bank,Jammu ,Jammu,Jammu and Kashmir,32.736061,74.853998,Esri India Blood Bank Directory 2017 (MoHFW/data.gov.in),2026-08-19T17:39:10.719610+00:00,2017 (historical; not live availability)
official_2132,Government Bone and Joint Surgery Hospital Blood Bank,Srinagar ,Srinagar,Jammu and Kashmir,34.0481,74.80522,Esri India Blood Bank Directory 2017 (MoHFW/data.gov.in),2026-08-19T17:39:10.719610+00:00,2017 (historical; not live availability)
official_2133,Raja Sukhdev Singh District Hospital Poonch,Haveli,Poonch,Jammu and Kashmir,33.772293,74.098062,Esri India Blood Bank Directory 2017 (MoHFW/data.gov.in),2026-08-19T17:39:10.719610+00:00,2017 (historical; not live availability)
official_2134,Adhlakha Medical Center Blood Bank,Amritsar,Amritsar,Punjab,31.651164,74.874725,Esri India Blood Bank Directory 2017 (MoHFW/data.gov.in),2026-08-19T17:39:10.719610+00:00,2017 (historical; not live availability)
official_2135,Shri Maharaja Hari Singh (SMHS) Hospital Blood Bank, Srinagar ,Srinagar,Jammu and Kashmir,34.0862001,74.7977402,Esri India Blood Bank Directory 2017 (MoHFW/data.gov.in),2026-08-19T17:39:10.719610+00:00,2017 (historical; not live availability)
official_2136,Tarn Taran Civil Hospital Blood Bank ,Tarn Taran,Tarn Taran,Punjab,31.458838,74.923433,Esri India Blood Bank Directory 2017 (MoHFW/data.gov.in),2026-08-19T17:39:10.719610+00:00,2017 (historical; not live availability)
official_2137,MMAB memorial District Hospital  Blood Bank Anantnag,Anantnag,Anantnag,Jammu and Kashmir,33.7253569,75.153155,Esri India Blood Bank Directory 2017 (MoHFW/data.gov.in),2026-08-19T17:39:10.719610+00:00,2017 (historical; not live availability)
official_2138,Pulwama District Hospital Blood Bank ,Pulwama,Pulwama,Jammu and Kashmir,33.878861,74.900779,Esri India Blood Bank Directory 2017 (MoHFW/data.gov.in),2026-08-19T17:39:10.719610+00:00,2017 (historical; not live availability)
official_2139,Amandeep Blood Bank,Amritsar,Amritsar,Punjab,31.634549,74.859014,Esri India Blood Bank Directory 2017 (MoHFW/data.gov.in),2026-08-19T17:39:10.719610+00:00,2017 (historical; not live availability)
official_2140,Anil Blood Bank,Amritsar,Amritsar,Punjab,31.643995,74.86651,Esri India Blood Bank Directory 2017 (MoHFW/data.gov.in),2026-08-19T17:39:10.719610+00:00,2017 (historical; not live availability)
official_2141,District Hospital Blood Bank Ganderbal ,Ganderbal,Ganderbal,Jammu and Kashmir,34.1944531,74.652155,Esri India Blood Bank Directory 2017 (MoHFW/data.gov.in),2026-08-19T17:39:10.719610+00:00,2017 (historical; not live availability)
official_2142,92 Base Hospital Blood Bank, Srinagar            ,Srinagar,Jammu and Kashmir,34.06591,74.856181,Esri India Blood Bank Directory 2017 (MoHFW/data.gov.in),2026-08-19T17:39:10.719610+00:00,2017 (historical; not live availability)
official_2143,Muktsar Civil Hospital Blood Bank ,Muktsar,Sri Muktsar Sahib,Punjab,30.463286,74.537174,Esri India Blood Bank Directory 2017 (MoHFW/data.gov.in),2026-08-19T17:39:10.719610+00:00,2017 (historical; not live availability)
official_2144,Sher-I-Kashmir Institute of Medical Sciences (SKIMS) Blood bank,Srinagar ,Srinagar,Jammu and Kashmir,34.136677,74.800264,Esri India Blood Bank Directory 2017 (MoHFW/data.gov.in),2026-08-19T17:39:10.719610+00:00,2017 (historical; not live availability)
official_2145,Rotary Club New Panvel charitable Trust s Late Dr. B.V. Limaye Blood Bank,Raigad,Raigad,Maharashtra,19.008249,73.108321,Esri India Blood Bank Directory 2017 (MoHFW/data.gov.in),2026-08-19T17:39:10.719610+00:00,2017 (historical; not live availability)
official_2146,Vitthal Sayanna General Hospital (Civil Hospital) Blood Bank,Thane,Thane,Maharashtra,19.199056,72.978096,Esri India Blood Bank Directory 2017 (MoHFW/data.gov.in),2026-08-19T17:39:10.719610+00:00,2017 (historical; not live availability)
official_2147,Aditya Birla Memorial Hospital Blood Bank,Pune,Pune,Maharashtra,18.625716,73.774775,Esri India Blood Bank Directory 2017 (MoHFW/data.gov.in),2026-08-19T17:39:10.719610+00:00,2017 (historical; not live availability)
official_2148,V. N. Desai Municipal General Hospital Blood Bank,Mumbai,Mumbai,Maharashtra,19.078822,72.844994,Esri India Blood Bank Directory 2017 (MoHFW/data.gov.in),2026-08-19T17:39:10.719610+00:00,2017 (historical; not live availability)
official_2149,Kapoorben Vasanji Lathiya Blood Bank - Nanavati Hospital,Mumbai,Mumbai,Maharashtra,19.095831,72.840101,Esri India Blood Bank Directory 2017 (MoHFW/data.gov.in),2026-08-19T17:39:10.719610+00:00,2017 (historical; not live availability)
official_2150,Holy Spirit Hospital Blood Bank,Mumbai,Mumbai,Maharashtra,19.128442,72.866496,Esri India Blood Bank Directory 2017 (MoHFW/data.gov.in),2026-08-19T17:39:10.719610+00:00,2017 (historical; not live availability)
official_2151,Rajawadi Blood Bank - Seth V. C. Gandhi & M. A. Vora Municipal General Hospital,Mumbai,Mumbai,Maharashtra,19.079304,72.901693,Esri India Blood Bank Directory 2017 (MoHFW/data.gov.in),2026-08-19T17:39:10.719610+00:00,2017 (historical; not live availability)
official_2152,Lokmanya Tilak Municipal Hospital Blood Bank,Mumbai,Mumbai,Maharashtra,19.036984,72.859049,Esri India Blood Bank Directory 2017 (MoHFW/data.gov.in),2026-08-19T17:39:10.719610+00:00,2017 (historical; not live availability)
official_2153,Tata Memorial Hospital Blood Bank,Mumbai,Mumbai,Maharashtra,19.004856,72.842945,Esri India Blood Bank Directory 2017 (MoHFW/data.gov.in),2026-08-19T17:39:10.719610+00:00,2017 (historical; not live availability)
official_2154,Advanced Centre for Treatment Reasearch and Education in Cancer,Navi Mumbai,Raigad,Maharashtra,19.065019,73.064507,Esri India Blood Bank Directory 2017 (MoHFW/data.gov.in),2026-08-19T17:39:10.719610+00:00,2017 (historical; not live availability)
official_2155,Asian Heart Institute and Research Center,Mumbai,Mumbai,Maharashtra,19.065253,72.860832,Esri India Blood Bank Directory 2017 (MoHFW/data.gov.in),2026-08-19T17:39:10.719610+00:00,2017 (historical; not live availability)
official_2156,JVP Blood Bank and Transfusion Centre Blood Bank,Thane,Thane,Maharashtra,19.072305,73.000676,Esri India Blood Bank Directory 2017 (MoHFW/data.gov.in),2026-08-19T17:39:10.719610+00:00,2017 (historical; not live availability)
official_2157,Sir J.J.Mahanagar Rakthapedhi,Mumbai,Mumbai,Maharashtra,18.963334,72.832489,Esri India Blood Bank Directory 2017 (MoHFW/data.gov.in),2026-08-19T17:39:10.719610+00:00,2017 (historical; not live availability)
official_2158,Tssia Blood Bank,Thane,Thane,Maharashtra,19.194769,72.952884,Esri India Blood Bank Directory 2017 (MoHFW/data.gov.in),2026-08-19T17:39:10.719610+00:00,2017 (historical; not live availability)
official_2159,B. Y. L. Nair Hospital Blood Bank,Mumbai,Mumbai,Maharashtra,18.974279,72.822573,Esri India Blood Bank Directory 2017 (MoHFW/data.gov.in),2026-08-19T17:39:10.719610+00:00,2017 (historical; not live availability)
official_2160,Breach Candy Hospital And Research Centre Blood Bank,Mumbai,Mumbai,Maharashtra,18.972677,72.804312,Esri India Blood Bank Directory 2017 (MoHFW/data.gov.in),2026-08-19T17:39:10.719610+00:00,2017 (historical; not live availability)
official_2161,Bhabha Atomic Research Centre Hospital Blood Bank,Mumbai,Mumbai,Maharashtra,19.042464,72.914358,Esri India Blood Bank Directory 2017 (MoHFW/data.gov.in),2026-08-19T17:39:10.719610+00:00,2017 (historical; not live availability)
official_2162,Garware Blood Bank - Talegaon Rural Hospital,Pune,Pune,Maharashtra,18.735319,73.675984,Esri India Blood Bank Directory 2017 (MoHFW/data.gov.in),2026-08-19T17:39:10.719610+00:00,2017 (historical; not live availability)
official_2163,Matoshri Valbai Mulji Shah - Arpan Blood Bank,Mumbai,Mumbai,Maharashtra,19.142653,72.933304,Esri India Blood Bank Directory 2017 (MoHFW/data.gov.in),2026-08-19T17:39:10.719610+00:00,2017 (historical; not live availability)
official_2164,Hematology Laboratory Blood Bank,Mumbai,Mumbai,Maharashtra,19.183375,72.853442,Esri India Blood Bank Directory 2017 (MoHFW/data.gov.in),2026-08-19T17:39:10.719610+00:00,2017 (historical; not live availability)
official_2165,West Coast Blood Bank,Mumbai,Mumbai,Maharashtra,19.042954,72.84073,Esri India Blood Bank Directory 2017 (MoHFW/data.gov.in),2026-08-19T17:39:10.719610+00:00,2017 (historical; not live availability)
official_2166,Deepak Foundation&#39;s Anviksha Blood Bank,Mumbai,Mumbai,Maharashtra,19.082389,72.904481,Esri India Blood Bank Directory 2017 (MoHFW/data.gov.in),2026-08-19T17:39:10.719610+00:00,2017 (historical; not live availability)
official_2167,Sarvodaya Hospital Samarpan Blood Bank,Mumbai,Mumbai,Maharashtra,19.089801,72.907187,Esri India Blood Bank Directory 2017 (MoHFW/data.gov.in),2026-08-19T17:39:10.719610+00:00,2017 (historical; not live availability)
official_2168,Blood Line Blood Bank,Thane,Thane,Maharashtra,19.200762,72.97498,Esri India Blood Bank Directory 2017 (MoHFW/data.gov.in),2026-08-19T17:39:10.719610+00:00,2017 (historical; not live availability)
official_2169,Shree Sai Blood Bank & Component,Panvel,Raigad,Maharashtra,18.99397,73.106561,Esri India Blood Bank Directory 2017 (MoHFW/data.gov.in),2026-08-19T17:39:10.719610+00:00,2017 (historical; not live availability)
official_2170,M/s. Navi Mumbai Blood Bank,Navi Mumbai,Raigad,Maharashtra,19.034045,73.029533,Esri India Blood Bank Directory 2017 (MoHFW/data.gov.in),2026-08-19T17:39:10.719610+00:00,2017 (historical; not live availability)
official_2171,Kakasaheb Chitle Memorial Centre Sanchalit - Jankalyan Blood Bank,Mahad,Raigad,Maharashtra,18.082736,73.42265,Esri India Blood Bank Directory 2017 (MoHFW/data.gov.in),2026-08-19T17:39:10.719610+00:00,2017 (historical; not live availability)
official_2172,Kokilaben Dhirubhai Ambani Blood Bank,Mumbai,Mumbai,Maharashtra,19.131221,72.824772,Esri India Blood Bank Directory 2017 (MoHFW/data.gov.in),2026-08-19T17:39:10.719610+00:00,2017 (historical; not live availability)
official_2173,S. R. Mehta and Sir. K.P. Cardiac Institute Blood Bank,Mumbai,Mumbai,Maharashtra,19.032412,72.85958,Esri India Blood Bank Directory 2017 (MoHFW/data.gov.in),2026-08-19T17:39:10.719610+00:00,2017 (historical; not live availability)
official_2174,Borivali Blood Bank (Doshi Memorial Charitable Trust),Mumbai,Mumbai,Maharashtra,19.199816,72.845937,Esri India Blood Bank Directory 2017 (MoHFW/data.gov.in),2026-08-19T17:39:10.719610+00:00,2017 (historical; not live availability)
official_2175,Sai Seva Medical Foundation - Vaibhavlaxmi Blood Bank,Kolhapur,Kolhapur,Maharashtra,19.205274,72.840465,Esri India Blood Bank Directory 2017 (MoHFW/data.gov.in),2026-08-19T17:39:10.719610+00:00,2017 (historical; not live availability)
official_2176,Seven Hills Health Care Private Limited Hospital Blood Bank,Mumbai,Mumbai,Maharashtra,19.117797,72.87809,Esri India Blood Bank Directory 2017 (MoHFW/data.gov.in),2026-08-19T17:39:10.719610+00:00,2017 (historical; not live availability)
official_2177,Chidanand Charitable Trust Dombivali Blood Bank,Thane,Thane,Maharashtra,19.212614,73.088869,Esri India Blood Bank Directory 2017 (MoHFW/data.gov.in),2026-08-19T17:39:10.719610+00:00,2017 (historical; not live availability)
official_2178,K. E. M. Hospital Blood Bank,Mumbai,Mumbai,Maharashtra,19.001515,72.841877,Esri India Blood Bank Directory 2017 (MoHFW/data.gov.in),2026-08-19T17:39:10.719610+00:00,2017 (historical; not live availability)
official_2179,Suburban Hi-tech Blood Bank,Mumbai,Mumbai,Maharashtra,19.183781,72.849166,Esri India Blood Bank Directory 2017 (MoHFW/data.gov.in),2026-08-19T17:39:10.719610+00:00,2017 (historical; not live availability)
official_2180,Navi Mumbai Municipal Corporation Blood Bank,Thane,Thane,Maharashtra,19.082788,72.996027,Esri India Blood Bank Directory 2017 (MoHFW/data.gov.in),2026-08-19T17:39:10.719610+00:00,2017 (historical; not live availability)
official_2181,Dr. L. H. Hiranandani Hospital Blood Bank,Mumbai,Mumbai,Maharashtra,19.120591,72.917105,Esri India Blood Bank Directory 2017 (MoHFW/data.gov.in),2026-08-19T17:39:10.719610+00:00,2017 (historical; not live availability)
official_2182,Swami Dayanand Hospital Blood Bank,Delhi,North East Delhi,Delhi,28.678471,77.304087,Esri India Blood Bank Directory 2017 (MoHFW/data.gov.in),2026-08-19T17:39:10.719610+00:00,2017 (historical; not live availability)
official_2183,Arpan Blood Bank - Blood Component and Apheresis Centre Kolhapur,Kolhapur,Kolhapur,Maharashtra,19.189209,72.97706,Esri India Blood Bank Directory 2017 (MoHFW/data.gov.in),2026-08-19T17:39:10.719610+00:00,2017 (historical; not live availability)
official_2184,Sant Bhagat Singh Maharaj Ji Charitable Hospital Blood Bank,Faridabad,Faridabad,Haryana,28.383115,77.302218,Esri India Blood Bank Directory 2017 (MoHFW/data.gov.in),2026-08-19T17:39:10.719610+00:00,2017 (historical; not live availability)
official_2185,K. J. Somaiya Medical College and Hospital Blood Bank,Mumbai,Mumbai,Maharashtra,19.047282,72.874706,Esri India Blood Bank Directory 2017 (MoHFW/data.gov.in),2026-08-19T17:39:10.719610+00:00,2017 (historical; not live availability)
official_2186,Navjeevan Blood Bank,Thane,Thane,Maharashtra,19.187729,72.967926,Esri India Blood Bank Directory 2017 (MoHFW/data.gov.in),2026-08-19T17:39:10.719610+00:00,2017 (historical; not live availability)
official_2187,Masina Hospital Blood Bank,Mumbai,Mumbai,Maharashtra,18.974886,72.835711,Esri India Blood Bank Directory 2017 (MoHFW/data.gov.in),2026-08-19T17:39:10.719610+00:00,2017 (historical; not live availability)
official_2188,Shushrusha Citizens Co-operative Hospital Blood Bank,Mumbai,Mumbai,Maharashtra,19.023426,72.837899,Esri India Blood Bank Directory 2017 (MoHFW/data.gov.in),2026-08-19T17:39:10.719610+00:00,2017 (historical; not live availability)
official_2189,Kohinoor Hospital Blood Bank,Mumbai,Mumbai,Maharashtra,19.076212,72.886208,Esri India Blood Bank Directory 2017 (MoHFW/data.gov.in),2026-08-19T17:39:10.719610+00:00,2017 (historical; not live availability)
official_2190,S. L. Raheja Hospital Blood Bank,Mumbai,Mumbai,Maharashtra,19.046572,72.842207,Esri India Blood Bank Directory 2017 (MoHFW/data.gov.in),2026-08-19T17:39:10.719610+00:00,2017 (historical; not live availability)
official_2191,Indian Red Cross Society Bombay City Branch Blood Bank,Mumbai,Mumbai,Maharashtra,18.932476,72.836574,Esri India Blood Bank Directory 2017 (MoHFW/data.gov.in),2026-08-19T17:39:10.719610+00:00,2017 (historical; not live availability)
official_2192,District Civil Surgeon Blood Bank,Alibag,Raigad,Maharashtra,18.640782,72.871716,Esri India Blood Bank Directory 2017 (MoHFW/data.gov.in),2026-08-19T17:39:10.719610+00:00,2017 (historical; not live availability)
official_2193,Bombay Hospital Trust Blood Bank,Mumbai,Mumbai,Maharashtra,18.94103,72.82816,Esri India Blood Bank Directory 2017 (MoHFW/data.gov.in),2026-08-19T17:39:10.719610+00:00,2017 (historical; not live availability)
official_2194,Vaidhya Blood Bank,Thane,Thane,Maharashtra,19.187896,72.96724,Esri India Blood Bank Directory 2017 (MoHFW/data.gov.in),2026-08-19T17:39:10.719610+00:00,2017 (historical; not live availability)
official_2195,M. T. Agarwal Municipal General Hospital Blood Bank,Mumbai,Mumbai,Maharashtra,19.177861,72.946234,Esri India Blood Bank Directory 2017 (MoHFW/data.gov.in),2026-08-19T17:39:10.719610+00:00,2017 (historical; not live availability)
official_2196,INS - Ashwini Blood Bank,Mumbai,Mumbai,Maharashtra,18.901263,72.815698,Esri India Blood Bank Directory 2017 (MoHFW/data.gov.in),2026-08-19T17:39:10.719610+00:00,2017 (historical; not live availability)
official_2197,The B.D. Petit Parsee General Hospital Blood Bank,Mumbai,Mumbai,Maharashtra,18.968704,72.805743,Esri India Blood Bank Directory 2017 (MoHFW/data.gov.in),2026-08-19T17:39:10.719610+00:00,2017 (historical; not live availability)
official_2198,Manas Serological Institute Blood Bank,Mumbai,Mumbai,Maharashtra,19.13522,72.848108,Esri India Blood Bank Directory 2017 (MoHFW/data.gov.in),2026-08-19T17:39:10.719610+00:00,2017 (historical; not live availability)
official_2199,ESIC Model Hospital cum ODC Blood Bank,Mumbai,Mumbai,Maharashtra,19.118392,72.86724,Esri India Blood Bank Directory 2017 (MoHFW/data.gov.in),2026-08-19T17:39:10.719610+00:00,2017 (historical; not live availability)
official_2200,Fortis Hospital Blood Bank,Mumbai,Mumbai,Maharashtra,19.162122,72.942063,Esri India Blood Bank Directory 2017 (MoHFW/data.gov.in),2026-08-19T17:39:10.719610+00:00,2017 (historical; not live availability)
official_2201,K. B. Bhabha General Hospital Blood Bank,Mumbai,Mumbai,Maharashtra,19.057493,72.833636,Esri India Blood Bank Directory 2017 (MoHFW/data.gov.in),2026-08-19T17:39:10.719610+00:00,2017 (historical; not live availability)
official_2202,Jaslok Hospital And Research Centre Blood Bank,Mumbai,Mumbai,Maharashtra,18.971653,72.809968,Esri India Blood Bank Directory 2017 (MoHFW/data.gov.in),2026-08-19T17:39:10.719610+00:00,2017 (historical; not live availability)
official_2203,Saint George&#39;s Hospital & Regional  Blood Bank,Mumbai,Mumbai,Maharashtra,18.94027,72.837319,Esri India Blood Bank Directory 2017 (MoHFW/data.gov.in),2026-08-19T17:39:10.719610+00:00,2017 (historical; not live availability)
official_2204,Kai Wamanrao Oak Blood Bank,Thane,Thane,Maharashtra,19.186459,72.975467,Esri India Blood Bank Directory 2017 (MoHFW/data.gov.in),2026-08-19T17:39:10.719610+00:00,2017 (historical; not live availability)
official_2205,B.S.E.S M.G. Hospital Blood Bank,Mumbai,Mumbai,Maharashtra,19.119457,72.844948,Esri India Blood Bank Directory 2017 (MoHFW/data.gov.in),2026-08-19T17:39:10.719610+00:00,2017 (historical; not live availability)
official_2206,Lokmanya TSSIA Blood Bank Thane,Thane,Thane,Maharashtra,19.191526,72.95169,Esri India Blood Bank Directory 2017 (MoHFW/data.gov.in),2026-08-19T17:39:10.719610+00:00,2017 (historical; not live availability)
official_2207,P. D. Hinduja National Hospital And Medical Research Centre Blood Bank,Mumbai,Mumbai,Maharashtra,19.033615,72.838105,Esri India Blood Bank Directory 2017 (MoHFW/data.gov.in),2026-08-19T17:39:10.719610+00:00,2017 (historical; not live availability)
official_2208,Saifee Hospital Trust Blood Bank,Mumbai,Mumbai,Maharashtra,18.952471,72.818058,Esri India Blood Bank Directory 2017 (MoHFW/data.gov.in),2026-08-19T17:39:10.719610+00:00,2017 (historical; not live availability)
official_2209,Meenatai Thackeray Blood Bank - Siddharth Hospital,Mumbai,Mumbai,Maharashtra,19.159649,72.840284,Esri India Blood Bank Directory 2017 (MoHFW/data.gov.in),2026-08-19T17:39:10.719610+00:00,2017 (historical; not live availability)
official_2210,Bandra Holy Family Hospital Society Blood Bank,Mumbai,Mumbai,Maharashtra,19.055059,72.827202,Esri India Blood Bank Directory 2017 (MoHFW/data.gov.in),2026-08-19T17:39:10.719610+00:00,2017 (historical; not live availability)
official_2211,ACTREC,Mumbai,Mumbai,Maharashtra,19.065019,73.064508,Esri India Blood Bank Directory 2017 (MoHFW/data.gov.in),2026-08-19T17:39:10.719610+00:00,2017 (historical; not live availability)
official_2212,N.  Wadia Maternity  Hospital Blood Bank,Mumbai,Mumbai,Maharashtra,19.003238,72.842837,Esri India Blood Bank Directory 2017 (MoHFW/data.gov.in),2026-08-19T17:39:10.719610+00:00,2017 (historical; not live availability)
official_2213,Ashirwad Blood Bank,Mumbai,Mumbai,Maharashtra,19.017341,72.848164,Esri India Blood Bank Directory 2017 (MoHFW/data.gov.in),2026-08-19T17:39:10.719610+00:00,2017 (historical; not live availability)
official_2214,Global Hospital Blood Bank,Mumbai,Mumbai,Maharashtra,18.999282,72.840787,Esri India Blood Bank Directory 2017 (MoHFW/data.gov.in),2026-08-19T17:39:10.719610+00:00,2017 (historical; not live availability)
official_2215,Jupiter Hospital Blood Bank,Thane,Thane,Maharashtra,19.209617,72.972405,Esri India Blood Bank Directory 2017 (MoHFW/data.gov.in),2026-08-19T17:39:10.719610+00:00,2017 (historical; not live availability)
official_2216,Plasma Diagnostic Lab and Blood Bank,Thane,Thane,Maharashtra,19.215794,73.096159,Esri India Blood Bank Directory 2017 (MoHFW/data.gov.in),2026-08-19T17:39:10.719610+00:00,2017 (historical; not live availability)
official_2217,Prince Aly Khan Hospital Blood Bank,Mumbai,Mumbai,Maharashtra,18.97084,72.836617,Esri India Blood Bank Directory 2017 (MoHFW/data.gov.in),2026-08-19T17:39:10.719610+00:00,2017 (historical; not live availability)
official_2218,Mahatma Gandhi Seva Mandir Blood Bank,Mumbai,Mumbai,Maharashtra,19.055801,72.836932,Esri India Blood Bank Directory 2017 (MoHFW/data.gov.in),2026-08-19T17:39:10.719610+00:00,2017 (historical; not live availability)
official_2219,Sanjeevan Blood Bank ,Thane,Thane,Maharashtra,19.156842,72.997815,Esri India Blood Bank Directory 2017 (MoHFW/data.gov.in),2026-08-19T17:39:10.719610+00:00,2017 (historical; not live availability)
official_2220,Dr. R. N. Cooper General Hospital Blood Bank,Mumbai,Mumbai,Maharashtra,19.107714,72.835618,Esri India Blood Bank Directory 2017 (MoHFW/data.gov.in),2026-08-19T17:39:10.719610+00:00,2017 (historical; not live availability)
official_2221,Seva Blood Bank,Thane,Thane,Maharashtra,19.215715,73.091599,Esri India Blood Bank Directory 2017 (MoHFW/data.gov.in),2026-08-19T17:39:10.719610+00:00,2017 (historical; not live availability)
official_2222,Smt. Devkaabai Kalyanji Chheda Amrutvahini Blood Bank,Thane,Thane,Maharashtra,19.208377,72.847668,Esri India Blood Bank Directory 2017 (MoHFW/data.gov.in),2026-08-19T17:39:10.719610+00:00,2017 (historical; not live availability)
official_2223,Mahatma Gandhi Mission Medical College and Hospital Blood Bank,Thane,Thane,Maharashtra,19.003199,73.118362,Esri India Blood Bank Directory 2017 (MoHFW/data.gov.in),2026-08-19T17:39:10.719610+00:00,2017 (historical; not live availability)
official_2224,Sir J.J.Group of Hospital Blood Bank,Mumbai,Mumbai,Maharashtra,18.962909,72.833639,Esri India Blood Bank Directory 2017 (MoHFW/data.gov.in),2026-08-19T17:39:10.719610+00:00,2017 (historical; not live availability)
official_2225,G. T. Hospital Blood Bank,Mumbai,Mumbai,Maharashtra,18.946532,72.833317,Esri India Blood Bank Directory 2017 (MoHFW/data.gov.in),2026-08-19T17:39:10.719610+00:00,2017 (historical; not live availability)
official_2226,Chhatrapati Shivaji Maharaj Hospital Blood Bank,Thane,Thane,Maharashtra,19.1922569,72.986723,Esri India Blood Bank Directory 2017 (MoHFW/data.gov.in),2026-08-19T17:39:10.719610+00:00,2017 (historical; not live availability)
official_2227,Cama and Albles Hospital - Abdul Fazalbhoy Blood Bank,Mumbai,Mumbai,Maharashtra,18.941948,72.832185,Esri India Blood Bank Directory 2017 (MoHFW/data.gov.in),2026-08-19T17:39:10.719610+00:00,2017 (historical; not live availability)
official_2228,M.B. More Foundation Blood Bank,Mangaon,Raigad,Maharashtra,19.067134,73.066397,Esri India Blood Bank Directory 2017 (MoHFW/data.gov.in),2026-08-19T17:39:10.719610+00:00,2017 (historical; not live availability)
official_2229,Lilavati Hospital and Research Centre Blood Bank,Mumbai,Mumbai,Maharashtra,19.051089,72.828889,Esri India Blood Bank Directory 2017 (MoHFW/data.gov.in),2026-08-19T17:39:10.719610+00:00,2017 (historical; not live availability)
official_2230,Sant Pramanand Hospital Blood Bank,Delhi,North Delhi,Delhi,28.677715,77.224099,Esri India Blood Bank Directory 2017 (MoHFW/data.gov.in),2026-08-19T17:39:10.719610+00:00,2017 (historical; not live availability)
official_2231,Fortis Hospital Blood Bank,New Delhi,North West Delhi,Delhi,28.709162,77.170214,Esri India Blood Bank Directory 2017 (MoHFW/data.gov.in),2026-08-19T17:39:10.719610+00:00,2017 (historical; not live availability)
official_2232,Delhi Heart and Lung Institute Blood Bank,New Delhi,North West Delhi,Delhi,28.641636,77.205219,Esri India Blood Bank Directory 2017 (MoHFW/data.gov.in),2026-08-19T17:39:10.719610+00:00,2017 (historical; not live availability)
official_2233,Dr. Ram Manohar Lohia Hospital Blood Bank,New Delhi,Central Delhi,Delhi,28.3734,77.125,Esri India Blood Bank Directory 2017 (MoHFW/data.gov.in),2026-08-19T17:39:10.719610+00:00,2017 (historical; not live availability)
official_2234,Institute of Liver and Biliary Sciences Blood Bank,New Delhi,South West Delhi,Delhi,28.506259,77.165051,Esri India Blood Bank Directory 2017 (MoHFW/data.gov.in),2026-08-19T17:39:10.719610+00:00,2017 (historical; not live availability)
official_2235,Sushruta Trauma Centre Blood Bank,Delhi,North West Delhi,Delhi,28.680339,77.227674,Esri India Blood Bank Directory 2017 (MoHFW/data.gov.in),2026-08-19T17:39:10.719610+00:00,2017 (historical; not live availability)
official_2236,Batra Hospital and Medical Research Centre Blood Bank,Delhi,South Delhi,Delhi,28.513468,77.245773,Esri India Blood Bank Directory 2017 (MoHFW/data.gov.in),2026-08-19T17:39:10.719610+00:00,2017 (historical; not live availability)
official_2237,Park Hospital Blood Bank,Gurugram,Gurgaon,Haryana,28.420003,77.048378,Esri India Blood Bank Directory 2017 (MoHFW/data.gov.in),2026-08-19T17:39:10.719610+00:00,2017 (historical; not live availability)
official_2238,Medanta The Medicity Hospital Blood Bank,Gurugram,Gurgaon,Haryana,28.439105,77.040909,Esri India Blood Bank Directory 2017 (MoHFW/data.gov.in),2026-08-19T17:39:10.719610+00:00,2017 (historical; not live availability)
official_2239,Kasturba Hospital Blood Bank,New Delhi,Central Delhi,Delhi,28.648838,77.238017,Esri India Blood Bank Directory 2017 (MoHFW/data.gov.in),2026-08-19T17:39:10.719610+00:00,2017 (historical; not live availability)
official_2240,Sunder Lal Jain Charitable Hospital Blood Bank,Delhi,North West Delhi,Delhi,28.691886,77.181583,Esri India Blood Bank Directory 2017 (MoHFW/data.gov.in),2026-08-19T17:39:10.719610+00:00,2017 (historical; not live availability)
official_2241,Max Super Specialty Hospital Blood Bank,Delhi,East Delhi,Delhi,28.633501,77.308836,Esri India Blood Bank Directory 2017 (MoHFW/data.gov.in),2026-08-19T17:39:10.719610+00:00,2017 (historical; not live availability)
official_2242,Pt. Deen Dayal Upadhayay Government Hospital,varanasi,Varanasi,Uttar Pradesh,28.628047,77.112399,Esri India Blood Bank Directory 2017 (MoHFW/data.gov.in),2026-08-19T17:39:10.719610+00:00,2017 (historical; not live availability)
official_2243,Rotary Blood Bank,New Delhi,South Delhi,Delhi,28.513434,77.24269,Esri India Blood Bank Directory 2017 (MoHFW/data.gov.in),2026-08-19T17:39:10.719610+00:00,2017 (historical; not live availability)
official_2244,"Cardio Neuro Centre Blood Bank, AIIMS ",New Delhi,New Delhi,Delhi,28.566539,77.20984,Esri India Blood Bank Directory 2017 (MoHFW/data.gov.in),2026-08-19T17:39:10.719610+00:00,2017 (historical; not live availability)
official_2245,Artemis Medicare Services Limited Blood Bank,Gurugram,Gurgaon,Haryana,28.43132,77.072134,Esri India Blood Bank Directory 2017 (MoHFW/data.gov.in),2026-08-19T17:39:10.719610+00:00,2017 (historical; not live availability)
official_2246,Escorts Hospital and Research Center Limited Blood Bank,Faridabad,Faridabad,Haryana,28.391378,77.306856,Esri India Blood Bank Directory 2017 (MoHFW/data.gov.in),2026-08-19T17:39:10.719610+00:00,2017 (historical; not live availability)
official_2247,Alchemist Institute of Medical Sciences Blood Bank,Gurugram,Gurgaon,Haryana,28.439328,77.10227,Esri India Blood Bank Directory 2017 (MoHFW/data.gov.in),2026-08-19T17:39:10.719610+00:00,2017 (historical; not live availability)
official_2248,Pitampura Blood Bank,New Delhi,North West Delhi,Delhi,28.700002,77.125443,Esri India Blood Bank Directory 2017 (MoHFW/data.gov.in),2026-08-19T17:39:10.719610+00:00,2017 (historical; not live availability)
official_2249,General Hospital Blood Bank Karnal,Karnal,Karnal,Haryana,29.696067,76.994185,Esri India Blood Bank Directory 2017 (MoHFW/data.gov.in),2026-08-19T17:39:10.719610+00:00,2017 (historical; not live availability)
official_2250,"R.B.T.C (wz), Deen Dayal Upadhyay Hospital",New Delhi,West Delhi,Delhi,28.583437,77.117583,Esri India Blood Bank Directory 2017 (MoHFW/data.gov.in),2026-08-19T17:39:10.719610+00:00,2017 (historical; not live availability)
official_2251,Dr. Baba Sahab Ambedkar Hospital Blood Bank,New Delhi,North West Delhi,Delhi,28.715052,77.113639,Esri India Blood Bank Directory 2017 (MoHFW/data.gov.in),2026-08-19T17:39:10.719610+00:00,2017 (historical; not live availability)
official_2252,"Regional Blood Tranfusion Center Blood bank, Central Zone",New Delhi,Central Delhi,Delhi,28.638986,77.23836,Esri India Blood Bank Directory 2017 (MoHFW/data.gov.in),2026-08-19T17:39:10.719610+00:00,2017 (historical; not live availability)
official_2253,Saroj Super Speciality Hospital  Blood Bank,Delhi,North West Delhi,Delhi,28.70612,77.129045,Esri India Blood Bank Directory 2017 (MoHFW/data.gov.in),2026-08-19T17:39:10.719610+00:00,2017 (historical; not live availability)
official_2254,Northern Railway Central Hospital Blood Bank,New Delhi,New Delhi,Delhi,28.636518,77.217459,Esri India Blood Bank Directory 2017 (MoHFW/data.gov.in),2026-08-19T17:39:10.719610+00:00,2017 (historical; not live availability)
official_2255,Hindu Rao Hospital Blood Bank,Delhi,North Delhi,Delhi,28.67538,77.212312,Esri India Blood Bank Directory 2017 (MoHFW/data.gov.in),2026-08-19T17:39:10.719610+00:00,2017 (historical; not live availability)
official_2256,National Heart Institute Blood Bank,New Delhi,South Delhi,Delhi,28.5574087,77.2457177,Esri India Blood Bank Directory 2017 (MoHFW/data.gov.in),2026-08-19T17:39:10.719610+00:00,2017 (historical; not live availability)
official_2257,Indian Spinal Injuries Centre Blood Bank,New Delhi,South West Delhi,Delhi,28.532663,77.141765,Esri India Blood Bank Directory 2017 (MoHFW/data.gov.in),2026-08-19T17:39:10.719610+00:00,2017 (historical; not live availability)
official_2258,Safdarjung Hospital Blood Bank,New Delhi,South Delhi,Delhi,28.568016,77.205765,Esri India Blood Bank Directory 2017 (MoHFW/data.gov.in),2026-08-19T17:39:10.719610+00:00,2017 (historical; not live availability)
official_2259,Max Super Specialty Hospital Blood Bank,Delhi,North West Delhi,Delhi,28.727954,77.152927,Esri India Blood Bank Directory 2017 (MoHFW/data.gov.in),2026-08-19T17:39:10.719610+00:00,2017 (historical; not live availability)
official_2260,Government Hospital Karauli Blood Bank,Karauli,Karauli,Rajasthan,26.500853,77.025833,Esri India Blood Bank Directory 2017 (MoHFW/data.gov.in),2026-08-19T17:39:10.719610+00:00,2017 (historical; not live availability)
official_2261,White Cross Blood Bank,New Delhi,South Delhi,Delhi,28.560675,77.253601,Esri India Blood Bank Directory 2017 (MoHFW/data.gov.in),2026-08-19T17:39:10.719610+00:00,2017 (historical; not live availability)
official_2262,Armed Forces Transfusion Centre Blood Bank,Delhi,South West Delhi,Delhi,28.596425,77.117561,Esri India Blood Bank Directory 2017 (MoHFW/data.gov.in),2026-08-19T17:39:10.719610+00:00,2017 (historical; not live availability)
official_2263,Kalra Hospital and Shri Ram Cardiothoracic and Neurosciences Center (SRCNC) Blood Bank,New Delhi,West Delhi,Delhi,28.657823,77.142691,Esri India Blood Bank Directory 2017 (MoHFW/data.gov.in),2026-08-19T17:39:10.719610+00:00,2017 (historical; not live availability)
official_2264,E. S. I. Hospital Blood Bank,New Delhi,West Delhi,Delhi,28.657697,77.13012,Esri India Blood Bank Directory 2017 (MoHFW/data.gov.in),2026-08-19T17:39:10.719610+00:00,2017 (historical; not live availability)
official_2265,Mata Chanan Devi Hospital Blood Bank,New Delhi,South West Delhi,Delhi,28.618861,77.078382,Esri India Blood Bank Directory 2017 (MoHFW/data.gov.in),2026-08-19T17:39:10.719610+00:00,2017 (historical; not live availability)
official_2266,Jai Prakash Narayan Apex Trauma Centre Blood Bank,New Delhi,South Delhi,Delhi,28.568128,77.200338,Esri India Blood Bank Directory 2017 (MoHFW/data.gov.in),2026-08-19T17:39:10.719610+00:00,2017 (historical; not live availability)
official_2267,Paras Health Care Private Limited Blood Bank,Gurugram,Gurgaon,Haryana,28.451204,77.087719,Esri India Blood Bank Directory 2017 (MoHFW/data.gov.in),2026-08-19T17:39:10.719610+00:00,2017 (historical; not live availability)
official_2268,Central Poly Clinic Blood Bank,New Delhi,North East Delhi,Delhi,28.645742,77.292552,Esri India Blood Bank Directory 2017 (MoHFW/data.gov.in),2026-08-19T17:39:10.719610+00:00,2017 (historical; not live availability)
official_2269,Govind Ballabh (G.B.) Pant Hospital Blood Bank,New Delhi,Central Delhi,Delhi,28.639542,77.235159,Esri India Blood Bank Directory 2017 (MoHFW/data.gov.in),2026-08-19T17:39:10.719610+00:00,2017 (historical; not live availability)
official_2270,Shri Moolchand Khariti-Ram Hospital and Ayurvedic Research Institute ,New Delhi,South Delhi,Delhi,28.566225,77.235575,Esri India Blood Bank Directory 2017 (MoHFW/data.gov.in),2026-08-19T17:39:10.719610+00:00,2017 (historical; not live availability)
official_2271,Lions Blood Bank East Delhi,Delhi,East Delhi,Delhi,28.641094,77.309423,Esri India Blood Bank Directory 2017 (MoHFW/data.gov.in),2026-08-19T17:39:10.719610+00:00,2017 (historical; not live availability)
official_2272,Fortis Memorial Research Institute Blood Bank,Gurugram,Gurgaon,Haryana,28.456965,77.07297,Esri India Blood Bank Directory 2017 (MoHFW/data.gov.in),2026-08-19T17:39:10.719610+00:00,2017 (historical; not live availability)
official_2273,Mission Jan Jagriti Blood Bank,Delhi,North East Delhi,Delhi,28.606008,77.295437,Esri India Blood Bank Directory 2017 (MoHFW/data.gov.in),2026-08-19T17:39:10.719610+00:00,2017 (historical; not live availability)
official_2274,QRG Central Hospital and Research Centre Blood Bank,Faridabad,Faridabad,Haryana,28.393014,77.310047,Esri India Blood Bank Directory 2017 (MoHFW/data.gov.in),2026-08-19T17:39:10.719610+00:00,2017 (historical; not live availability)
official_2275,Primus Ortho and Spine Hospital Blood Bank,New Delhi,South Delhi,Delhi,28.5929,77.181273,Esri India Blood Bank Directory 2017 (MoHFW/data.gov.in),2026-08-19T17:39:10.719610+00:00,2017 (historical; not live availability)
official_2276,General Hospital Blood Bank Sonipat,Sonipat,Sonipat,Haryana,28.990486,77.036475,Esri India Blood Bank Directory 2017 (MoHFW/data.gov.in),2026-08-19T17:39:10.719610+00:00,2017 (historical; not live availability)
official_2277,Fortis Escort Heart Institute Blood Bank,New Delhi,South Delhi,Delhi,28.560455,77.273777,Esri India Blood Bank Directory 2017 (MoHFW/data.gov.in),2026-08-19T17:39:10.719610+00:00,2017 (historical; not live availability)
official_2278,Max Super Specialty Hospital Blood Bank,New Delhi,South Delhi,Delhi,28.527512,77.213547,Esri India Blood Bank Directory 2017 (MoHFW/data.gov.in),2026-08-19T17:39:10.719610+00:00,2017 (historical; not live availability)
official_2279,Maharaja Agrasen Hospital Blood Bank,New Delhi,West Delhi,Delhi,28.67408,77.134063,Esri India Blood Bank Directory 2017 (MoHFW/data.gov.in),2026-08-19T17:39:10.719610+00:00,2017 (historical; not live availability)
official_2280,Saket City Hospital Blood Bank,New Delhi,South Delhi,Delhi,28.527686,77.214348,Esri India Blood Bank Directory 2017 (MoHFW/data.gov.in),2026-08-19T17:39:10.719610+00:00,2017 (historical; not live availability)
official_2281,Fortis Memorial Research Institute Blood Bank,Gurugram,Gurgaon,Haryana,28.456975,77.07299,Esri India Blood Bank Directory 2017 (MoHFW/data.gov.in),2026-08-19T17:39:10.719610+00:00,2017 (historical; not live availability)
official_2282,Fortis Flt. Lt. Rajan Dhall Hospital Blood Bank,Delhi,South West Delhi,Delhi,28.519397,77.160438,Esri India Blood Bank Directory 2017 (MoHFW/data.gov.in),2026-08-19T17:39:10.719610+00:00,2017 (historical; not live availability)
official_2283,Sanjay Gandhi Memorial Hospital Blood Bank,Delhi,North West Delhi,Delhi,28.692792,77.081656,Esri India Blood Bank Directory 2017 (MoHFW/data.gov.in),2026-08-19T17:39:10.719610+00:00,2017 (historical; not live availability)
official_2284,Rajiv Gandhi Cancer Institute and Research Center Blood Bank,Delhi,North West Delhi,Delhi,28.716471,77.11093,Esri India Blood Bank Directory 2017 (MoHFW/data.gov.in),2026-08-19T17:39:10.719610+00:00,2017 (historical; not live availability)
official_2285,"General Hospital Blood Bank, Gurugram",Gurugram,Gurgaon,Haryana,28.511841,76.986694,Esri India Blood Bank Directory 2017 (MoHFW/data.gov.in),2026-08-19T17:39:10.719610+00:00,2017 (historical; not live availability)
official_2286,Save Life Blood Bank,Karnal,Karnal,Haryana,28.701048,77.103863,Esri India Blood Bank Directory 2017 (MoHFW/data.gov.in),2026-08-19T17:39:10.719610+00:00,2017 (historical; not live availability)
official_2287,Park Hospital Blood Bank,New Delhi,North West Delhi,Delhi,28.651772,77.093105,Esri India Blood Bank Directory 2017 (MoHFW/data.gov.in),2026-08-19T17:39:10.719610+00:00,2017 (historical; not live availability)
official_2288,Dr. B. L. Kapoor Memorial Hospital Blood Bank,New Delhi,West Delhi,Delhi,28.643642,77.179979,Esri India Blood Bank Directory 2017 (MoHFW/data.gov.in),2026-08-19T17:39:10.719610+00:00,2017 (historical; not live availability)
official_2289,Guru Tegh Bahadur Hospital Blood Bank,Delhi,Shahdara,Delhi,28.683856,77.309903,Esri India Blood Bank Directory 2017 (MoHFW/data.gov.in),2026-08-19T17:39:10.719610+00:00,2017 (historical; not live availability)
official_2290,Bensups Hospital Blood Bank,New Delhi,South West Delhi,Delhi,28.592838,77.044191,Esri India Blood Bank Directory 2017 (MoHFW/data.gov.in),2026-08-19T17:39:10.719610+00:00,2017 (historical; not live availability)
official_2291,Sonipat Blood Bank,Sonipat,Sonipat,Haryana,28.991527,77.034557,Esri India Blood Bank Directory 2017 (MoHFW/data.gov.in),2026-08-19T17:39:10.719610+00:00,2017 (historical; not live availability)
official_2292,All India Institute of Medical Sciences (AIIMS) Blood Bank,New Delhi,South Delhi,Delhi,28.567152,77.20902,Esri India Blood Bank Directory 2017 (MoHFW/data.gov.in),2026-08-19T17:39:10.719610+00:00,2017 (historical; not live availability)
official_2293,Dr. Bhimrao Ambedkar Multi Specialty Hospital Blood Bank,Noida,Gautam Buddha Nagar,Uttar Pradesh,28.576565,77.33745,Esri India Blood Bank Directory 2017 (MoHFW/data.gov.in),2026-08-19T17:39:10.719610+00:00,2017 (historical; not live availability)
official_2294,Brahm Shakti Hospital and Research Centre Blood Bank,New Delhi,North West Delhi,Delhi,28.712343,77.081205,Esri India Blood Bank Directory 2017 (MoHFW/data.gov.in),2026-08-19T17:39:10.719610+00:00,2017 (historical; not live availability)
official_2295,Lal Bahadur Shastri Hospital Blood Bank,Delhi,East Delhi,Delhi,28.617839,77.311452,Esri India Blood Bank Directory 2017 (MoHFW/data.gov.in),2026-08-19T17:39:10.719610+00:00,2017 (historical; not live availability)
official_2296,Bhagat Chandra Hospital Blood Bank,New Delhi,South West Delhi,Delhi,28.593451,77.081221,Esri India Blood Bank Directory 2017 (MoHFW/data.gov.in),2026-08-19T17:39:10.719610+00:00,2017 (historical; not live availability)
official_2297,Asian Institute of Medical Sciences Blood Bank,Faridabad,Faridabad,Haryana,28.425756,77.299823,Esri India Blood Bank Directory 2017 (MoHFW/data.gov.in),2026-08-19T17:39:10.719610+00:00,2017 (historical; not live availability)
official_2298,Jaipur Golden Hospital Blood Bank,New Delhi,West Delhi,Delhi,28.697734,77.109478,Esri India Blood Bank Directory 2017 (MoHFW/data.gov.in),2026-08-19T17:39:10.719610+00:00,2017 (historical; not live availability)
official_2299,Nirmal Institute of Medical Sciences and Technology Blood Bank,Karnal,Karnal,Haryana,28.4734936,77.2906064,Esri India Blood Bank Directory 2017 (MoHFW/data.gov.in),2026-08-19T17:39:10.719610+00:00,2017 (historical; not live availability)
official_2300,Sir Ganga Ram Hospital Blood Bank,New Delhi,Central Delhi,Delhi,28.638675,77.189489,Esri India Blood Bank Directory 2017 (MoHFW/data.gov.in),2026-08-19T17:39:10.719610+00:00,2017 (historical; not live availability)
official_2301,Pushpawati Singhania Research Institute Blood bank,New Delhi,New Delhi,Delhi,28.533218,77.225185,Esri India Blood Bank Directory 2017 (MoHFW/data.gov.in),2026-08-19T17:39:10.719610+00:00,2017 (historical; not live availability)
official_2302,Hakeem Abdul Hameed Centenary Hospital Blood Bank,New Delhi,South East Delhi,Delhi,28.513711,77.251861,Esri India Blood Bank Directory 2017 (MoHFW/data.gov.in),2026-08-19T17:39:10.719610+00:00,2017 (historical; not live availability)
official_2303,Blood Bank Organisation,Delhi,West Delhi,Delhi,28.642777,77.18156,Esri India Blood Bank Directory 2017 (MoHFW/data.gov.in),2026-08-19T17:39:10.719610+00:00,2017 (historical; not live availability)
official_2304,Sucheta Kriplani Hospital Blood Bank,New Delhi,Central Delhi,Delhi,28.63566,77.213327,Esri India Blood Bank Directory 2017 (MoHFW/data.gov.in),2026-08-19T17:39:10.719610+00:00,2017 (historical; not live availability)
official_2305,Lions Blood Bank,Delhi,North West Delhi,Delhi,28.704148,77.162213,Esri India Blood Bank Directory 2017 (MoHFW/data.gov.in),2026-08-19T17:39:10.719610+00:00,2017 (historical; not live availability)
official_2306,Dr. Hedgewar Arogaya Sansthan Blood bank,Delhi,East Delhi,Delhi,28.655875,77.293489,Esri India Blood Bank Directory 2017 (MoHFW/data.gov.in),2026-08-19T17:39:10.719610+00:00,2017 (historical; not live availability)
official_2307,Jan Jagriti Blood Bank,New Delhi,West Delhi,Delhi,28.605975,77.295427,Esri India Blood Bank Directory 2017 (MoHFW/data.gov.in),2026-08-19T17:39:10.719610+00:00,2017 (historical; not live availability)
official_2308,Indian Red Cross Society (IRCS) Blood Bank,Delhi,Central Delhi,Delhi,28.618675,77.21089,Esri India Blood Bank Directory 2017 (MoHFW/data.gov.in),2026-08-19T17:39:10.719610+00:00,2017 (historical; not live availability)
official_2309,Holy Family Hospital Blood Bank,Delhi,South Delhi,Delhi,28.563012,77.275829,Esri India Blood Bank Directory 2017 (MoHFW/data.gov.in),2026-08-19T17:39:10.719610+00:00,2017 (historical; not live availability)
official_2310,St. Stephen&#39;s Hospital Blood Bank,Delhi,North Delhi,Delhi,28.665135,77.214542,Esri India Blood Bank Directory 2017 (MoHFW/data.gov.in),2026-08-19T17:39:10.719610+00:00,2017 (historical; not live availability)
official_2311,Mission Jan Jagriti Blood Bank,Delhi,North West Delhi,Delhi,28.501683,77.246745,Esri India Blood Bank Directory 2017 (MoHFW/data.gov.in),2026-08-19T17:39:10.719610+00:00,2017 (historical; not live availability)
official_2312,Rockland Hospital Qutab Blood Bank,New Delhi,South Delhi,Delhi,28.53736,77.181113,Esri India Blood Bank Directory 2017 (MoHFW/data.gov.in),2026-08-19T17:39:10.719610+00:00,2017 (historical; not live availability)
official_2313,Sri Balaji Action Medical Institute Blood Bank,New Delhi,West Delhi,Delhi,28.673738,77.110226,Esri India Blood Bank Directory 2017 (MoHFW/data.gov.in),2026-08-19T17:39:10.719610+00:00,2017 (historical; not live availability)
official_2314,Apollo Hospital Blood Bank,New Delhi,South East Delhi,Delhi,28.540647,77.283445,Esri India Blood Bank Directory 2017 (MoHFW/data.gov.in),2026-08-19T17:39:10.719610+00:00,2017 (historical; not live availability)
official_2315,Alchemist Hospital Panchkula Blood Bank,Panchkula,Panchkula,Haryana,28.439332,77.10227,Esri India Blood Bank Directory 2017 (MoHFW/data.gov.in),2026-08-19T17:39:10.719610+00:00,2017 (historical; not live availability)
official_2316,M/s Sunflag Hospital and Research Centre Blood Bank,Faridabad,Faridabad,Haryana,28.40274,77.31823,Esri India Blood Bank Directory 2017 (MoHFW/data.gov.in),2026-08-19T17:39:10.719610+00:00,2017 (historical; not live availability)
official_2317,Rotary Noida Research and Social Welfare Trust Blood Bank,Noida,Gautam Buddha Nagar,Uttar Pradesh,28.576931,77.339491,Esri India Blood Bank Directory 2017 (MoHFW/data.gov.in),2026-08-19T17:39:10.719610+00:00,2017 (historical; not live availability)
official_2318,Prakash Hospital Blood Bank,Noida,Gautam Buddha Nagar,Uttar Pradesh,28.58564,77.34952,Esri India Blood Bank Directory 2017 (MoHFW/data.gov.in),2026-08-19T17:39:10.719610+00:00,2017 (historical; not live availability)
official_2319,Sharda Hospital Blood Bank,Greater Noida,Gautam Buddha Nagar,Uttar Pradesh,28.474444,77.4827,Esri India Blood Bank Directory 2017 (MoHFW/data.gov.in),2026-08-19T17:39:10.719610+00:00,2017 (historical; not live availability)
official_2320,"Pushpanjali Crossley Hospital (Max Superspeciality Hospital, Vaishali)",Ghaziabad,Ghaziabad,Uttar Pradesh,28.634769,77.333007,Esri India Blood Bank Directory 2017 (MoHFW/data.gov.in),2026-08-19T17:39:10.719610+00:00,2017 (historical; not live availability)
official_2321,"MMG, District Hospital Blood Bank",Ghaziabad,Ghaziabad,Uttar Pradesh,28.662528,77.42361,Esri India Blood Bank Directory 2017 (MoHFW/data.gov.in),2026-08-19T17:39:10.719610+00:00,2017 (historical; not live availability)
official_2322,Atlanta Mediworld Multispeciality Hospital,Ghaziabad,Ghaziabad,Uttar Pradesh,28.657847,77.360777,Esri India Blood Bank Directory 2017 (MoHFW/data.gov.in),2026-08-19T17:39:10.719610+00:00,2017 (historical; not live availability)
official_2323,Jaypee Hospital Blood Bank,Noida,Gautam Buddha Nagar,Uttar Pradesh,28.515258,77.371495,Esri India Blood Bank Directory 2017 (MoHFW/data.gov.in),2026-08-19T17:39:10.719610+00:00,2017 (historical; not live availability)
official_2324,Rama Medical College and Research Centre Blood Bank ,Hapur,Ghaziabad,Uttar Pradesh,28.69787,77.607979,Esri India Blood Bank Directory 2017 (MoHFW/data.gov.in),2026-08-19T17:39:10.719610+00:00,2017 (historical; not live availability)
official_2325,K.D. Medical College Hospital & Research Centre Blood Bank,Chhatta,Mathura,Uttar Pradesh,27.650459,77.549915,Esri India Blood Bank Directory 2017 (MoHFW/data.gov.in),2026-08-19T17:39:10.719610+00:00,2017 (historical; not live availability)
official_2326,District Hospital Blood Bank,Shivpuri,Shivpuri,Madhya Pradesh,25.25408,77.39027,Esri India Blood Bank Directory 2017 (MoHFW/data.gov.in),2026-08-19T17:39:10.719610+00:00,2017 (historical; not live availability)
official_2327,Dharamshila Cancer Foundation and Research Centre Blood Bank,New Delhi,East Delhi,Delhi,28.602512,77.314182,Esri India Blood Bank Directory 2017 (MoHFW/data.gov.in),2026-08-19T17:39:10.719610+00:00,2017 (historical; not live availability)
official_2328,Family Health Care Hospital Blood Bank,Ghaziabad,Ghaziabad,Uttar Pradesh,28.652652,77.360171,Esri India Blood Bank Directory 2017 (MoHFW/data.gov.in),2026-08-19T17:39:10.719610+00:00,2017 (historical; not live availability)
official_2329,Prayag Hospital and Research Centre,Noida,Gautam Buddha Nagar,Uttar Pradesh,28.563602,77.365447,Esri India Blood Bank Directory 2017 (MoHFW/data.gov.in),2026-08-19T17:39:10.719610+00:00,2017 (historical; not live availability)
official_2330,R. B. M. Hospital Blood bank,Bharatpur,Bharatpur,Rajasthan,27.22366,77.506446,Esri India Blood Bank Directory 2017 (MoHFW/data.gov.in),2026-08-19T17:39:10.719610+00:00,2017 (historical; not live availability)
official_2331,Narinder Mohan Hospital and Heart Centre,Mohan Nagar,Ghaziabad,Uttar Pradesh,28.666671,77.439269,Esri India Blood Bank Directory 2017 (MoHFW/data.gov.in),2026-08-19T17:39:10.719610+00:00,2017 (historical; not live availability)
official_2332,Subharti Hospital Blood Bank,Meerut,Meerut,Uttar Pradesh,28.961414,77.638197,Esri India Blood Bank Directory 2017 (MoHFW/data.gov.in),2026-08-19T17:39:10.719610+00:00,2017 (historical; not live availability)
official_2333,Divya Joyati Institute Of Medical Science & Research,Ghaziabad,Ghaziabad,Uttar Pradesh,28.830657,77.570159,Esri India Blood Bank Directory 2017 (MoHFW/data.gov.in),2026-08-19T17:39:10.719610+00:00,2017 (historical; not live availability)
official_2334,"Yashoda Hospital and Research Centre Limited, Kaushambi",Ghaziabad,Ghaziabad,Uttar Pradesh,28.659996,77.438403,Esri India Blood Bank Directory 2017 (MoHFW/data.gov.in),2026-08-19T17:39:10.719610+00:00,2017 (historical; not live availability)
official_2335,Yatharth Wellness Super Speciality Hospital and Heart Care Blood Bank,Noida,Gautam Buddha Nagar,Uttar Pradesh,28.532064,77.384568,Esri India Blood Bank Directory 2017 (MoHFW/data.gov.in),2026-08-19T17:39:10.719610+00:00,2017 (historical; not live availability)
official_2336,Metro Hospital and Heart Institute,Noida,Gautam Buddha Nagar,Uttar Pradesh,28.597462,77.338017,Esri India Blood Bank Directory 2017 (MoHFW/data.gov.in),2026-08-19T17:39:10.719610+00:00,2017 (historical; not live availability)
official_2337,Babu Banarasi Das District Hospital Blood Bank,Bulandshahar,Bulandshahr,Uttar Pradesh,28.728373,77.468591,Esri India Blood Bank Directory 2017 (MoHFW/data.gov.in),2026-08-19T17:39:10.719610+00:00,2017 (historical; not live availability)
official_2338,Life Line Blood Bank,Ghaziabad,Ghaziabad,Uttar Pradesh,28.669238,77.440304,Esri India Blood Bank Directory 2017 (MoHFW/data.gov.in),2026-08-19T17:39:10.719610+00:00,2017 (historical; not live availability)
official_2339,Gold Field Hospital and Research Centre,Ballabgarh,Faridabad,Haryana,28.277083,77.454948,Esri India Blood Bank Directory 2017 (MoHFW/data.gov.in),2026-08-19T17:39:10.719610+00:00,2017 (historical; not live availability)
official_2340,Shri Krishna Life Line Hospital Blood Bank ,Greater Noida,Gautam Buddha Nagar,Uttar Pradesh,28.460872,77.532452,Esri India Blood Bank Directory 2017 (MoHFW/data.gov.in),2026-08-19T17:39:10.719610+00:00,2017 (historical; not live availability)
official_2341,General Hospital Blood Bank Palwal,Palwal,Palwal,Haryana,28.136087,77.327024,Esri India Blood Bank Directory 2017 (MoHFW/data.gov.in),2026-08-19T17:39:10.719610+00:00,2017 (historical; not live availability)
official_2342,Kailash Hospital and Heart Institute ,Noida,Gautam Buddha Nagar,Uttar Pradesh,28.577472,77.331603,Esri India Blood Bank Directory 2017 (MoHFW/data.gov.in),2026-08-19T17:39:10.719610+00:00,2017 (historical; not live availability)
official_2343,Metro Heart Institute with Multispecialty,Faridabad,Faridabad,Haryana,28.406835,77.318049,Esri India Blood Bank Directory 2017 (MoHFW/data.gov.in),2026-08-19T17:39:10.719610+00:00,2017 (historical; not live availability)
official_2344,Sarvodaya Hospital and Research Centre,Faridabad,Faridabad,Haryana,28.422451,77.316923,Esri India Blood Bank Directory 2017 (MoHFW/data.gov.in),2026-08-19T17:39:10.719610+00:00,2017 (historical; not live availability)
official_2345,M/s Shanti Gopal Hospital Blood Bank,Ghaziabad,Ghaziabad,Uttar Pradesh,28.641918,77.379325,Esri India Blood Bank Directory 2017 (MoHFW/data.gov.in),2026-08-19T17:39:10.719610+00:00,2017 (historical; not live availability)
official_2346,Jindal Super Speciality Hospital Blood Bank,Bharatpur,Bharatpur,Rajasthan,27.230266,77.477799,Esri India Blood Bank Directory 2017 (MoHFW/data.gov.in),2026-08-19T17:39:10.719610+00:00,2017 (historical; not live availability)
official_2347,Santosh Medical and Dental College,Ghaziabad,Ghaziabad,Uttar Pradesh,28.670024,77.432342,Esri India Blood Bank Directory 2017 (MoHFW/data.gov.in),2026-08-19T17:39:10.719610+00:00,2017 (historical; not live availability)
official_2348,Kailash Hospital Llimited,Greater Noida,Gautam Buddha Nagar,Uttar Pradesh,28.577474,77.331606,Esri India Blood Bank Directory 2017 (MoHFW/data.gov.in),2026-08-19T17:39:10.719610+00:00,2017 (historical; not live availability)
official_2349,Jawaharlal Nehru Memorial Hospital Blood Bank,NADIA,Nadia,West Bengal,22.975118,88.455524,Esri India Blood Bank Directory 2017 (MoHFW/data.gov.in),2026-08-19T17:39:10.719610+00:00,2017 (historical; not live availability)
official_2350,Fortis Hospitals Limited Blood Bank,Kolkata,Kolkata,West Bengal,22.52022,88.401133,Esri India Blood Bank Directory 2017 (MoHFW/data.gov.in),2026-08-19T17:39:10.719610+00:00,2017 (historical; not live availability)
official_2351,Howrah District Hospital Blood Bank,Howrah,Howrah,West Bengal,22.580194,88.335924,Esri India Blood Bank Directory 2017 (MoHFW/data.gov.in),2026-08-19T17:39:10.719610+00:00,2017 (historical; not live availability)
official_2352,Base Hospital and Blood Bank,Darjeeling,Darjeeling,West Bengal,26.712463,88.317248,Esri India Blood Bank Directory 2017 (MoHFW/data.gov.in),2026-08-19T17:39:10.719610+00:00,2017 (historical; not live availability)
official_2353,Blood Bank Ramkrishna Mission Seva Prathisthan,Kolkata,Kolkata,West Bengal,22.5233814,88.351709,Esri India Blood Bank Directory 2017 (MoHFW/data.gov.in),2026-08-19T17:39:10.719610+00:00,2017 (historical; not live availability)
official_2354,M.R. Bangur Hospital Blood Bank,Kolkata,Kolkata,West Bengal,22.499155,88.346592,Esri India Blood Bank Directory 2017 (MoHFW/data.gov.in),2026-08-19T17:39:10.719610+00:00,2017 (historical; not live availability)
official_2355,Nabadwip SGH Blood Bank,Nadia,Nadia,West Bengal,23.424553,88.3571715,Esri India Blood Bank Directory 2017 (MoHFW/data.gov.in),2026-08-19T17:39:10.719610+00:00,2017 (historical; not live availability)
official_2356,Woodland Multispeciality Hospital Limited Blood Bank,Kolkata,Kolkata,West Bengal,22.53223,88.329213,Esri India Blood Bank Directory 2017 (MoHFW/data.gov.in),2026-08-19T17:39:10.719610+00:00,2017 (historical; not live availability)
official_2357,Sub Divisional Hospital Blood Bank Islampur,Islampur,Uttar Dinajpur,West Bengal,26.257667,88.185293,Esri India Blood Bank Directory 2017 (MoHFW/data.gov.in),2026-08-19T17:39:10.719610+00:00,2017 (historical; not live availability)
official_2358,Canning Sub Divisional Hospital Blood Bank,Canning Town,24 Paraganas South,West Bengal,22.314134,88.659722,Esri India Blood Bank Directory 2017 (MoHFW/data.gov.in),2026-08-19T17:39:10.719610+00:00,2017 (historical; not live availability)
official_2359,S.D. Hospital Blood Bank Siliguri,Darjeeling,Darjeeling,West Bengal,26.711004,88.427963,Esri India Blood Bank Directory 2017 (MoHFW/data.gov.in),2026-08-19T17:39:10.719610+00:00,2017 (historical; not live availability)
official_2360,Calcutta Medical College Hospital Blood Bank,Kolkata,Kolkata,West Bengal,22.573681,88.360779,Esri India Blood Bank Directory 2017 (MoHFW/data.gov.in),2026-08-19T17:39:10.719610+00:00,2017 (historical; not live availability)
official_2361,Barrackpore S.D. Hospital (Dr. B.N. Bose) Hospital Blood Bank,Barrackpore,24 Paraganas North,West Bengal,22.7516453,88.3709966,Esri India Blood Bank Directory 2017 (MoHFW/data.gov.in),2026-08-19T17:39:10.719610+00:00,2017 (historical; not live availability)
official_2362,Peerless Hospital and Research Center Limited Blood Bank,Kolkata,Kolkata,West Bengal,22.480926,88.39381,Esri India Blood Bank Directory 2017 (MoHFW/data.gov.in),2026-08-19T17:39:10.719610+00:00,2017 (historical; not live availability)
official_2363,Howrah Orthopaedic Hospital Blood Bank,Howrah,Howrah,West Bengal,22.5839912,88.3356088,Esri India Blood Bank Directory 2017 (MoHFW/data.gov.in),2026-08-19T17:39:10.719610+00:00,2017 (historical; not live availability)
official_2364,Cord Life Sciences India Private Limited Blood Bank,Kolkata,Kolkata,West Bengal,22.3923025,88.2717419,Esri India Blood Bank Directory 2017 (MoHFW/data.gov.in),2026-08-19T17:39:10.719610+00:00,2017 (historical; not live availability)
official_2365,S.D. Hospital Blood Bank Jangipur,Jangipur,Murshidabad,West Bengal,24.460303,88.061671,Esri India Blood Bank Directory 2017 (MoHFW/data.gov.in),2026-08-19T17:39:10.719610+00:00,2017 (historical; not live availability)
official_2366,Balurghat District Hospital Blood Bank, Balurghat,Dakshin Dinajpur,West Bengal,25.247506,88.781652,Esri India Blood Bank Directory 2017 (MoHFW/data.gov.in),2026-08-19T17:39:10.719610+00:00,2017 (historical; not live availability)
official_2367,Government General Hospital Blood Bank,Namchi,South Sikkim,Sikkim,27.165618,88.360388,Esri India Blood Bank Directory 2017 (MoHFW/data.gov.in),2026-08-19T17:39:10.719610+00:00,2017 (historical; not live availability)
official_2368,Alipurduar Sub Divisional Hospital Blood Bank ,Jalpaiguri,Jalpaiguri,West Bengal,26.484428,89.523071,Esri India Blood Bank Directory 2017 (MoHFW/data.gov.in),2026-08-19T17:39:10.719610+00:00,2017 (historical; not live availability)
official_2369,Cooch Behar Municipality Hospital Blood Bank,Cooch Behar,Cooch Behar,West Bengal,26.3193973,89.4406897,Esri India Blood Bank Directory 2017 (MoHFW/data.gov.in),2026-08-19T17:39:10.719610+00:00,2017 (historical; not live availability)
official_2370,Central Blood Bank STNM Hospital,Gangtok,East Sikkim,Sikkim,27.331167,88.614144,Esri India Blood Bank Directory 2017 (MoHFW/data.gov.in),2026-08-19T17:39:10.719610+00:00,2017 (historical; not live availability)
official_2371,Kalna Sub Divisional Hospital Blood Bank ,Kalna,Bardhaman,West Bengal,23.223472,88.346155,Esri India Blood Bank Directory 2017 (MoHFW/data.gov.in),2026-08-19T17:39:10.719610+00:00,2017 (historical; not live availability)
official_2372,Chandannagar Sub Divisional Hospital Blood Bank ,Hooghly,Hooghly,West Bengal,22.866913,88.369249,Esri India Blood Bank Directory 2017 (MoHFW/data.gov.in),2026-08-19T17:39:10.719610+00:00,2017 (historical; not live availability)
official_2373,Lions District 322B1 Blood Bank,Kolkata,Kolkata,West Bengal,22.5675717,88.3510506,Esri India Blood Bank Directory 2017 (MoHFW/data.gov.in),2026-08-19T17:39:10.719610+00:00,2017 (historical; not live availability)
official_2374,Command Hospital (EC) Blood Bank,Kolkata,Kolkata,West Bengal,22.529472,88.330501,Esri India Blood Bank Directory 2017 (MoHFW/data.gov.in),2026-08-19T17:39:10.719610+00:00,2017 (historical; not live availability)
official_2375,Darjeeling District Hospital Blood Bank ,Darjeeling,Darjeeling,West Bengal,27.0444301,88.2624757,Esri India Blood Bank Directory 2017 (MoHFW/data.gov.in),2026-08-19T17:39:10.719610+00:00,2017 (historical; not live availability)
official_2376,Central Hospital Blood Bank,Kolkata,Kolkata,West Bengal,22.5460158,88.3103853,Esri India Blood Bank Directory 2017 (MoHFW/data.gov.in),2026-08-19T17:39:10.719610+00:00,2017 (historical; not live availability)
official_2377,Tata Medical Centre Trust Blood Bank,Kolkata,Kolkata,West Bengal,22.577236,88.479461,Esri India Blood Bank Directory 2017 (MoHFW/data.gov.in),2026-08-19T17:39:10.719610+00:00,2017 (historical; not live availability)
official_2378,College of Medicine and Sagore Dutta Hospital Blood Bank,Kolkata,Kolkata,West Bengal,22.6749766,88.374313,Esri India Blood Bank Directory 2017 (MoHFW/data.gov.in),2026-08-19T17:39:10.719610+00:00,2017 (historical; not live availability)
official_2379,B.M. Birla Heart Research Centre Blood Bank,KOLKATA,Kolkata,West Bengal,22.53269,88.328346,Esri India Blood Bank Directory 2017 (MoHFW/data.gov.in),2026-08-19T17:39:10.719610+00:00,2017 (historical; not live availability)
official_2380,Siliguri Terai Lions Charitable Trust Blood Bank ,Siliguri,Darjeeling,West Bengal,26.740331,88.439515,Esri India Blood Bank Directory 2017 (MoHFW/data.gov.in),2026-08-19T17:39:10.719610+00:00,2017 (historical; not live availability)
official_2381,"Raiganj Blood Bank, Uttar Dinajpur Raiganj District Hospital",N/A,Uttar Dinajpur,West Bengal,25.609904,88.132494,Esri India Blood Bank Directory 2017 (MoHFW/data.gov.in),2026-08-19T17:39:10.719610+00:00,2017 (historical; not live availability)
official_2382,"ESI Hospital, Maniktala Blood Bank",Kolkata,Kolkata,West Bengal,22.58558,88.392535,Esri India Blood Bank Directory 2017 (MoHFW/data.gov.in),2026-08-19T17:39:10.719610+00:00,2017 (historical; not live availability)
official_2383,North Bengal Medical College Hospital Blood Bank,Siliguri,Darjeeling,West Bengal,26.691918,88.380047,Esri India Blood Bank Directory 2017 (MoHFW/data.gov.in),2026-08-19T17:39:10.719610+00:00,2017 (historical; not live availability)
official_2384,Health Point - A Multispeciality Hospital Blood Bank,Kolkata,Kolkata,West Bengal,22.531068,88.353145,Esri India Blood Bank Directory 2017 (MoHFW/data.gov.in),2026-08-19T17:39:10.719610+00:00,2017 (historical; not live availability)
official_2385,Bongaon S.D. Hospital Blood Bank (Dr. J.R. Dhar),North 24 Parganas,24 Paraganas North,West Bengal,23.047662,88.822849,Esri India Blood Bank Directory 2017 (MoHFW/data.gov.in),2026-08-19T17:39:10.719610+00:00,2017 (historical; not live availability)
official_2386,Saroj Gupta Cancer Centre and Research Institute Blood Bank,Kolkata,Kolkata,West Bengal,22.4591971,88.3196724,Esri India Blood Bank Directory 2017 (MoHFW/data.gov.in),2026-08-19T17:39:10.719610+00:00,2017 (historical; not live availability)
official_2387,"Ashok Laboratory, Centre for Transfusion, Medicine and Clinical Research",Kolkata,Kolkata,West Bengal,22.5078809,88.3639574,Esri India Blood Bank Directory 2017 (MoHFW/data.gov.in),2026-08-19T17:39:10.719610+00:00,2017 (historical; not live availability)
official_2388,Life Care Medical Complex Private Limited Blood Bank,Kolkata,Kolkata,West Bengal,22.549891,88.370811,Esri India Blood Bank Directory 2017 (MoHFW/data.gov.in),2026-08-19T17:39:10.719610+00:00,2017 (historical; not live availability)
official_2389,Jalpaiguri Sub Divisonal Hospital Blood Bank,Jalpaiguri,Jalpaiguri,West Bengal,26.529163,88.727445,Esri India Blood Bank Directory 2017 (MoHFW/data.gov.in),2026-08-19T17:39:10.719610+00:00,2017 (historical; not live availability)
official_2390,N.R.S. Medical College and Hospital Blood Bank,Kolkata,Kolkata,West Bengal,22.561845,88.370626,Esri India Blood Bank Directory 2017 (MoHFW/data.gov.in),2026-08-19T17:39:10.719610+00:00,2017 (historical; not live availability)
official_2391,Bhoruka Research Centre for Haematology and Blood Transfusion,Kolkata,Kolkata,West Bengal,22.555075,88.357116,Esri India Blood Bank Directory 2017 (MoHFW/data.gov.in),2026-08-19T17:39:10.719610+00:00,2017 (historical; not live availability)
official_2392,The Haemophilia Society Calcutta Chapter Blood Bank,Kolkata,Kolkata,West Bengal,22.502558,88.4005252,Esri India Blood Bank Directory 2017 (MoHFW/data.gov.in),2026-08-19T17:39:10.719610+00:00,2017 (historical; not live availability)
official_2393,S.S.K.M Hospital Blood Bank,Kolkata,Kolkata,West Bengal,22.539616,88.343926,Esri India Blood Bank Directory 2017 (MoHFW/data.gov.in),2026-08-19T17:39:10.719610+00:00,2017 (historical; not live availability)
official_2394,S.D. Hospital Blood Bank Basirhat,North 24 Parganas,24 Paraganas North,West Bengal,22.666139,88.89003,Esri India Blood Bank Directory 2017 (MoHFW/data.gov.in),2026-08-19T17:39:10.719610+00:00,2017 (historical; not live availability)
official_2395,"S.D. Hospital,Lalbagh",Lalbagh,Murshidabad,West Bengal,24.171845,88.277211,Esri India Blood Bank Directory 2017 (MoHFW/data.gov.in),2026-08-19T17:39:10.719610+00:00,2017 (historical; not live availability)
official_2396,Diamond Harbour Hospital Blood Bank,Diamond Harbour,24 Paraganas South,West Bengal,22.197588,88.190999,Esri India Blood Bank Directory 2017 (MoHFW/data.gov.in),2026-08-19T17:39:10.719610+00:00,2017 (historical; not live availability)
official_2397,Apollo Gleneagles Hospital Limited Blood Bank,Kolkata,Kolkata,West Bengal,22.574843,88.401517,Esri India Blood Bank Directory 2017 (MoHFW/data.gov.in),2026-08-19T17:39:10.719610+00:00,2017 (historical; not live availability)
official_2398,"Blood Bank, ESIC Hospital and ODC (E.Z.)",Kolkata,Kolkata,West Bengal,22.453064,88.302505,Esri India Blood Bank Directory 2017 (MoHFW/data.gov.in),2026-08-19T17:39:10.719610+00:00,2017 (historical; not live availability)
official_2399,Kurseong Sub Divisional Hospital Blood Bank ,Kurseong,Darjeeling,West Bengal,26.880521,88.277576,Esri India Blood Bank Directory 2017 (MoHFW/data.gov.in),2026-08-19T17:39:10.719610+00:00,2017 (historical; not live availability)
official_2400,Calcutta National Medical College Hospital Blood Bank,Kolkata,Kolkata,West Bengal,22.546116,88.371121,Esri India Blood Bank Directory 2017 (MoHFW/data.gov.in),2026-08-19T17:39:10.719610+00:00,2017 (historical; not live availability)
official_2401,M.J.N Hospital Blood Bank,Cooch Behar,Cooch Behar,West Bengal,26.32175,89.446384,Esri India Blood Bank Directory 2017 (MoHFW/data.gov.in),2026-08-19T17:39:10.719610+00:00,2017 (historical; not live availability)
official_2402,Sanjiban Hospital Blood Bank,"Fuleswar, Uluberia",Howrah,West Bengal,22.4807481,88.1152976,Esri India Blood Bank Directory 2017 (MoHFW/data.gov.in),2026-08-19T17:39:10.719610+00:00,2017 (historical; not live availability)
official_2403,KPC Medical College and Hospital,Kolkata,Kolkata,West Bengal,22.4938363,88.3731117,Esri India Blood Bank Directory 2017 (MoHFW/data.gov.in),2026-08-19T17:39:10.719610+00:00,2017 (historical; not live availability)
official_2404,Central Referral Hospital Blood Bank,Gangtok,East Sikkim,Sikkim,27.316213,88.597237,Esri India Blood Bank Directory 2017 (MoHFW/data.gov.in),2026-08-19T17:39:10.719610+00:00,2017 (historical; not live availability)
official_2405,Medica Super Specialty Hospital Blood Bank,Kolkata,Kolkata,West Bengal,22.494356,88.400972,Esri India Blood Bank Directory 2017 (MoHFW/data.gov.in),2026-08-19T17:39:10.719610+00:00,2017 (historical; not live availability)
official_2406,Gandhi Memorial Hospital Blood Bank,KALYANI,Nadia,West Bengal,22.965616,88.466843,Esri India Blood Bank Directory 2017 (MoHFW/data.gov.in),2026-08-19T17:39:10.719610+00:00,2017 (historical; not live availability)
official_2407,Peoples Blood Bank,Kolkata,Kolkata,West Bengal,22.525654,88.346302,Esri India Blood Bank Directory 2017 (MoHFW/data.gov.in),2026-08-19T17:39:10.719610+00:00,2017 (historical; not live availability)
official_2408,R.G. Kar Medical College and Hospital Blood Bank,Kolkata,Kolkata,West Bengal,22.604657,88.378256,Esri India Blood Bank Directory 2017 (MoHFW/data.gov.in),2026-08-19T17:39:10.719610+00:00,2017 (historical; not live availability)
official_2409,Imambara Sadar Hospital Blood Bank,Chinsurah,Hooghly,West Bengal,22.8926,88.399647,Esri India Blood Bank Directory 2017 (MoHFW/data.gov.in),2026-08-19T17:39:10.719610+00:00,2017 (historical; not live availability)
official_2410,Baruipur Sub-Divisional Hospital Blood Bank,South 24 Parganas,24 Paraganas South,West Bengal,22.359212,88.4335733,Esri India Blood Bank Directory 2017 (MoHFW/data.gov.in),2026-08-19T17:39:10.719610+00:00,2017 (historical; not live availability)
official_2411,Barasat Cancer Research and Welfare Centre Blood Bank,Kolkata,Kolkata,West Bengal,22.7240431,88.4887791,Esri India Blood Bank Directory 2017 (MoHFW/data.gov.in),2026-08-19T17:39:10.719610+00:00,2017 (historical; not live availability)
official_2412,Indian Association of Blood Cancer and Allied Diseases,Kolkata,Kolkata,West Bengal,22.5718203,88.3924006,Esri India Blood Bank Directory 2017 (MoHFW/data.gov.in),2026-08-19T17:39:10.719610+00:00,2017 (historical; not live availability)
official_2413,Haldia Sub Divisional Hospital Blood Bank,Haldia,Medinipur East,West Bengal,22.0806305,88.142764,Esri India Blood Bank Directory 2017 (MoHFW/data.gov.in),2026-08-19T17:39:10.719610+00:00,2017 (historical; not live availability)
official_2414,Air Force Hospital Blood Bank,Jalpaiguri,Jalpaiguri,West Bengal,26.7044458,89.3603002,Esri India Blood Bank Directory 2017 (MoHFW/data.gov.in),2026-08-19T17:39:10.719610+00:00,2017 (historical; not live availability)
official_2415,Uluberia Sub-Divisional Hospital Blood Bank ,Uluberia,Howrah,West Bengal,22.470189,88.094533,Esri India Blood Bank Directory 2017 (MoHFW/data.gov.in),2026-08-19T17:39:10.719610+00:00,2017 (historical; not live availability)
official_2416,"St. John Ambulance Association, Cooch Berar District Centre",Cooch Behar,Cooch Behar,West Bengal,26.3227486,89.43823,Esri India Blood Bank Directory 2017 (MoHFW/data.gov.in),2026-08-19T17:39:10.719610+00:00,2017 (historical; not live availability)
official_2417,Barasat District Hospital Blood Bank,Barasat,24 Paraganas North,West Bengal,22.721578,88.492236,Esri India Blood Bank Directory 2017 (MoHFW/data.gov.in),2026-08-19T17:39:10.719610+00:00,2017 (historical; not live availability)
official_2418,Walsh Hospital  Blood Bank,Serampore,Hooghly,West Bengal,22.755211,88.346626,Esri India Blood Bank Directory 2017 (MoHFW/data.gov.in),2026-08-19T17:39:10.719610+00:00,2017 (historical; not live availability)
official_2419,Kalimpong Sub Divisional Hospital Blood Bank ,Kalimpong,Darjeeling,West Bengal,27.072148,88.472107,Esri India Blood Bank Directory 2017 (MoHFW/data.gov.in),2026-08-19T17:39:10.719610+00:00,2017 (historical; not live availability)
official_2420,B.R. Singh Hospital Blood Bank,Kolkata,Kolkata,West Bengal,22.565712,88.370758,Esri India Blood Bank Directory 2017 (MoHFW/data.gov.in),2026-08-19T17:39:10.719610+00:00,2017 (historical; not live availability)
official_2421,Institute of Child Health Blood Bank,Kolkata,Kolkata,West Bengal,22.5387081,88.3719339,Esri India Blood Bank Directory 2017 (MoHFW/data.gov.in),2026-08-19T17:39:10.719610+00:00,2017 (historical; not live availability)
official_2422,Mission of Mercy Hospital and Research Centre Blood Bank,Kolkata,Kolkata,West Bengal,22.548112,88.3600601,Esri India Blood Bank Directory 2017 (MoHFW/data.gov.in),2026-08-19T17:39:10.719610+00:00,2017 (historical; not live availability)
official_2423,Chittaranjan National Cancer Institute Blood Bank,Kolkata,Kolkata,West Bengal,22.526268,88.347256,Esri India Blood Bank Directory 2017 (MoHFW/data.gov.in),2026-08-19T17:39:10.719610+00:00,2017 (historical; not live availability)
official_2424,Nadia District Hospital Blood Bank Krishnanagar (Saktinagar),N/A,Nadia,West Bengal,23.405437,88.49109,Esri India Blood Bank Directory 2017 (MoHFW/data.gov.in),2026-08-19T17:39:10.719610+00:00,2017 (historical; not live availability)
official_2425,"Hemraj Blood Bank, Katwa S.D. Hospital",Katwa,Bardhaman,West Bengal,23.646029,88.126393,Esri India Blood Bank Directory 2017 (MoHFW/data.gov.in),2026-08-19T17:39:10.719610+00:00,2017 (historical; not live availability)
official_2426,Institute of Blood Transfusion Medicine and Immunohaematology,Kolkata,Kolkata,West Bengal,22.585192,88.375102,Esri India Blood Bank Directory 2017 (MoHFW/data.gov.in),2026-08-19T17:39:10.719610+00:00,2017 (historical; not live availability)
official_2427,Belle Vue Clinic Blood Bank,Kolkata,Kolkata,West Bengal,22.542571,88.355055,Esri India Blood Bank Directory 2017 (MoHFW/data.gov.in),2026-08-19T17:39:10.719610+00:00,2017 (historical; not live availability)
official_2428,Malda Medical College & Hospital Blood bank,Malda,Malda,West Bengal,24.99533,88.137375,Esri India Blood Bank Directory 2017 (MoHFW/data.gov.in),2026-08-19T17:39:10.719610+00:00,2017 (historical; not live availability)
official_2429,"Paul P. Harris, Siliguri Rotary Blood Bank",Siliguri,Darjeeling,West Bengal,26.7304824,88.4166094,Esri India Blood Bank Directory 2017 (MoHFW/data.gov.in),2026-08-19T17:39:10.719610+00:00,2017 (historical; not live availability)
